subject_id,subject_ja,subject_en,preset_group,subject_active,field_id,field_ja,field_en,field_sort,field_active,topic_id,topic_ja,topic_en,source,importance,recommended_order,input_type,unit,topic_active
math,数学,Math,29学問,True,math-number-calculation,数と計算,Numbers and Calculation,10,True,math-number-calculation-001,数の数え方・順序・大小,"Counting, order and comparing numbers",小学算数,2,10,check,,True
math,数学,Math,29学問,True,math-number-calculation,数と計算,Numbers and Calculation,10,True,math-number-calculation-002,十進位取り記数法,Decimal place-value system,小学算数,2,20,check,,True
math,数学,Math,29学問,True,math-number-calculation,数と計算,Numbers and Calculation,10,True,math-number-calculation-003,加法と減法,Addition and subtraction,小学算数,2,30,check,,True
math,数学,Math,29学問,True,math-number-calculation,数と計算,Numbers and Calculation,10,True,math-number-calculation-004,加法・減法の筆算,Column addition and subtraction,小学算数,2,40,check,,True
math,数学,Math,29学問,True,math-number-calculation,数と計算,Numbers and Calculation,10,True,math-number-calculation-005,乗法の意味と九九,Meaning of multiplication and times tables,小学算数,2,50,check,,True
math,数学,Math,29学問,True,math-number-calculation,数と計算,Numbers and Calculation,10,True,math-number-calculation-006,乗法の筆算,Column multiplication,小学算数,2,60,check,,True
math,数学,Math,29学問,True,math-number-calculation,数と計算,Numbers and Calculation,10,True,math-number-calculation-007,除法の意味と余り,Meaning of division and remainders,小学算数,2,70,check,,True
math,数学,Math,29学問,True,math-number-calculation,数と計算,Numbers and Calculation,10,True,math-number-calculation-008,除法の筆算,Long division,小学算数,2,80,check,,True
math,数学,Math,29学問,True,math-number-calculation,数と計算,Numbers and Calculation,10,True,math-number-calculation-009,四則演算,The four arithmetic operations,小学算数,2,90,check,,True
math,数学,Math,29学問,True,math-number-calculation,数と計算,Numbers and Calculation,10,True,math-number-calculation-010,計算のきまり（交換・結合・分配）,"Laws of arithmetic (commutative, associative, distributive)",小学算数,2,100,check,,True
math,数学,Math,29学問,True,math-number-calculation,数と計算,Numbers and Calculation,10,True,math-number-calculation-011,計算の順序と括弧,Order of operations and parentheses,小学算数,2,110,check,,True
math,数学,Math,29学問,True,math-number-calculation,数と計算,Numbers and Calculation,10,True,math-number-calculation-012,小数の意味と表し方,Meaning and notation of decimals,小学算数,2,120,check,,True
math,数学,Math,29学問,True,math-number-calculation,数と計算,Numbers and Calculation,10,True,math-number-calculation-013,小数の加法・減法,Adding and subtracting decimals,小学算数,2,130,check,,True
math,数学,Math,29学問,True,math-number-calculation,数と計算,Numbers and Calculation,10,True,math-number-calculation-014,小数の乗法・除法,Multiplying and dividing decimals,小学算数,2,140,check,,True
math,数学,Math,29学問,True,math-number-calculation,数と計算,Numbers and Calculation,10,True,math-number-calculation-015,分数の意味と大きさ,Meaning and size of fractions,小学算数,2,150,check,,True
math,数学,Math,29学問,True,math-number-calculation,数と計算,Numbers and Calculation,10,True,math-number-calculation-016,分数の同値・約分・通分,"Equivalent fractions, simplifying and common denominators",小学算数,2,160,check,,True
math,数学,Math,29学問,True,math-number-calculation,数と計算,Numbers and Calculation,10,True,math-number-calculation-017,分数の加法・減法,Adding and subtracting fractions,小学算数,2,170,check,,True
math,数学,Math,29学問,True,math-number-calculation,数と計算,Numbers and Calculation,10,True,math-number-calculation-018,分数の乗法・除法,Multiplying and dividing fractions,小学算数,2,180,check,,True
math,数学,Math,29学問,True,math-number-calculation,数と計算,Numbers and Calculation,10,True,math-number-calculation-019,概数・四捨五入・見積り,"Approximation, rounding and estimation",小学算数,2,190,check,,True
math,数学,Math,29学問,True,math-number-calculation,数と計算,Numbers and Calculation,10,True,math-number-calculation-020,正の数・負の数,Positive and negative numbers,中学数学,2,200,check,,True
math,数学,Math,29学問,True,math-number-calculation,数と計算,Numbers and Calculation,10,True,math-number-calculation-021,正負の数の四則計算,Arithmetic with positive and negative numbers,中学数学,2,210,check,,True
math,数学,Math,29学問,True,math-number-calculation,数と計算,Numbers and Calculation,10,True,math-number-calculation-022,平方根,Square roots,中学数学,2,220,check,,True
math,数学,Math,29学問,True,math-number-calculation,数と計算,Numbers and Calculation,10,True,math-number-calculation-023,根号を含む式の計算,Calculating expressions with radicals,中学数学,2,230,check,,True
math,数学,Math,29学問,True,math-number-calculation,数と計算,Numbers and Calculation,10,True,math-number-calculation-024,無理数と実数,Irrational numbers and real numbers,高校 数学I,2,240,check,,True
math,数学,Math,29学問,True,math-number-calculation,数と計算,Numbers and Calculation,10,True,math-number-calculation-025,無理数の四則計算,Arithmetic with irrational numbers,高校 数学I,2,250,check,,True
math,数学,Math,29学問,True,math-number-calculation,数と計算,Numbers and Calculation,10,True,math-number-calculation-026,有限小数と循環小数,Terminating and repeating decimals,高校 数学I,2,260,check,,True
math,数学,Math,29学問,True,math-integer-properties,整数の性質,Properties of Integers,20,True,math-integer-properties-001,偶数と奇数,Even and odd numbers,小学算数,2,10,check,,True
math,数学,Math,29学問,True,math-integer-properties,整数の性質,Properties of Integers,20,True,math-integer-properties-002,倍数と約数,Multiples and divisors,小学算数,2,20,check,,True
math,数学,Math,29学問,True,math-integer-properties,整数の性質,Properties of Integers,20,True,math-integer-properties-003,最大公約数と最小公倍数,Greatest common divisor and least common multiple,小学算数,2,30,check,,True
math,数学,Math,29学問,True,math-integer-properties,整数の性質,Properties of Integers,20,True,math-integer-properties-004,素数と素因数分解,Prime numbers and prime factorization,中学数学,2,40,check,,True
math,数学,Math,29学問,True,math-integer-properties,整数の性質,Properties of Integers,20,True,math-integer-properties-005,整数の除法と余り,Integer division and remainders,高校 数学A,2,50,check,,True
math,数学,Math,29学問,True,math-integer-properties,整数の性質,Properties of Integers,20,True,math-integer-properties-006,ユークリッドの互除法,Euclidean algorithm,高校 数学A,2,60,check,,True
math,数学,Math,29学問,True,math-integer-properties,整数の性質,Properties of Integers,20,True,math-integer-properties-007,記数法とn進法,Numeral systems and base-n notation,高校 数学A,2,70,check,,True
math,数学,Math,29学問,True,math-quantity-ratio-percent,量・比・割合,"Quantities, Ratios and Proportions",30,True,math-quantity-ratio-percent-001,長さ・重さ・時間・かさの単位,"Units of length, weight, time and volume",小学算数,2,10,check,,True
math,数学,Math,29学問,True,math-quantity-ratio-percent,量・比・割合,"Quantities, Ratios and Proportions",30,True,math-quantity-ratio-percent-002,面積の意味と単位,Meaning and units of area,小学算数,2,20,check,,True
math,数学,Math,29学問,True,math-quantity-ratio-percent,量・比・割合,"Quantities, Ratios and Proportions",30,True,math-quantity-ratio-percent-003,長方形・正方形の面積,Area of rectangles and squares,小学算数,2,30,check,,True
math,数学,Math,29学問,True,math-quantity-ratio-percent,量・比・割合,"Quantities, Ratios and Proportions",30,True,math-quantity-ratio-percent-004,三角形・四角形の面積,Area of triangles and quadrilaterals,小学算数,2,40,check,,True
math,数学,Math,29学問,True,math-quantity-ratio-percent,量・比・割合,"Quantities, Ratios and Proportions",30,True,math-quantity-ratio-percent-005,円の面積,Area of a circle,小学算数,2,50,check,,True
math,数学,Math,29学問,True,math-quantity-ratio-percent,量・比・割合,"Quantities, Ratios and Proportions",30,True,math-quantity-ratio-percent-006,体積の意味と単位,Meaning and units of volume,小学算数,2,60,check,,True
math,数学,Math,29学問,True,math-quantity-ratio-percent,量・比・割合,"Quantities, Ratios and Proportions",30,True,math-quantity-ratio-percent-007,直方体・立方体の体積,Volume of cuboids and cubes,小学算数,2,70,check,,True
math,数学,Math,29学問,True,math-quantity-ratio-percent,量・比・割合,"Quantities, Ratios and Proportions",30,True,math-quantity-ratio-percent-008,角柱・円柱の体積,Volume of prisms and cylinders,小学算数,2,80,check,,True
math,数学,Math,29学問,True,math-quantity-ratio-percent,量・比・割合,"Quantities, Ratios and Proportions",30,True,math-quantity-ratio-percent-009,単位量あたりの大きさ,Quantity per unit,小学算数,2,90,check,,True
math,数学,Math,29学問,True,math-quantity-ratio-percent,量・比・割合,"Quantities, Ratios and Proportions",30,True,math-quantity-ratio-percent-010,速さ,Speed,小学算数,2,100,check,,True
math,数学,Math,29学問,True,math-quantity-ratio-percent,量・比・割合,"Quantities, Ratios and Proportions",30,True,math-quantity-ratio-percent-011,割合と百分率,Proportions and percentages,小学算数,2,110,check,,True
math,数学,Math,29学問,True,math-quantity-ratio-percent,量・比・割合,"Quantities, Ratios and Proportions",30,True,math-quantity-ratio-percent-012,比,Ratios,小学算数,2,120,check,,True
math,数学,Math,29学問,True,math-quantity-ratio-percent,量・比・割合,"Quantities, Ratios and Proportions",30,True,math-quantity-ratio-percent-013,比例配分と比の利用,Proportional division and using ratios,小学算数,2,130,check,,True
math,数学,Math,29学問,True,math-algebraic-expressions,文字と式,Letters and Expressions,40,True,math-algebraic-expressions-001,数量を式に表す・式を読む,Writing and reading expressions for quantities,小学算数,2,10,check,,True
math,数学,Math,29学問,True,math-algebraic-expressions,文字と式,Letters and Expressions,40,True,math-algebraic-expressions-002,文字を用いた数量の表現,Expressing quantities with letters,小学算数,2,20,check,,True
math,数学,Math,29学問,True,math-algebraic-expressions,文字と式,Letters and Expressions,40,True,math-algebraic-expressions-003,文字式の表し方,Notation of algebraic expressions,中学数学,2,30,check,,True
math,数学,Math,29学問,True,math-algebraic-expressions,文字と式,Letters and Expressions,40,True,math-algebraic-expressions-004,代入と式の値,Substitution and the value of an expression,中学数学,2,40,check,,True
math,数学,Math,29学問,True,math-algebraic-expressions,文字と式,Letters and Expressions,40,True,math-algebraic-expressions-005,一次式の加法・減法,Adding and subtracting linear expressions,中学数学,2,50,check,,True
math,数学,Math,29学問,True,math-algebraic-expressions,文字と式,Letters and Expressions,40,True,math-algebraic-expressions-006,整式の加法・減法,Adding and subtracting polynomials,中学数学,2,60,check,,True
math,数学,Math,29学問,True,math-algebraic-expressions,文字と式,Letters and Expressions,40,True,math-algebraic-expressions-007,単項式の乗法・除法,Multiplying and dividing monomials,中学数学,2,70,check,,True
math,数学,Math,29学問,True,math-algebraic-expressions,文字と式,Letters and Expressions,40,True,math-algebraic-expressions-008,文字式による数量関係の説明,Explaining quantitative relations with algebra,中学数学,2,80,check,,True
math,数学,Math,29学問,True,math-algebraic-expressions,文字と式,Letters and Expressions,40,True,math-algebraic-expressions-009,多項式の乗法,Multiplying polynomials,中学数学,2,90,check,,True
math,数学,Math,29学問,True,math-algebraic-expressions,文字と式,Letters and Expressions,40,True,math-algebraic-expressions-010,因数分解,Factorization,中学数学,2,100,check,,True
math,数学,Math,29学問,True,math-algebraic-expressions,文字と式,Letters and Expressions,40,True,math-algebraic-expressions-011,二次の展開公式・因数分解公式,Quadratic expansion and factorization formulas,高校 数学I・II,2,110,check,,True
math,数学,Math,29学問,True,math-algebraic-expressions,文字と式,Letters and Expressions,40,True,math-algebraic-expressions-012,三次の展開公式・因数分解公式,Cubic expansion and factorization formulas,高校 数学I・II,2,120,check,,True
math,数学,Math,29学問,True,math-algebraic-expressions,文字と式,Letters and Expressions,40,True,math-algebraic-expressions-013,多項式の除法,Polynomial division,高校 数学I・II,2,130,check,,True
math,数学,Math,29学問,True,math-algebraic-expressions,文字と式,Letters and Expressions,40,True,math-algebraic-expressions-014,分数式の四則計算,Arithmetic with rational expressions,高校 数学I・II,2,140,check,,True
math,数学,Math,29学問,True,math-algebraic-expressions,文字と式,Letters and Expressions,40,True,math-algebraic-expressions-015,二項定理,Binomial theorem,高校 数学I・II,2,150,check,,True
math,数学,Math,29学問,True,math-equations-inequalities,方程式・不等式,Equations and Inequalities,50,True,math-equations-inequalities-001,等式と不等式,Equalities and inequalities,小学算数・中学数学,2,10,check,,True
math,数学,Math,29学問,True,math-equations-inequalities,方程式・不等式,Equations and Inequalities,50,True,math-equations-inequalities-002,一元一次方程式,Linear equations in one variable,小学算数・中学数学,2,20,check,,True
math,数学,Math,29学問,True,math-equations-inequalities,方程式・不等式,Equations and Inequalities,50,True,math-equations-inequalities-003,比例式,Proportions (ratio equations),小学算数・中学数学,2,30,check,,True
math,数学,Math,29学問,True,math-equations-inequalities,方程式・不等式,Equations and Inequalities,50,True,math-equations-inequalities-004,二元一次方程式,Linear equations in two variables,小学算数・中学数学,2,40,check,,True
math,数学,Math,29学問,True,math-equations-inequalities,方程式・不等式,Equations and Inequalities,50,True,math-equations-inequalities-005,連立二元一次方程式,Simultaneous linear equations,小学算数・中学数学,2,50,check,,True
math,数学,Math,29学問,True,math-equations-inequalities,方程式・不等式,Equations and Inequalities,50,True,math-equations-inequalities-006,二次方程式,Quadratic equations,小学算数・中学数学,2,60,check,,True
math,数学,Math,29学問,True,math-equations-inequalities,方程式・不等式,Equations and Inequalities,50,True,math-equations-inequalities-007,二次方程式の解の公式,Quadratic formula,小学算数・中学数学,2,70,check,,True
math,数学,Math,29学問,True,math-equations-inequalities,方程式・不等式,Equations and Inequalities,50,True,math-equations-inequalities-008,一次不等式,Linear inequalities,高校 数学I・II,2,80,check,,True
math,数学,Math,29学問,True,math-equations-inequalities,方程式・不等式,Equations and Inequalities,50,True,math-equations-inequalities-009,二次不等式,Quadratic inequalities,高校 数学I・II,2,90,check,,True
math,数学,Math,29学問,True,math-equations-inequalities,方程式・不等式,Equations and Inequalities,50,True,math-equations-inequalities-010,複素数,Complex numbers,高校 数学I・II,2,100,check,,True
math,数学,Math,29学問,True,math-equations-inequalities,方程式・不等式,Equations and Inequalities,50,True,math-equations-inequalities-011,複素数の四則計算,Arithmetic with complex numbers,高校 数学I・II,2,110,check,,True
math,数学,Math,29学問,True,math-equations-inequalities,方程式・不等式,Equations and Inequalities,50,True,math-equations-inequalities-012,二次方程式の判別式,Discriminant of a quadratic equation,高校 数学I・II,2,120,check,,True
math,数学,Math,29学問,True,math-equations-inequalities,方程式・不等式,Equations and Inequalities,50,True,math-equations-inequalities-013,解と係数の関係,Relations between roots and coefficients,高校 数学I・II,2,130,check,,True
math,数学,Math,29学問,True,math-equations-inequalities,方程式・不等式,Equations and Inequalities,50,True,math-equations-inequalities-014,因数定理,Factor theorem,高校 数学I・II,2,140,check,,True
math,数学,Math,29学問,True,math-equations-inequalities,方程式・不等式,Equations and Inequalities,50,True,math-equations-inequalities-015,高次方程式,Higher-degree equations,高校 数学I・II,2,150,check,,True
math,数学,Math,29学問,True,math-functions,関数,Functions,60,True,math-functions-001,伴って変わる二つの数量,Two quantities that change together,小学算数・中学数学,2,10,check,,True
math,数学,Math,29学問,True,math-functions,関数,Functions,60,True,math-functions-002,表・式・グラフで表す関係,"Relations shown by tables, formulas and graphs",小学算数・中学数学,2,20,check,,True
math,数学,Math,29学問,True,math-functions,関数,Functions,60,True,math-functions-003,比例,Direct proportion,小学算数・中学数学,2,30,check,,True
math,数学,Math,29学問,True,math-functions,関数,Functions,60,True,math-functions-004,反比例,Inverse proportion,小学算数・中学数学,2,40,check,,True
math,数学,Math,29学問,True,math-functions,関数,Functions,60,True,math-functions-005,座標,Coordinates,小学算数・中学数学,2,50,check,,True
math,数学,Math,29学問,True,math-functions,関数,Functions,60,True,math-functions-006,一次関数,Linear functions,小学算数・中学数学,2,60,check,,True
math,数学,Math,29学問,True,math-functions,関数,Functions,60,True,math-functions-007,一次関数の変化の割合,Rate of change of linear functions,小学算数・中学数学,2,70,check,,True
math,数学,Math,29学問,True,math-functions,関数,Functions,60,True,math-functions-008,関数 y=ax²,The function y = ax²,小学算数・中学数学,2,80,check,,True
math,数学,Math,29学問,True,math-functions,関数,Functions,60,True,math-functions-009,関数という考え方,The idea of a function,高校 数学I・III,2,90,check,,True
math,数学,Math,29学問,True,math-functions,関数,Functions,60,True,math-functions-010,二次関数とグラフ,Quadratic functions and their graphs,高校 数学I・III,2,100,check,,True
math,数学,Math,29学問,True,math-functions,関数,Functions,60,True,math-functions-011,二次関数の最大・最小,Maximum and minimum of quadratic functions,高校 数学I・III,2,110,check,,True
math,数学,Math,29学問,True,math-functions,関数,Functions,60,True,math-functions-012,二次関数と方程式・不等式,"Quadratic functions, equations and inequalities",高校 数学I・III,2,120,check,,True
math,数学,Math,29学問,True,math-functions,関数,Functions,60,True,math-functions-013,分数関数,Rational functions,高校 数学I・III,2,130,check,,True
math,数学,Math,29学問,True,math-functions,関数,Functions,60,True,math-functions-014,無理関数,Irrational (radical) functions,高校 数学I・III,2,140,check,,True
math,数学,Math,29学問,True,math-functions,関数,Functions,60,True,math-functions-015,合成関数,Composite functions,高校 数学I・III,2,150,check,,True
math,数学,Math,29学問,True,math-functions,関数,Functions,60,True,math-functions-016,逆関数,Inverse functions,高校 数学I・III,2,160,check,,True
math,数学,Math,29学問,True,math-geometry,図形,Geometry,70,True,math-geometry-001,点・直線・線分・角,"Points, lines, segments and angles",小学算数,2,10,check,,True
math,数学,Math,29学問,True,math-geometry,図形,Geometry,70,True,math-geometry-002,平行と垂直,Parallel and perpendicular lines,小学算数,2,20,check,,True
math,数学,Math,29学問,True,math-geometry,図形,Geometry,70,True,math-geometry-003,三角形・四角形・多角形,"Triangles, quadrilaterals and polygons",小学算数,2,30,check,,True
math,数学,Math,29学問,True,math-geometry,図形,Geometry,70,True,math-geometry-004,円と円周率,Circles and pi,小学算数,2,40,check,,True
math,数学,Math,29学問,True,math-geometry,図形,Geometry,70,True,math-geometry-005,図形の対称,Symmetry of figures,小学算数,2,50,check,,True
math,数学,Math,29学問,True,math-geometry,図形,Geometry,70,True,math-geometry-006,合同な図形,Congruent figures,小学算数,2,60,check,,True
math,数学,Math,29学問,True,math-geometry,図形,Geometry,70,True,math-geometry-007,拡大図・縮図,Enlargements and reductions,小学算数,2,70,check,,True
math,数学,Math,29学問,True,math-geometry,図形,Geometry,70,True,math-geometry-008,立体図形の見方,Viewing solid figures,小学算数,2,80,check,,True
math,数学,Math,29学問,True,math-geometry,図形,Geometry,70,True,math-geometry-009,基本的な作図,Basic geometric constructions,中学数学,2,90,check,,True
math,数学,Math,29学問,True,math-geometry,図形,Geometry,70,True,math-geometry-010,図形の移動,Transformations of figures,中学数学,2,100,check,,True
math,数学,Math,29学問,True,math-geometry,図形,Geometry,70,True,math-geometry-011,直線と平面の位置関係,Relative positions of lines and planes,中学数学,2,110,check,,True
math,数学,Math,29学問,True,math-geometry,図形,Geometry,70,True,math-geometry-012,見取図・展開図・投影図,"Sketches, nets and projections",中学数学,2,120,check,,True
math,数学,Math,29学問,True,math-geometry,図形,Geometry,70,True,math-geometry-013,平行線と角,Parallel lines and angles,中学数学,2,130,check,,True
math,数学,Math,29学問,True,math-geometry,図形,Geometry,70,True,math-geometry-014,多角形の内角・外角,Interior and exterior angles of polygons,中学数学,2,140,check,,True
math,数学,Math,29学問,True,math-geometry,図形,Geometry,70,True,math-geometry-015,三角形の合同条件,Triangle congruence conditions,中学数学,2,150,check,,True
math,数学,Math,29学問,True,math-geometry,図形,Geometry,70,True,math-geometry-016,証明の考え方,The idea of proof,中学数学,2,160,check,,True
math,数学,Math,29学問,True,math-geometry,図形,Geometry,70,True,math-geometry-017,三角形の性質,Properties of triangles,中学数学,2,170,check,,True
math,数学,Math,29学問,True,math-geometry,図形,Geometry,70,True,math-geometry-018,平行四辺形の性質,Properties of parallelograms,中学数学,2,180,check,,True
math,数学,Math,29学問,True,math-geometry,図形,Geometry,70,True,math-geometry-019,図形の相似,Similar figures,中学数学,2,190,check,,True
math,数学,Math,29学問,True,math-geometry,図形,Geometry,70,True,math-geometry-020,三角形の相似条件,Triangle similarity conditions,中学数学,2,200,check,,True
math,数学,Math,29学問,True,math-geometry,図形,Geometry,70,True,math-geometry-021,相似比・面積比・体積比,"Similarity, area and volume ratios",中学数学,2,210,check,,True
math,数学,Math,29学問,True,math-geometry,図形,Geometry,70,True,math-geometry-022,円周角と中心角,Inscribed angles and central angles,中学数学,2,220,check,,True
math,数学,Math,29学問,True,math-geometry,図形,Geometry,70,True,math-geometry-023,三平方の定理,Pythagorean theorem,中学数学,2,230,check,,True
math,数学,Math,29学問,True,math-geometry,図形,Geometry,70,True,math-geometry-024,三角形の辺と角の関係,Relations between sides and angles of a triangle,高校 数学A,2,240,check,,True
math,数学,Math,29学問,True,math-geometry,図形,Geometry,70,True,math-geometry-025,三角形の内分線・外分線,Internal and external angle bisectors of a triangle,高校 数学A,2,250,check,,True
math,数学,Math,29学問,True,math-geometry,図形,Geometry,70,True,math-geometry-026,三角形の重心・内心・外心,"Centroid, incenter and circumcenter of a triangle",高校 数学A,2,260,check,,True
math,数学,Math,29学問,True,math-geometry,図形,Geometry,70,True,math-geometry-027,三角形の比と定理（チェバ・メネラウス）,Ratio theorems in triangles (Ceva and Menelaus),高校 数学A,2,270,check,,True
math,数学,Math,29学問,True,math-geometry,図形,Geometry,70,True,math-geometry-028,円に内接する四角形,Cyclic quadrilaterals,高校 数学A,2,280,check,,True
math,数学,Math,29学問,True,math-geometry,図形,Geometry,70,True,math-geometry-029,円の接線,Tangents to a circle,高校 数学A,2,290,check,,True
math,数学,Math,29学問,True,math-geometry,図形,Geometry,70,True,math-geometry-030,方べきの定理,Power of a point theorem,高校 数学A,2,300,check,,True
math,数学,Math,29学問,True,math-geometry,図形,Geometry,70,True,math-geometry-031,二つの円の位置関係,Relative positions of two circles,高校 数学A,2,310,check,,True
math,数学,Math,29学問,True,math-geometry,図形,Geometry,70,True,math-geometry-032,空間図形の性質,Properties of solid figures,高校 数学A,2,320,check,,True
math,数学,Math,29学問,True,math-trigonometry,三角比・三角関数,Trigonometric Ratios and Functions,80,True,math-trigonometry-001,正弦・余弦・正接,"Sine, cosine and tangent",高校 数学I,2,10,check,,True
math,数学,Math,29学問,True,math-trigonometry,三角比・三角関数,Trigonometric Ratios and Functions,80,True,math-trigonometry-002,三角比の相互関係,Relations between trigonometric ratios,高校 数学I,2,20,check,,True
math,数学,Math,29学問,True,math-trigonometry,三角比・三角関数,Trigonometric Ratios and Functions,80,True,math-trigonometry-003,三角比の鈍角への拡張,Extending trigonometric ratios to obtuse angles,高校 数学I,2,30,check,,True
math,数学,Math,29学問,True,math-trigonometry,三角比・三角関数,Trigonometric Ratios and Functions,80,True,math-trigonometry-004,正弦定理,Law of sines,高校 数学I,2,40,check,,True
math,数学,Math,29学問,True,math-trigonometry,三角比・三角関数,Trigonometric Ratios and Functions,80,True,math-trigonometry-005,余弦定理,Law of cosines,高校 数学I,2,50,check,,True
math,数学,Math,29学問,True,math-trigonometry,三角比・三角関数,Trigonometric Ratios and Functions,80,True,math-trigonometry-006,三角比による図形の計量,Measuring figures with trigonometry,高校 数学I,2,60,check,,True
math,数学,Math,29学問,True,math-trigonometry,三角比・三角関数,Trigonometric Ratios and Functions,80,True,math-trigonometry-007,三角形の面積と三角比,Area of a triangle with trigonometry,高校 数学I,2,70,check,,True
math,数学,Math,29学問,True,math-trigonometry,三角比・三角関数,Trigonometric Ratios and Functions,80,True,math-trigonometry-008,一般角と弧度法,General angles and radian measure,高校 数学II,2,80,check,,True
math,数学,Math,29学問,True,math-trigonometry,三角比・三角関数,Trigonometric Ratios and Functions,80,True,math-trigonometry-009,三角関数,Trigonometric functions,高校 数学II,2,90,check,,True
math,数学,Math,29学問,True,math-trigonometry,三角比・三角関数,Trigonometric Ratios and Functions,80,True,math-trigonometry-010,三角関数のグラフと周期,Graphs and periods of trigonometric functions,高校 数学II,2,100,check,,True
math,数学,Math,29学問,True,math-trigonometry,三角比・三角関数,Trigonometric Ratios and Functions,80,True,math-trigonometry-011,三角関数の基本関係,Basic trigonometric identities,高校 数学II,2,110,check,,True
math,数学,Math,29学問,True,math-trigonometry,三角比・三角関数,Trigonometric Ratios and Functions,80,True,math-trigonometry-012,三角関数の加法定理,Trigonometric addition formulas,高校 数学II,2,120,check,,True
math,数学,Math,29学問,True,math-trigonometry,三角比・三角関数,Trigonometric Ratios and Functions,80,True,math-trigonometry-013,倍角・半角の公式,Double-angle and half-angle formulas,高校 数学II,2,130,check,,True
math,数学,Math,29学問,True,math-trigonometry,三角比・三角関数,Trigonometric Ratios and Functions,80,True,math-trigonometry-014,三角方程式・三角不等式,Trigonometric equations and inequalities,高校 数学II,2,140,check,,True
math,数学,Math,29学問,True,math-analytic-geometry,図形と方程式,Coordinate Geometry,90,True,math-analytic-geometry-001,平面上の点と距離,Points and distance in the plane,高校 数学II,2,10,check,,True
math,数学,Math,29学問,True,math-analytic-geometry,図形と方程式,Coordinate Geometry,90,True,math-analytic-geometry-002,線分の内分点・外分点,Internal and external division points of a segment,高校 数学II,2,20,check,,True
math,数学,Math,29学問,True,math-analytic-geometry,図形と方程式,Coordinate Geometry,90,True,math-analytic-geometry-003,直線の方程式,Equations of lines,高校 数学II,2,30,check,,True
math,数学,Math,29学問,True,math-analytic-geometry,図形と方程式,Coordinate Geometry,90,True,math-analytic-geometry-004,二直線の関係,Relations between two lines,高校 数学II,2,40,check,,True
math,数学,Math,29学問,True,math-analytic-geometry,図形と方程式,Coordinate Geometry,90,True,math-analytic-geometry-005,円の方程式,Equations of circles,高校 数学II,2,50,check,,True
math,数学,Math,29学問,True,math-analytic-geometry,図形と方程式,Coordinate Geometry,90,True,math-analytic-geometry-006,円と直線の位置関係,Relative positions of a circle and a line,高校 数学II,2,60,check,,True
math,数学,Math,29学問,True,math-analytic-geometry,図形と方程式,Coordinate Geometry,90,True,math-analytic-geometry-007,軌跡,Loci,高校 数学II,2,70,check,,True
math,数学,Math,29学問,True,math-analytic-geometry,図形と方程式,Coordinate Geometry,90,True,math-analytic-geometry-008,不等式の表す領域,Regions defined by inequalities,高校 数学II,2,80,check,,True
math,数学,Math,29学問,True,math-exponential-logarithm,指数・対数,Exponents and Logarithms,100,True,math-exponential-logarithm-001,指数法則と指数の拡張,Laws of exponents and extending exponents,高校 数学II,2,10,check,,True
math,数学,Math,29学問,True,math-exponential-logarithm,指数・対数,Exponents and Logarithms,100,True,math-exponential-logarithm-002,累乗根,nth roots,高校 数学II,2,20,check,,True
math,数学,Math,29学問,True,math-exponential-logarithm,指数・対数,Exponents and Logarithms,100,True,math-exponential-logarithm-003,指数関数,Exponential functions,高校 数学II,2,30,check,,True
math,数学,Math,29学問,True,math-exponential-logarithm,指数・対数,Exponents and Logarithms,100,True,math-exponential-logarithm-004,指数関数のグラフ,Graphs of exponential functions,高校 数学II,2,40,check,,True
math,数学,Math,29学問,True,math-exponential-logarithm,指数・対数,Exponents and Logarithms,100,True,math-exponential-logarithm-005,対数の意味,Meaning of logarithms,高校 数学II,2,50,check,,True
math,数学,Math,29学問,True,math-exponential-logarithm,指数・対数,Exponents and Logarithms,100,True,math-exponential-logarithm-006,対数の性質と計算,Properties and calculation of logarithms,高校 数学II,2,60,check,,True
math,数学,Math,29学問,True,math-exponential-logarithm,指数・対数,Exponents and Logarithms,100,True,math-exponential-logarithm-007,対数関数,Logarithmic functions,高校 数学II,2,70,check,,True
math,数学,Math,29学問,True,math-exponential-logarithm,指数・対数,Exponents and Logarithms,100,True,math-exponential-logarithm-008,対数関数のグラフ,Graphs of logarithmic functions,高校 数学II,2,80,check,,True
math,数学,Math,29学問,True,math-exponential-logarithm,指数・対数,Exponents and Logarithms,100,True,math-exponential-logarithm-009,常用対数,Common logarithms,高校 数学II,2,90,check,,True
math,数学,Math,29学問,True,math-exponential-logarithm,指数・対数,Exponents and Logarithms,100,True,math-exponential-logarithm-010,指数・対数方程式と不等式,Exponential and logarithmic equations and inequalities,高校 数学II,2,100,check,,True
math,数学,Math,29学問,True,math-counting-probability,場合の数・確率,Counting and Probability,110,True,math-counting-probability-001,起こり得る場合の整理,Organizing possible cases,小学算数・中学数学,2,10,check,,True
math,数学,Math,29学問,True,math-counting-probability,場合の数・確率,Counting and Probability,110,True,math-counting-probability-002,樹形図による場合分け,Case analysis with tree diagrams,小学算数・中学数学,2,20,check,,True
math,数学,Math,29学問,True,math-counting-probability,場合の数・確率,Counting and Probability,110,True,math-counting-probability-003,確率の意味,Meaning of probability,小学算数・中学数学,2,30,check,,True
math,数学,Math,29学問,True,math-counting-probability,場合の数・確率,Counting and Probability,110,True,math-counting-probability-004,相対度数と確率,Relative frequency and probability,小学算数・中学数学,2,40,check,,True
math,数学,Math,29学問,True,math-counting-probability,場合の数・確率,Counting and Probability,110,True,math-counting-probability-005,数え上げの原則,Principles of counting,高校 数学A,2,50,check,,True
math,数学,Math,29学問,True,math-counting-probability,場合の数・確率,Counting and Probability,110,True,math-counting-probability-006,順列,Permutations,高校 数学A,2,60,check,,True
math,数学,Math,29学問,True,math-counting-probability,場合の数・確率,Counting and Probability,110,True,math-counting-probability-007,組合せ,Combinations,高校 数学A,2,70,check,,True
math,数学,Math,29学問,True,math-counting-probability,場合の数・確率,Counting and Probability,110,True,math-counting-probability-008,確率の基本法則,Basic laws of probability,高校 数学A,2,80,check,,True
math,数学,Math,29学問,True,math-counting-probability,場合の数・確率,Counting and Probability,110,True,math-counting-probability-009,余事象・排反事象,Complementary and mutually exclusive events,高校 数学A,2,90,check,,True
math,数学,Math,29学問,True,math-counting-probability,場合の数・確率,Counting and Probability,110,True,math-counting-probability-010,独立な試行と反復試行,Independent and repeated trials,高校 数学A,2,100,check,,True
math,数学,Math,29学問,True,math-counting-probability,場合の数・確率,Counting and Probability,110,True,math-counting-probability-011,条件付き確率,Conditional probability,高校 数学A,2,110,check,,True
math,数学,Math,29学問,True,math-counting-probability,場合の数・確率,Counting and Probability,110,True,math-counting-probability-012,期待値,Expected value,高校 数学A,2,120,check,,True
math,数学,Math,29学問,True,math-data-statistics,データ・統計,Data and Statistics,120,True,math-data-statistics-001,データの分類と表,Classifying data and tables,小学算数,2,10,check,,True
math,数学,Math,29学問,True,math-data-statistics,データ・統計,Data and Statistics,120,True,math-data-statistics-002,絵・棒グラフ,Pictographs and bar graphs,小学算数,2,20,check,,True
math,数学,Math,29学問,True,math-data-statistics,データ・統計,Data and Statistics,120,True,math-data-statistics-003,折れ線グラフ,Line graphs,小学算数,2,30,check,,True
math,数学,Math,29学問,True,math-data-statistics,データ・統計,Data and Statistics,120,True,math-data-statistics-004,円グラフ・帯グラフ,Pie charts and strip graphs,小学算数,2,40,check,,True
math,数学,Math,29学問,True,math-data-statistics,データ・統計,Data and Statistics,120,True,math-data-statistics-005,平均,Mean,小学算数,2,50,check,,True
math,数学,Math,29学問,True,math-data-statistics,データ・統計,Data and Statistics,120,True,math-data-statistics-006,代表値の考え方,The idea of representative values,小学算数,2,60,check,,True
math,数学,Math,29学問,True,math-data-statistics,データ・統計,Data and Statistics,120,True,math-data-statistics-007,度数分布表,Frequency distribution tables,中学数学,2,70,check,,True
math,数学,Math,29学問,True,math-data-statistics,データ・統計,Data and Statistics,120,True,math-data-statistics-008,ヒストグラム,Histograms,中学数学,2,80,check,,True
math,数学,Math,29学問,True,math-data-statistics,データ・統計,Data and Statistics,120,True,math-data-statistics-009,相対度数,Relative frequency,中学数学,2,90,check,,True
math,数学,Math,29学問,True,math-data-statistics,データ・統計,Data and Statistics,120,True,math-data-statistics-010,中央値・最頻値・範囲,"Median, mode and range",中学数学,2,100,check,,True
math,数学,Math,29学問,True,math-data-statistics,データ・統計,Data and Statistics,120,True,math-data-statistics-011,四分位数・四分位範囲,Quartiles and interquartile range,中学数学,2,110,check,,True
math,数学,Math,29学問,True,math-data-statistics,データ・統計,Data and Statistics,120,True,math-data-statistics-012,箱ひげ図,Box plots,中学数学,2,120,check,,True
math,数学,Math,29学問,True,math-data-statistics,データ・統計,Data and Statistics,120,True,math-data-statistics-013,標本調査,Sample surveys,中学数学,2,130,check,,True
math,数学,Math,29学問,True,math-data-statistics,データ・統計,Data and Statistics,120,True,math-data-statistics-014,分散,Variance,高校 数学I,2,140,check,,True
math,数学,Math,29学問,True,math-data-statistics,データ・統計,Data and Statistics,120,True,math-data-statistics-015,標準偏差,Standard deviation,高校 数学I,2,150,check,,True
math,数学,Math,29学問,True,math-data-statistics,データ・統計,Data and Statistics,120,True,math-data-statistics-016,散布図,Scatter plots,高校 数学I,2,160,check,,True
math,数学,Math,29学問,True,math-data-statistics,データ・統計,Data and Statistics,120,True,math-data-statistics-017,相関係数,Correlation coefficient,高校 数学I,2,170,check,,True
math,数学,Math,29学問,True,math-data-statistics,データ・統計,Data and Statistics,120,True,math-data-statistics-018,外れ値,Outliers,高校 数学I,2,180,check,,True
math,数学,Math,29学問,True,math-data-statistics,データ・統計,Data and Statistics,120,True,math-data-statistics-019,仮説検定の考え方,The idea of hypothesis testing,高校 数学I,2,190,check,,True
math,数学,Math,29学問,True,math-data-statistics,データ・統計,Data and Statistics,120,True,math-data-statistics-020,確率変数と確率分布,Random variables and probability distributions,高校 数学B,2,200,check,,True
math,数学,Math,29学問,True,math-data-statistics,データ・統計,Data and Statistics,120,True,math-data-statistics-021,確率変数の平均・分散・標準偏差,"Mean, variance and standard deviation of random variables",高校 数学B,2,210,check,,True
math,数学,Math,29学問,True,math-data-statistics,データ・統計,Data and Statistics,120,True,math-data-statistics-022,二項分布,Binomial distribution,高校 数学B,2,220,check,,True
math,数学,Math,29学問,True,math-data-statistics,データ・統計,Data and Statistics,120,True,math-data-statistics-023,連続型確率変数,Continuous random variables,高校 数学B,2,230,check,,True
math,数学,Math,29学問,True,math-data-statistics,データ・統計,Data and Statistics,120,True,math-data-statistics-024,正規分布,Normal distribution,高校 数学B,2,240,check,,True
math,数学,Math,29学問,True,math-data-statistics,データ・統計,Data and Statistics,120,True,math-data-statistics-025,母集団と標本,Population and sample,高校 数学B,2,250,check,,True
math,数学,Math,29学問,True,math-data-statistics,データ・統計,Data and Statistics,120,True,math-data-statistics-026,無作為抽出,Random sampling,高校 数学B,2,260,check,,True
math,数学,Math,29学問,True,math-data-statistics,データ・統計,Data and Statistics,120,True,math-data-statistics-027,標本分布,Sampling distributions,高校 数学B,2,270,check,,True
math,数学,Math,29学問,True,math-data-statistics,データ・統計,Data and Statistics,120,True,math-data-statistics-028,母平均の推定,Estimating the population mean,高校 数学B,2,280,check,,True
math,数学,Math,29学問,True,math-data-statistics,データ・統計,Data and Statistics,120,True,math-data-statistics-029,区間推定,Interval estimation,高校 数学B,2,290,check,,True
math,数学,Math,29学問,True,math-data-statistics,データ・統計,Data and Statistics,120,True,math-data-statistics-030,仮説検定,Hypothesis testing,高校 数学B,2,300,check,,True
math,数学,Math,29学問,True,math-sequences,数列,Sequences,130,True,math-sequences-001,数列と一般項,Sequences and general terms,高校 数学B,2,10,check,,True
math,数学,Math,29学問,True,math-sequences,数列,Sequences,130,True,math-sequences-002,等差数列,Arithmetic sequences,高校 数学B,2,20,check,,True
math,数学,Math,29学問,True,math-sequences,数列,Sequences,130,True,math-sequences-003,等比数列,Geometric sequences,高校 数学B,2,30,check,,True
math,数学,Math,29学問,True,math-sequences,数列,Sequences,130,True,math-sequences-004,Σと数列の和,Sigma notation and sums of sequences,高校 数学B,2,40,check,,True
math,数学,Math,29学問,True,math-sequences,数列,Sequences,130,True,math-sequences-005,いろいろな数列の和,Sums of various sequences,高校 数学B,2,50,check,,True
math,数学,Math,29学問,True,math-sequences,数列,Sequences,130,True,math-sequences-006,漸化式,Recurrence relations,高校 数学B,2,60,check,,True
math,数学,Math,29学問,True,math-sequences,数列,Sequences,130,True,math-sequences-007,数学的帰納法,Mathematical induction,高校 数学B,2,70,check,,True
math,数学,Math,29学問,True,math-vectors,ベクトル,Vectors,140,True,math-vectors-001,ベクトルとは何か,What is a vector?,高校 数学C,2,10,check,,True
math,数学,Math,29学問,True,math-vectors,ベクトル,Vectors,140,True,math-vectors-002,ベクトルの加法・減法・実数倍,"Adding, subtracting and scaling vectors",高校 数学C,2,20,check,,True
math,数学,Math,29学問,True,math-vectors,ベクトル,Vectors,140,True,math-vectors-003,ベクトルの成分表示,Vector components,高校 数学C,2,30,check,,True
math,数学,Math,29学問,True,math-vectors,ベクトル,Vectors,140,True,math-vectors-004,ベクトルの内積,Dot product,高校 数学C,2,40,check,,True
math,数学,Math,29学問,True,math-vectors,ベクトル,Vectors,140,True,math-vectors-005,位置ベクトル,Position vectors,高校 数学C,2,50,check,,True
math,数学,Math,29学問,True,math-vectors,ベクトル,Vectors,140,True,math-vectors-006,ベクトルによる平面図形の表現,Plane figures with vectors,高校 数学C,2,60,check,,True
math,数学,Math,29学問,True,math-vectors,ベクトル,Vectors,140,True,math-vectors-007,空間座標,Coordinates in space,高校 数学C,2,70,check,,True
math,数学,Math,29学問,True,math-vectors,ベクトル,Vectors,140,True,math-vectors-008,空間ベクトル,Vectors in space,高校 数学C,2,80,check,,True
math,数学,Math,29学問,True,math-vectors,ベクトル,Vectors,140,True,math-vectors-009,ベクトルによる空間図形の表現,Solid figures with vectors,高校 数学C,2,90,check,,True
math,数学,Math,29学問,True,math-complex-plane-curves,複素数平面・曲線,Complex Plane and Curves,150,True,math-complex-plane-curves-001,複素数平面,The complex plane,高校 数学C,2,10,check,,True
math,数学,Math,29学問,True,math-complex-plane-curves,複素数平面・曲線,Complex Plane and Curves,150,True,math-complex-plane-curves-002,複素数の極形式,Polar form of complex numbers,高校 数学C,2,20,check,,True
math,数学,Math,29学問,True,math-complex-plane-curves,複素数平面・曲線,Complex Plane and Curves,150,True,math-complex-plane-curves-003,複素数の乗除と図形的意味,Multiplying and dividing complex numbers geometrically,高校 数学C,2,30,check,,True
math,数学,Math,29学問,True,math-complex-plane-curves,複素数平面・曲線,Complex Plane and Curves,150,True,math-complex-plane-curves-004,ド・モアブルの定理,De Moivre's theorem,高校 数学C,2,40,check,,True
math,数学,Math,29学問,True,math-complex-plane-curves,複素数平面・曲線,Complex Plane and Curves,150,True,math-complex-plane-curves-005,放物線,Parabolas,高校 数学C,2,50,check,,True
math,数学,Math,29学問,True,math-complex-plane-curves,複素数平面・曲線,Complex Plane and Curves,150,True,math-complex-plane-curves-006,楕円,Ellipses,高校 数学C,2,60,check,,True
math,数学,Math,29学問,True,math-complex-plane-curves,複素数平面・曲線,Complex Plane and Curves,150,True,math-complex-plane-curves-007,双曲線,Hyperbolas,高校 数学C,2,70,check,,True
math,数学,Math,29学問,True,math-complex-plane-curves,複素数平面・曲線,Complex Plane and Curves,150,True,math-complex-plane-curves-008,媒介変数表示,Parametric equations,高校 数学C,2,80,check,,True
math,数学,Math,29学問,True,math-complex-plane-curves,複素数平面・曲線,Complex Plane and Curves,150,True,math-complex-plane-curves-009,極座標,Polar coordinates,高校 数学C,2,90,check,,True
math,数学,Math,29学問,True,math-complex-plane-curves,複素数平面・曲線,Complex Plane and Curves,150,True,math-complex-plane-curves-010,極方程式,Polar equations,高校 数学C,2,100,check,,True
math,数学,Math,29学問,True,math-limits,極限,Limits,160,True,math-limits-001,数列の極限,Limits of sequences,高校 数学III,2,10,check,,True
math,数学,Math,29学問,True,math-limits,極限,Limits,160,True,math-limits-002,無限等比数列・無限等比級数,Infinite geometric sequences and series,高校 数学III,2,20,check,,True
math,数学,Math,29学問,True,math-limits,極限,Limits,160,True,math-limits-003,関数の極限,Limits of functions,高校 数学III,2,30,check,,True
math,数学,Math,29学問,True,math-limits,極限,Limits,160,True,math-limits-004,無限大での関数の振る舞い,Behavior of functions at infinity,高校 数学III,2,40,check,,True
math,数学,Math,29学問,True,math-limits,極限,Limits,160,True,math-limits-005,関数の連続性,Continuity of functions,高校 数学III,2,50,check,,True
math,数学,Math,29学問,True,math-differentiation,微分,Differentiation,170,True,math-differentiation-001,平均変化率,Average rate of change,高校 数学II,2,10,check,,True
math,数学,Math,29学問,True,math-differentiation,微分,Differentiation,170,True,math-differentiation-002,微分係数と接線,Derivative at a point and tangent lines,高校 数学II,2,20,check,,True
math,数学,Math,29学問,True,math-differentiation,微分,Differentiation,170,True,math-differentiation-003,導関数,Derivative functions,高校 数学II,2,30,check,,True
math,数学,Math,29学問,True,math-differentiation,微分,Differentiation,170,True,math-differentiation-004,多項式関数の微分,Differentiating polynomial functions,高校 数学II,2,40,check,,True
math,数学,Math,29学問,True,math-differentiation,微分,Differentiation,170,True,math-differentiation-005,導関数と増減,Derivatives and increase/decrease,高校 数学II,2,50,check,,True
math,数学,Math,29学問,True,math-differentiation,微分,Differentiation,170,True,math-differentiation-006,極大・極小,Local maxima and minima,高校 数学II,2,60,check,,True
math,数学,Math,29学問,True,math-differentiation,微分,Differentiation,170,True,math-differentiation-007,微分によるグラフの考察,Studying graphs with derivatives,高校 数学II,2,70,check,,True
math,数学,Math,29学問,True,math-differentiation,微分,Differentiation,170,True,math-differentiation-008,積・商の微分,Product and quotient rules,高校 数学III,2,80,check,,True
math,数学,Math,29学問,True,math-differentiation,微分,Differentiation,170,True,math-differentiation-009,合成関数の微分,Chain rule,高校 数学III,2,90,check,,True
math,数学,Math,29学問,True,math-differentiation,微分,Differentiation,170,True,math-differentiation-010,逆関数の微分,Derivatives of inverse functions,高校 数学III,2,100,check,,True
math,数学,Math,29学問,True,math-differentiation,微分,Differentiation,170,True,math-differentiation-011,三角関数の微分,Derivatives of trigonometric functions,高校 数学III,2,110,check,,True
math,数学,Math,29学問,True,math-differentiation,微分,Differentiation,170,True,math-differentiation-012,指数関数・対数関数の微分,Derivatives of exponential and logarithmic functions,高校 数学III,2,120,check,,True
math,数学,Math,29学問,True,math-differentiation,微分,Differentiation,170,True,math-differentiation-013,高次導関数,Higher-order derivatives,高校 数学III,2,130,check,,True
math,数学,Math,29学問,True,math-differentiation,微分,Differentiation,170,True,math-differentiation-014,第二次導関数と凹凸・変曲点,"Second derivative, concavity and inflection points",高校 数学III,2,140,check,,True
math,数学,Math,29学問,True,math-differentiation,微分,Differentiation,170,True,math-differentiation-015,微分と速度・加速度,"Derivatives, velocity and acceleration",高校 数学III,2,150,check,,True
math,数学,Math,29学問,True,math-differentiation,微分,Differentiation,170,True,math-differentiation-016,微分の応用と最大・最小,Applications of derivatives and optimization,高校 数学III,2,160,check,,True
math,数学,Math,29学問,True,math-integration,積分,Integration,180,True,math-integration-001,不定積分,Indefinite integrals,高校 数学II,2,10,check,,True
math,数学,Math,29学問,True,math-integration,積分,Integration,180,True,math-integration-002,定積分,Definite integrals,高校 数学II,2,20,check,,True
math,数学,Math,29学問,True,math-integration,積分,Integration,180,True,math-integration-003,微分と積分の関係,Relation between differentiation and integration,高校 数学II,2,30,check,,True
math,数学,Math,29学問,True,math-integration,積分,Integration,180,True,math-integration-004,定積分と面積,Definite integrals and area,高校 数学II,2,40,check,,True
math,数学,Math,29学問,True,math-integration,積分,Integration,180,True,math-integration-005,置換積分法,Integration by substitution,高校 数学III,2,50,check,,True
math,数学,Math,29学問,True,math-integration,積分,Integration,180,True,math-integration-006,部分積分法,Integration by parts,高校 数学III,2,60,check,,True
math,数学,Math,29学問,True,math-integration,積分,Integration,180,True,math-integration-007,三角関数の積分,Integrals of trigonometric functions,高校 数学III,2,70,check,,True
math,数学,Math,29学問,True,math-integration,積分,Integration,180,True,math-integration-008,指数関数・対数関数の積分,Integrals of exponential and logarithmic functions,高校 数学III,2,80,check,,True
math,数学,Math,29学問,True,math-integration,積分,Integration,180,True,math-integration-009,分数関数・無理関数の積分,Integrals of rational and irrational functions,高校 数学III,2,90,check,,True
math,数学,Math,29学問,True,math-integration,積分,Integration,180,True,math-integration-010,曲線で囲まれた面積,Area enclosed by curves,高校 数学III,2,100,check,,True
math,数学,Math,29学問,True,math-integration,積分,Integration,180,True,math-integration-011,回転体などの体積,Volumes of solids of revolution,高校 数学III,2,110,check,,True
math,数学,Math,29学問,True,math-integration,積分,Integration,180,True,math-integration-012,積分と道のり,Integration and distance traveled,高校 数学III,2,120,check,,True
math,数学,Math,29学問,True,math-integration,積分,Integration,180,True,math-integration-013,曲線の長さ,Arc length,高校 数学III,2,130,check,,True
math,数学,Math,29学問,True,math-sets-logic-proofs,集合・論理・証明,"Sets, Logic and Proof",190,True,math-sets-logic-proofs-001,集合と要素,Sets and elements,高校 数学I,2,10,check,,True
math,数学,Math,29学問,True,math-sets-logic-proofs,集合・論理・証明,"Sets, Logic and Proof",190,True,math-sets-logic-proofs-002,部分集合,Subsets,高校 数学I,2,20,check,,True
math,数学,Math,29学問,True,math-sets-logic-proofs,集合・論理・証明,"Sets, Logic and Proof",190,True,math-sets-logic-proofs-003,集合の和・共通部分・補集合,"Union, intersection and complement",高校 数学I,2,30,check,,True
math,数学,Math,29学問,True,math-sets-logic-proofs,集合・論理・証明,"Sets, Logic and Proof",190,True,math-sets-logic-proofs-004,命題と真偽,Propositions and truth,高校 数学I,2,40,check,,True
math,数学,Math,29学問,True,math-sets-logic-proofs,集合・論理・証明,"Sets, Logic and Proof",190,True,math-sets-logic-proofs-005,必要条件・十分条件,Necessary and sufficient conditions,高校 数学I,2,50,check,,True
math,数学,Math,29学問,True,math-sets-logic-proofs,集合・論理・証明,"Sets, Logic and Proof",190,True,math-sets-logic-proofs-006,逆・裏・対偶,"Converse, inverse and contrapositive",高校 数学I,2,60,check,,True
math,数学,Math,29学問,True,math-sets-logic-proofs,集合・論理・証明,"Sets, Logic and Proof",190,True,math-sets-logic-proofs-007,反例,Counterexamples,高校 数学I,2,70,check,,True
math,数学,Math,29学問,True,math-sets-logic-proofs,集合・論理・証明,"Sets, Logic and Proof",190,True,math-sets-logic-proofs-008,対偶を用いた証明・背理法,Proof by contrapositive and by contradiction,高校 数学I,2,80,check,,True
math,数学,Math,29学問,True,math-mathematical-expression-applications,数学的表現・活用,Mathematical Expression and Application,200,True,math-mathematical-expression-applications-001,数学と人間の活動,Mathematics and human activity,高校 数学A・B・C,2,10,check,,True
math,数学,Math,29学問,True,math-mathematical-expression-applications,数学的表現・活用,Mathematical Expression and Application,200,True,math-mathematical-expression-applications-002,数学を用いた社会生活の問題解決,Solving social problems with mathematics,高校 数学A・B・C,2,20,check,,True
math,数学,Math,29学問,True,math-mathematical-expression-applications,数学的表現・活用,Mathematical Expression and Application,200,True,math-mathematical-expression-applications-003,数学的モデル化,Mathematical modeling,高校 数学A・B・C,2,30,check,,True
math,数学,Math,29学問,True,math-mathematical-expression-applications,数学的表現・活用,Mathematical Expression and Application,200,True,math-mathematical-expression-applications-004,図・表・グラフの選択と表現,"Choosing and using diagrams, tables and graphs",高校 数学A・B・C,2,40,check,,True
math,数学,Math,29学問,True,math-mathematical-expression-applications,数学的表現・活用,Mathematical Expression and Application,200,True,math-mathematical-expression-applications-009,コンピュータを用いた数学的探究,Mathematical exploration with computers,高校 数学A・B・C,2,90,check,,True
math,数学,Math,29学問,True,math-linear-algebra,線形代数,Linear Algebra,210,True,math-linear-algebra-001,行列の演算,Matrix operations,大学教養,2,10,check,,True
math,数学,Math,29学問,True,math-linear-algebra,線形代数,Linear Algebra,210,True,math-linear-algebra-002,連立一次方程式と掃き出し法,Systems of linear equations and Gaussian elimination,大学教養,2,20,check,,True
math,数学,Math,29学問,True,math-linear-algebra,線形代数,Linear Algebra,210,True,math-linear-algebra-003,行列の階数,Rank of a matrix,大学教養,2,30,check,,True
math,数学,Math,29学問,True,math-linear-algebra,線形代数,Linear Algebra,210,True,math-linear-algebra-004,逆行列,Inverse matrices,大学教養,2,40,check,,True
math,数学,Math,29学問,True,math-linear-algebra,線形代数,Linear Algebra,210,True,math-linear-algebra-005,行列式,Determinants,大学教養,2,50,check,,True
math,数学,Math,29学問,True,math-linear-algebra,線形代数,Linear Algebra,210,True,math-linear-algebra-006,ベクトル空間,Vector spaces,大学教養,2,60,check,,True
math,数学,Math,29学問,True,math-linear-algebra,線形代数,Linear Algebra,210,True,math-linear-algebra-007,線形独立・線形従属,Linear independence and dependence,大学教養,2,70,check,,True
math,数学,Math,29学問,True,math-linear-algebra,線形代数,Linear Algebra,210,True,math-linear-algebra-008,基底と次元,Basis and dimension,大学教養,2,80,check,,True
math,数学,Math,29学問,True,math-linear-algebra,線形代数,Linear Algebra,210,True,math-linear-algebra-009,線形写像,Linear maps,大学教養,2,90,check,,True
math,数学,Math,29学問,True,math-linear-algebra,線形代数,Linear Algebra,210,True,math-linear-algebra-010,核と像,Kernel and image,大学教養,2,100,check,,True
math,数学,Math,29学問,True,math-linear-algebra,線形代数,Linear Algebra,210,True,math-linear-algebra-011,固有値と固有ベクトル,Eigenvalues and eigenvectors,大学教養,2,110,check,,True
math,数学,Math,29学問,True,math-linear-algebra,線形代数,Linear Algebra,210,True,math-linear-algebra-012,対角化,Diagonalization,大学教養,2,120,check,,True
math,数学,Math,29学問,True,math-linear-algebra,線形代数,Linear Algebra,210,True,math-linear-algebra-013,グラム・シュミットの直交化,Gram-Schmidt orthogonalization,大学教養,2,130,check,,True
math,数学,Math,29学問,True,math-linear-algebra,線形代数,Linear Algebra,210,True,math-linear-algebra-014,対称行列と二次形式,Symmetric matrices and quadratic forms,大学教養,2,140,check,,True
math,数学,Math,29学問,True,math-linear-algebra,線形代数,Linear Algebra,210,True,math-linear-algebra-015,ジョルダン標準形,Jordan normal form,大学教養,2,150,check,,True
math,数学,Math,29学問,True,math-linear-algebra,線形代数,Linear Algebra,210,True,math-mathematical-expression-applications-006,行列という表現,Matrices as a representation,高校 数学A・B・C,2,160,check,,True
math,数学,Math,29学問,True,math-linear-algebra,線形代数,Linear Algebra,210,True,math-mathematical-expression-applications-007,行列の基本演算,Basic matrix operations,高校 数学A・B・C,2,170,check,,True
math,数学,Math,29学問,True,math-linear-algebra,線形代数,Linear Algebra,210,True,math-mathematical-expression-applications-008,行列による変換の表現,Representing transformations with matrices,高校 数学A・B・C,2,180,check,,True
math,数学,Math,29学問,True,math-univ-calculus,微分積分（大学）,Calculus (University),220,True,math-univ-calculus-001,実数の連続性,Completeness of the real numbers,大学教養,2,10,check,,True
math,数学,Math,29学問,True,math-univ-calculus,微分積分（大学）,Calculus (University),220,True,math-univ-calculus-002,ε-δ論法,Epsilon-delta arguments,大学教養,2,20,check,,True
math,数学,Math,29学問,True,math-univ-calculus,微分積分（大学）,Calculus (University),220,True,math-univ-calculus-003,平均値の定理,Mean value theorem,大学教養,2,30,check,,True
math,数学,Math,29学問,True,math-univ-calculus,微分積分（大学）,Calculus (University),220,True,math-univ-calculus-004,テイラー展開,Taylor expansion,大学教養,2,40,check,,True
math,数学,Math,29学問,True,math-univ-calculus,微分積分（大学）,Calculus (University),220,True,math-univ-calculus-005,級数の収束判定,Convergence tests for series,大学教養,2,50,check,,True
math,数学,Math,29学問,True,math-univ-calculus,微分積分（大学）,Calculus (University),220,True,math-univ-calculus-006,べき級数,Power series,大学教養,2,60,check,,True
math,数学,Math,29学問,True,math-univ-calculus,微分積分（大学）,Calculus (University),220,True,math-univ-calculus-007,広義積分,Improper integrals,大学教養,2,70,check,,True
math,数学,Math,29学問,True,math-univ-calculus,微分積分（大学）,Calculus (University),220,True,math-univ-calculus-008,偏微分,Partial derivatives,大学教養,2,80,check,,True
math,数学,Math,29学問,True,math-univ-calculus,微分積分（大学）,Calculus (University),220,True,math-univ-calculus-009,全微分,Total differential,大学教養,2,90,check,,True
math,数学,Math,29学問,True,math-univ-calculus,微分積分（大学）,Calculus (University),220,True,math-univ-calculus-010,多変数関数の極値,Extrema of multivariable functions,大学教養,2,100,check,,True
math,数学,Math,29学問,True,math-univ-calculus,微分積分（大学）,Calculus (University),220,True,math-univ-calculus-011,ラグランジュの未定乗数法,Lagrange multipliers,大学教養,2,110,check,,True
math,数学,Math,29学問,True,math-univ-calculus,微分積分（大学）,Calculus (University),220,True,math-univ-calculus-012,重積分,Multiple integrals,大学教養,2,120,check,,True
math,数学,Math,29学問,True,math-univ-calculus,微分積分（大学）,Calculus (University),220,True,math-univ-calculus-013,変数変換とヤコビアン,Change of variables and the Jacobian,大学教養,2,130,check,,True
math,数学,Math,29学問,True,math-univ-calculus,微分積分（大学）,Calculus (University),220,True,math-univ-calculus-014,線積分,Line integrals,大学教養,2,140,check,,True
math,数学,Math,29学問,True,math-univ-calculus,微分積分（大学）,Calculus (University),220,True,math-univ-calculus-015,グリーンの定理,Green's theorem,大学教養,2,150,check,,True
math,数学,Math,29学問,True,math-univ-calculus,微分積分（大学）,Calculus (University),220,True,math-univ-calculus-016,ガウスの発散定理,Gauss's divergence theorem,大学教養,2,160,check,,True
math,数学,Math,29学問,True,math-univ-calculus,微分積分（大学）,Calculus (University),220,True,math-univ-calculus-017,ストークスの定理,Stokes' theorem,大学教養,2,170,check,,True
math,数学,Math,29学問,True,math-differential-equations,微分方程式・変換,Differential Equations and Transforms,230,True,math-differential-equations-001,微分方程式とは何か,What is a differential equation?,大学教養,2,10,check,,True
math,数学,Math,29学問,True,math-differential-equations,微分方程式・変換,Differential Equations and Transforms,230,True,math-differential-equations-002,変数分離形,Separable equations,大学教養,2,20,check,,True
math,数学,Math,29学問,True,math-differential-equations,微分方程式・変換,Differential Equations and Transforms,230,True,math-differential-equations-003,1階線形微分方程式,First-order linear differential equations,大学教養,2,30,check,,True
math,数学,Math,29学問,True,math-differential-equations,微分方程式・変換,Differential Equations and Transforms,230,True,math-differential-equations-004,2階線形微分方程式（定数係数）,Second-order linear differential equations (constant coefficients),大学教養,2,40,check,,True
math,数学,Math,29学問,True,math-differential-equations,微分方程式・変換,Differential Equations and Transforms,230,True,math-differential-equations-005,連立線形微分方程式,Systems of linear differential equations,大学教養,2,50,check,,True
math,数学,Math,29学問,True,math-differential-equations,微分方程式・変換,Differential Equations and Transforms,230,True,math-differential-equations-006,解の存在と一意性,Existence and uniqueness of solutions,大学教養,2,60,check,,True
math,数学,Math,29学問,True,math-differential-equations,微分方程式・変換,Differential Equations and Transforms,230,True,math-differential-equations-007,熱方程式,Heat equation,大学教養,2,70,check,,True
math,数学,Math,29学問,True,math-differential-equations,微分方程式・変換,Differential Equations and Transforms,230,True,math-differential-equations-008,波動方程式,Wave equation,大学教養,2,80,check,,True
math,数学,Math,29学問,True,math-differential-equations,微分方程式・変換,Differential Equations and Transforms,230,True,math-differential-equations-009,フーリエ級数,Fourier series,大学教養,2,90,check,,True
math,数学,Math,29学問,True,math-differential-equations,微分方程式・変換,Differential Equations and Transforms,230,True,math-differential-equations-010,フーリエ変換,Fourier transform,大学教養,2,100,check,,True
math,数学,Math,29学問,True,math-differential-equations,微分方程式・変換,Differential Equations and Transforms,230,True,math-differential-equations-011,ラプラス変換,Laplace transform,大学教養,2,110,check,,True
math,数学,Math,29学問,True,math-univ-probability-statistics,確率論・統計学（大学）,Probability and Statistics (University),240,True,math-univ-probability-statistics-001,確率の公理,Axioms of probability,大学教養,2,10,check,,True
math,数学,Math,29学問,True,math-univ-probability-statistics,確率論・統計学（大学）,Probability and Statistics (University),240,True,math-univ-probability-statistics-002,ベイズの定理,Bayes' theorem,大学教養,2,20,check,,True
math,数学,Math,29学問,True,math-univ-probability-statistics,確率論・統計学（大学）,Probability and Statistics (University),240,True,math-univ-probability-statistics-003,ポアソン分布,Poisson distribution,大学教養,2,30,check,,True
math,数学,Math,29学問,True,math-univ-probability-statistics,確率論・統計学（大学）,Probability and Statistics (University),240,True,math-univ-probability-statistics-004,指数分布,Exponential distribution,大学教養,2,40,check,,True
math,数学,Math,29学問,True,math-univ-probability-statistics,確率論・統計学（大学）,Probability and Statistics (University),240,True,math-univ-probability-statistics-005,同時分布と共分散,Joint distributions and covariance,大学教養,2,50,check,,True
math,数学,Math,29学問,True,math-univ-probability-statistics,確率論・統計学（大学）,Probability and Statistics (University),240,True,math-univ-probability-statistics-006,大数の法則,Law of large numbers,大学教養,2,60,check,,True
math,数学,Math,29学問,True,math-univ-probability-statistics,確率論・統計学（大学）,Probability and Statistics (University),240,True,math-univ-probability-statistics-007,中心極限定理,Central limit theorem,大学教養,2,70,check,,True
math,数学,Math,29学問,True,math-univ-probability-statistics,確率論・統計学（大学）,Probability and Statistics (University),240,True,math-univ-probability-statistics-008,最尤推定,Maximum likelihood estimation,大学教養,2,80,check,,True
math,数学,Math,29学問,True,math-univ-probability-statistics,確率論・統計学（大学）,Probability and Statistics (University),240,True,math-univ-probability-statistics-009,最小二乗法,Least squares method,大学教養,2,90,check,,True
math,数学,Math,29学問,True,math-univ-probability-statistics,確率論・統計学（大学）,Probability and Statistics (University),240,True,math-univ-probability-statistics-010,単回帰分析,Simple regression analysis,大学教養,2,100,check,,True
math,数学,Math,29学問,True,math-univ-probability-statistics,確率論・統計学（大学）,Probability and Statistics (University),240,True,math-univ-probability-statistics-011,重回帰分析,Multiple regression analysis,大学教養,2,110,check,,True
math,数学,Math,29学問,True,math-univ-probability-statistics,確率論・統計学（大学）,Probability and Statistics (University),240,True,math-univ-probability-statistics-012,分散分析,Analysis of variance,大学教養,2,120,check,,True
math,数学,Math,29学問,True,math-univ-probability-statistics,確率論・統計学（大学）,Probability and Statistics (University),240,True,math-univ-probability-statistics-013,事前分布と事後分布,Prior and posterior distributions,大学教養,2,130,check,,True
math,数学,Math,29学問,True,math-univ-probability-statistics,確率論・統計学（大学）,Probability and Statistics (University),240,True,math-univ-probability-statistics-014,ベイズ推定,Bayesian estimation,大学教養,2,140,check,,True
math,数学,Math,29学問,True,math-univ-probability-statistics,確率論・統計学（大学）,Probability and Statistics (University),240,True,math-univ-probability-statistics-015,マルコフ連鎖,Markov chains,大学教養,2,150,check,,True
math,数学,Math,29学問,True,math-sets-topology,集合と位相,Sets and Topology,250,True,math-sets-topology-001,写像（単射・全射・全単射）,"Maps (injective, surjective, bijective)",大学教養,2,10,check,,True
math,数学,Math,29学問,True,math-sets-topology,集合と位相,Sets and Topology,250,True,math-sets-topology-002,同値関係と商集合,Equivalence relations and quotient sets,大学教養,2,20,check,,True
math,数学,Math,29学問,True,math-sets-topology,集合と位相,Sets and Topology,250,True,math-sets-topology-003,可算集合と非可算集合,Countable and uncountable sets,大学教養,2,30,check,,True
math,数学,Math,29学問,True,math-sets-topology,集合と位相,Sets and Topology,250,True,math-sets-topology-004,濃度と対角線論法,Cardinality and the diagonal argument,大学教養,2,40,check,,True
math,数学,Math,29学問,True,math-sets-topology,集合と位相,Sets and Topology,250,True,math-sets-topology-005,距離空間,Metric spaces,大学教養,2,50,check,,True
math,数学,Math,29学問,True,math-sets-topology,集合と位相,Sets and Topology,250,True,math-sets-topology-006,開集合・閉集合,Open and closed sets,大学教養,2,60,check,,True
math,数学,Math,29学問,True,math-sets-topology,集合と位相,Sets and Topology,250,True,math-sets-topology-007,位相空間と連続写像,Topological spaces and continuous maps,大学教養,2,70,check,,True
math,数学,Math,29学問,True,math-sets-topology,集合と位相,Sets and Topology,250,True,math-sets-topology-008,コンパクト性,Compactness,大学教養,2,80,check,,True
math,数学,Math,29学問,True,math-sets-topology,集合と位相,Sets and Topology,250,True,math-sets-topology-009,連結性,Connectedness,大学教養,2,90,check,,True
math,数学,Math,29学問,True,math-algebra,代数学,Algebra,260,True,math-algebra-001,群の定義と例,Definition and examples of groups,大学教養,2,10,check,,True
math,数学,Math,29学問,True,math-algebra,代数学,Algebra,260,True,math-algebra-002,部分群と剰余類,Subgroups and cosets,大学教養,2,20,check,,True
math,数学,Math,29学問,True,math-algebra,代数学,Algebra,260,True,math-algebra-003,準同型と同型,Homomorphisms and isomorphisms,大学教養,2,30,check,,True
math,数学,Math,29学問,True,math-algebra,代数学,Algebra,260,True,math-algebra-004,対称群,Symmetric groups,大学教養,2,40,check,,True
math,数学,Math,29学問,True,math-algebra,代数学,Algebra,260,True,math-algebra-005,環,Rings,大学教養,2,50,check,,True
math,数学,Math,29学問,True,math-algebra,代数学,Algebra,260,True,math-algebra-006,イデアルと剰余環,Ideals and quotient rings,大学教養,2,60,check,,True
math,数学,Math,29学問,True,math-algebra,代数学,Algebra,260,True,math-algebra-007,体,Fields,大学教養,2,70,check,,True
math,数学,Math,29学問,True,math-algebra,代数学,Algebra,260,True,math-algebra-008,多項式環,Polynomial rings,大学教養,2,80,check,,True
math,数学,Math,29学問,True,math-algebra,代数学,Algebra,260,True,math-algebra-009,有限体,Finite fields,大学教養,2,90,check,,True
math,数学,Math,29学問,True,math-algebra,代数学,Algebra,260,True,math-algebra-010,体の拡大,Field extensions,大学教養,2,100,check,,True
math,数学,Math,29学問,True,math-algebra,代数学,Algebra,260,True,math-algebra-011,ガロア群,Galois groups,大学教養,2,110,check,,True
math,数学,Math,29学問,True,math-algebra,代数学,Algebra,260,True,math-algebra-012,5次方程式の解の公式がないこと,No general formula for quintic equations,大学教養,2,120,check,,True
math,数学,Math,29学問,True,math-complex-analysis,複素関数論,Complex Analysis,270,True,math-complex-analysis-001,正則関数,Holomorphic functions,大学教養,2,10,check,,True
math,数学,Math,29学問,True,math-complex-analysis,複素関数論,Complex Analysis,270,True,math-complex-analysis-002,コーシー・リーマンの方程式,Cauchy-Riemann equations,大学教養,2,20,check,,True
math,数学,Math,29学問,True,math-complex-analysis,複素関数論,Complex Analysis,270,True,math-complex-analysis-003,複素積分,Complex integration,大学教養,2,30,check,,True
math,数学,Math,29学問,True,math-complex-analysis,複素関数論,Complex Analysis,270,True,math-complex-analysis-004,コーシーの積分定理,Cauchy's integral theorem,大学教養,2,40,check,,True
math,数学,Math,29学問,True,math-complex-analysis,複素関数論,Complex Analysis,270,True,math-complex-analysis-005,ローラン展開,Laurent expansion,大学教養,2,50,check,,True
math,数学,Math,29学問,True,math-complex-analysis,複素関数論,Complex Analysis,270,True,math-complex-analysis-006,留数定理,Residue theorem,大学教養,2,60,check,,True
math,数学,Math,29学問,True,math-univ-geometry,幾何学（大学）,Geometry (University),280,True,math-univ-geometry-001,曲線の曲率,Curvature of curves,大学教養,2,10,check,,True
math,数学,Math,29学問,True,math-univ-geometry,幾何学（大学）,Geometry (University),280,True,math-univ-geometry-002,曲面とガウス曲率,Surfaces and Gaussian curvature,大学教養,2,20,check,,True
math,数学,Math,29学問,True,math-univ-geometry,幾何学（大学）,Geometry (University),280,True,math-univ-geometry-003,非ユークリッド幾何,Non-Euclidean geometry,大学教養,2,30,check,,True
math,数学,Math,29学問,True,math-univ-geometry,幾何学（大学）,Geometry (University),280,True,math-univ-geometry-004,多様体とは何か,What is a manifold?,大学教養,2,40,check,,True
math,数学,Math,29学問,True,math-univ-geometry,幾何学（大学）,Geometry (University),280,True,math-univ-geometry-005,位相同型（ドーナツとコーヒーカップ）,Homeomorphism (donut and coffee cup),大学教養,2,50,check,,True
math,数学,Math,29学問,True,math-univ-geometry,幾何学（大学）,Geometry (University),280,True,math-univ-geometry-006,オイラー標数,Euler characteristic,大学教養,2,60,check,,True
math,数学,Math,29学問,True,math-univ-geometry,幾何学（大学）,Geometry (University),280,True,math-univ-geometry-007,ホモトピーと基本群,Homotopy and the fundamental group,大学教養,2,70,check,,True
math,数学,Math,29学問,True,math-univ-geometry,幾何学（大学）,Geometry (University),280,True,math-univ-geometry-008,結び目,Knots,大学教養,2,80,check,,True
math,数学,Math,29学問,True,math-discrete-math-logic,離散数学・論理,Discrete Mathematics and Logic,290,True,math-discrete-math-logic-001,命題論理,Propositional logic,大学教養,2,10,check,,True
math,数学,Math,29学問,True,math-discrete-math-logic,離散数学・論理,Discrete Mathematics and Logic,290,True,math-discrete-math-logic-002,述語論理,Predicate logic,大学教養,2,20,check,,True
math,数学,Math,29学問,True,math-discrete-math-logic,離散数学・論理,Discrete Mathematics and Logic,290,True,math-discrete-math-logic-003,鳩の巣原理,Pigeonhole principle,大学教養,2,30,check,,True
math,数学,Math,29学問,True,math-discrete-math-logic,離散数学・論理,Discrete Mathematics and Logic,290,True,math-discrete-math-logic-004,包除原理,Inclusion-exclusion principle,大学教養,2,40,check,,True
math,数学,Math,29学問,True,math-discrete-math-logic,離散数学・論理,Discrete Mathematics and Logic,290,True,math-discrete-math-logic-005,母関数,Generating functions,大学教養,2,50,check,,True
math,数学,Math,29学問,True,math-discrete-math-logic,離散数学・論理,Discrete Mathematics and Logic,290,True,math-discrete-math-logic-006,漸化式の解法,Solving recurrence relations,大学教養,2,60,check,,True
math,数学,Math,29学問,True,math-discrete-math-logic,離散数学・論理,Discrete Mathematics and Logic,290,True,math-discrete-math-logic-007,グラフの基本用語,Basic graph terminology,大学教養,2,70,check,,True
math,数学,Math,29学問,True,math-discrete-math-logic,離散数学・論理,Discrete Mathematics and Logic,290,True,math-discrete-math-logic-008,オイラー路とハミルトン路,Eulerian and Hamiltonian paths,大学教養,2,80,check,,True
math,数学,Math,29学問,True,math-discrete-math-logic,離散数学・論理,Discrete Mathematics and Logic,290,True,math-discrete-math-logic-009,木,Trees,大学教養,2,90,check,,True
math,数学,Math,29学問,True,math-discrete-math-logic,離散数学・論理,Discrete Mathematics and Logic,290,True,math-discrete-math-logic-010,最短経路（ダイクストラ法）,Shortest paths (Dijkstra's algorithm),大学教養,2,100,check,,True
math,数学,Math,29学問,True,math-discrete-math-logic,離散数学・論理,Discrete Mathematics and Logic,290,True,math-discrete-math-logic-011,平面グラフと四色定理,Planar graphs and the four color theorem,大学教養,2,110,check,,True
math,数学,Math,29学問,True,math-discrete-math-logic,離散数学・論理,Discrete Mathematics and Logic,290,True,math-discrete-math-logic-012,オーダー記法（計算量）,Big-O notation (complexity),大学教養,2,120,check,,True
math,数学,Math,29学問,True,math-discrete-math-logic,離散数学・論理,Discrete Mathematics and Logic,290,True,math-discrete-math-logic-013,P≠NP予想,The P vs NP problem,大学教養,2,130,check,,True
math,数学,Math,29学問,True,math-discrete-math-logic,離散数学・論理,Discrete Mathematics and Logic,290,True,math-discrete-math-logic-014,RSA暗号と数論,RSA cryptography and number theory,大学教養,2,140,check,,True
math,数学,Math,29学問,True,math-discrete-math-logic,離散数学・論理,Discrete Mathematics and Logic,290,True,math-mathematical-expression-applications-005,離散グラフとネットワーク,Discrete graphs and networks,高校 数学A・B・C,2,150,check,,True
math,数学,Math,29学問,True,math-foundations-history,数学の基礎と歴史,Foundations and History of Mathematics,300,True,math-foundations-history-001,公理的方法,The axiomatic method,大学教養,2,10,check,,True
math,数学,Math,29学問,True,math-foundations-history,数学の基礎と歴史,Foundations and History of Mathematics,300,True,math-foundations-history-002,ユークリッド『原論』,Euclid's Elements,大学教養,2,20,check,,True
math,数学,Math,29学問,True,math-foundations-history,数学の基礎と歴史,Foundations and History of Mathematics,300,True,math-foundations-history-003,微積分の誕生（ニュートンとライプニッツ）,The birth of calculus (Newton and Leibniz),大学教養,2,30,check,,True
math,数学,Math,29学問,True,math-foundations-history,数学の基礎と歴史,Foundations and History of Mathematics,300,True,math-foundations-history-004,無限と集合論の誕生,Infinity and the birth of set theory,大学教養,2,40,check,,True
math,数学,Math,29学問,True,math-foundations-history,数学の基礎と歴史,Foundations and History of Mathematics,300,True,math-foundations-history-005,ゲーデルの不完全性定理,Gödel's incompleteness theorems,大学教養,2,50,check,,True
math,数学,Math,29学問,True,math-foundations-history,数学の基礎と歴史,Foundations and History of Mathematics,300,True,math-foundations-history-006,素数定理,Prime number theorem,大学教養,2,60,check,,True
math,数学,Math,29学問,True,math-foundations-history,数学の基礎と歴史,Foundations and History of Mathematics,300,True,math-foundations-history-007,リーマン予想,Riemann hypothesis,大学教養,2,70,check,,True
math,数学,Math,29学問,True,math-foundations-history,数学の基礎と歴史,Foundations and History of Mathematics,300,True,math-foundations-history-008,フェルマーの最終定理,Fermat's Last Theorem,大学教養,2,80,check,,True
math,数学,Math,29学問,True,math-foundations-history,数学の基礎と歴史,Foundations and History of Mathematics,300,True,math-foundations-history-009,ポアンカレ予想,Poincaré conjecture,大学教養,2,90,check,,True
math,数学,Math,29学問,True,math-foundations-history,数学の基礎と歴史,Foundations and History of Mathematics,300,True,math-foundations-history-010,20世紀の数学の広がり（ヒルベルトの23問題）,The breadth of 20th-century mathematics (Hilbert's 23 problems),大学教養,2,100,check,,True
physics,物理学,Physics,29学問,True,physics-field-01,観測と物理量,Observation and Physical Quantities,10,True,phy-001,物理量と単位,Physical quantities and units,中学理科・高校 物理基礎,2,10,check,,True
physics,物理学,Physics,29学問,True,physics-field-01,観測と物理量,Observation and Physical Quantities,10,True,phy-002,SI単位系,The SI system of units,高校 物理基礎,2,20,check,,True
physics,物理学,Physics,29学問,True,physics-field-01,観測と物理量,Observation and Physical Quantities,10,True,phy-003,有効数字,Significant figures,高校 物理基礎,2,30,check,,True
physics,物理学,Physics,29学問,True,physics-field-01,観測と物理量,Observation and Physical Quantities,10,True,phy-004,測定誤差と不確かさ,Measurement error and uncertainty,高校 物理基礎・大学教養,2,40,check,,True
physics,物理学,Physics,29学問,True,physics-field-01,観測と物理量,Observation and Physical Quantities,10,True,phy-005,スカラー量とベクトル量,Scalars and vectors,高校 物理・大学教養,2,50,check,,True
physics,物理学,Physics,29学問,True,physics-field-01,観測と物理量,Observation and Physical Quantities,10,True,phy-006,グラフから物理量を読む,Reading physical quantities from graphs,中学理科・高校 物理基礎,2,60,check,,True
physics,物理学,Physics,29学問,True,physics-field-02,力と運動,Force and Motion,20,True,phy-007,物の動きと力,Motion of objects and force,小学理科,2,10,check,,True
physics,物理学,Physics,29学問,True,physics-field-02,力と運動,Force and Motion,20,True,phy-008,風の力とゴムの力,Wind force and rubber force,小学理科,2,20,check,,True
physics,物理学,Physics,29学問,True,physics-field-02,力と運動,Force and Motion,20,True,phy-009,てこの原理,Principle of the lever,小学理科,2,30,check,,True
physics,物理学,Physics,29学問,True,physics-field-02,力と運動,Force and Motion,20,True,phy-010,速さ,Speed,中学理科,2,40,check,,True
physics,物理学,Physics,29学問,True,physics-field-02,力と運動,Force and Motion,20,True,phy-011,速度と速度ベクトル,Velocity and velocity vectors,高校 物理基礎,2,50,check,,True
physics,物理学,Physics,29学問,True,physics-field-02,力と運動,Force and Motion,20,True,phy-012,加速度,Acceleration,高校 物理基礎,2,60,check,,True
physics,物理学,Physics,29学問,True,physics-field-02,力と運動,Force and Motion,20,True,phy-013,等速直線運動,Uniform linear motion,中学理科・高校 物理基礎,2,70,check,,True
physics,物理学,Physics,29学問,True,physics-field-02,力と運動,Force and Motion,20,True,phy-014,等加速度直線運動,Uniformly accelerated linear motion,高校 物理基礎,2,80,check,,True
physics,物理学,Physics,29学問,True,physics-field-02,力と運動,Force and Motion,20,True,phy-015,自由落下,Free fall,高校 物理基礎,2,90,check,,True
physics,物理学,Physics,29学問,True,physics-field-02,力と運動,Force and Motion,20,True,phy-016,鉛直投げ上げ・投げ下ろし,Vertical throw up and down,高校 物理基礎,2,100,check,,True
physics,物理学,Physics,29学問,True,physics-field-02,力と運動,Force and Motion,20,True,phy-017,水平投射,Horizontal projection,高校 物理,2,110,check,,True
physics,物理学,Physics,29学問,True,physics-field-02,力と運動,Force and Motion,20,True,phy-018,斜方投射,Oblique projection,高校 物理,2,120,check,,True
physics,物理学,Physics,29学問,True,physics-field-02,力と運動,Force and Motion,20,True,phy-019,力の表し方,Representing forces,中学理科,2,130,check,,True
physics,物理学,Physics,29学問,True,physics-field-02,力と運動,Force and Motion,20,True,phy-020,重力,Gravity,中学理科,2,140,check,,True
physics,物理学,Physics,29学問,True,physics-field-02,力と運動,Force and Motion,20,True,phy-021,弾性力,Elastic force,中学理科・高校 物理基礎,2,150,check,,True
physics,物理学,Physics,29学問,True,physics-field-02,力と運動,Force and Motion,20,True,phy-022,摩擦力,Friction,中学理科・高校 物理基礎,2,160,check,,True
physics,物理学,Physics,29学問,True,physics-field-02,力と運動,Force and Motion,20,True,phy-023,抗力と終端速度,Drag and terminal velocity,大学教養,2,170,check,,True
physics,物理学,Physics,29学問,True,physics-field-02,力と運動,Force and Motion,20,True,phy-024,力の合成と分解,Composition and resolution of forces,中学理科・高校 物理基礎,2,180,check,,True
physics,物理学,Physics,29学問,True,physics-field-02,力と運動,Force and Motion,20,True,phy-025,力のつり合い,Equilibrium of forces,中学理科・高校 物理基礎,2,190,check,,True
physics,物理学,Physics,29学問,True,physics-field-02,力と運動,Force and Motion,20,True,phy-026,作用・反作用,Action and reaction,中学理科・高校 物理基礎,2,200,check,,True
physics,物理学,Physics,29学問,True,physics-field-02,力と運動,Force and Motion,20,True,phy-027,慣性の法則,Law of inertia,高校 物理基礎,2,210,check,,True
physics,物理学,Physics,29学問,True,physics-field-02,力と運動,Force and Motion,20,True,phy-028,運動方程式,Equation of motion,高校 物理基礎,2,220,check,,True
physics,物理学,Physics,29学問,True,physics-field-02,力と運動,Force and Motion,20,True,phy-029,ニュートンの運動三法則,Newton's three laws of motion,高校 物理基礎,2,230,check,,True
physics,物理学,Physics,29学問,True,physics-field-02,力と運動,Force and Motion,20,True,phy-030,運動量,Momentum,高校 物理,2,240,check,,True
physics,物理学,Physics,29学問,True,physics-field-02,力と運動,Force and Motion,20,True,phy-031,力積,Impulse,高校 物理,2,250,check,,True
physics,物理学,Physics,29学問,True,physics-field-02,力と運動,Force and Motion,20,True,phy-032,運動量保存則,Conservation of momentum,高校 物理,2,260,check,,True
physics,物理学,Physics,29学問,True,physics-field-02,力と運動,Force and Motion,20,True,phy-033,反発係数と衝突,Coefficient of restitution and collisions,高校 物理,2,270,check,,True
physics,物理学,Physics,29学問,True,physics-field-02,力と運動,Force and Motion,20,True,phy-034,質点系と重心,Systems of particles and center of mass,大学教養,2,280,check,,True
physics,物理学,Physics,29学問,True,physics-field-03,回転と重力,Rotation and Gravitation,30,True,phy-035,円運動,Circular motion,高校 物理,2,10,check,,True
physics,物理学,Physics,29学問,True,physics-field-03,回転と重力,Rotation and Gravitation,30,True,phy-036,向心力,Centripetal force,高校 物理,2,20,check,,True
physics,物理学,Physics,29学問,True,physics-field-03,回転と重力,Rotation and Gravitation,30,True,phy-037,単振動,Simple harmonic motion,高校 物理,2,30,check,,True
physics,物理学,Physics,29学問,True,physics-field-03,回転と重力,Rotation and Gravitation,30,True,phy-038,単振り子,Simple pendulum,小学理科・高校 物理,2,40,check,,True
physics,物理学,Physics,29学問,True,physics-field-03,回転と重力,Rotation and Gravitation,30,True,phy-039,万有引力,Universal gravitation,高校 物理,2,50,check,,True
physics,物理学,Physics,29学問,True,physics-field-03,回転と重力,Rotation and Gravitation,30,True,phy-040,惑星運動とケプラーの法則,Planetary motion and Kepler's laws,高校 物理・大学教養,2,60,check,,True
physics,物理学,Physics,29学問,True,physics-field-03,回転と重力,Rotation and Gravitation,30,True,phy-041,トルク（力のモーメント）,Torque (moment of force),高校 物理・大学教養,2,70,check,,True
physics,物理学,Physics,29学問,True,physics-field-03,回転と重力,Rotation and Gravitation,30,True,phy-042,剛体のつり合い,Equilibrium of rigid bodies,高校 物理・大学教養,2,80,check,,True
physics,物理学,Physics,29学問,True,physics-field-03,回転と重力,Rotation and Gravitation,30,True,phy-043,慣性モーメント,Moment of inertia,大学教養,2,90,check,,True
physics,物理学,Physics,29学問,True,physics-field-03,回転と重力,Rotation and Gravitation,30,True,phy-044,回転運動の運動方程式,Equation of rotational motion,大学教養,2,100,check,,True
physics,物理学,Physics,29学問,True,physics-field-03,回転と重力,Rotation and Gravitation,30,True,phy-045,角運動量,Angular momentum,大学教養,2,110,check,,True
physics,物理学,Physics,29学問,True,physics-field-03,回転と重力,Rotation and Gravitation,30,True,phy-046,角運動量保存則,Conservation of angular momentum,大学教養,2,120,check,,True
physics,物理学,Physics,29学問,True,physics-field-04,仕事とエネルギー,Work and Energy,40,True,phy-047,仕事,Work,中学理科・高校 物理基礎,2,10,check,,True
physics,物理学,Physics,29学問,True,physics-field-04,仕事とエネルギー,Work and Energy,40,True,phy-048,仕事率,Power,中学理科・高校 物理基礎,2,20,check,,True
physics,物理学,Physics,29学問,True,physics-field-04,仕事とエネルギー,Work and Energy,40,True,phy-049,運動エネルギー,Kinetic energy,高校 物理基礎,2,30,check,,True
physics,物理学,Physics,29学問,True,physics-field-04,仕事とエネルギー,Work and Energy,40,True,phy-050,重力による位置エネルギー,Gravitational potential energy,高校 物理基礎,2,40,check,,True
physics,物理学,Physics,29学問,True,physics-field-04,仕事とエネルギー,Work and Energy,40,True,phy-051,弾性力による位置エネルギー,Elastic potential energy,高校 物理基礎,2,50,check,,True
physics,物理学,Physics,29学問,True,physics-field-04,仕事とエネルギー,Work and Energy,40,True,phy-052,力学的エネルギー保存則,Conservation of mechanical energy,中学理科・高校 物理基礎,2,60,check,,True
physics,物理学,Physics,29学問,True,physics-field-04,仕事とエネルギー,Work and Energy,40,True,phy-053,保存力とポテンシャル,Conservative forces and potentials,大学教養,2,70,check,,True
physics,物理学,Physics,29学問,True,physics-field-05,流体,Fluids,50,True,phy-054,圧力,Pressure,中学理科,2,10,check,,True
physics,物理学,Physics,29学問,True,physics-field-05,流体,Fluids,50,True,phy-055,大気圧,Atmospheric pressure,中学理科,2,20,check,,True
physics,物理学,Physics,29学問,True,physics-field-05,流体,Fluids,50,True,phy-056,浮力,Buoyancy,中学理科・高校 物理基礎,2,30,check,,True
physics,物理学,Physics,29学問,True,physics-field-05,流体,Fluids,50,True,phy-057,パスカルの原理,Pascal's principle,大学教養,2,40,check,,True
physics,物理学,Physics,29学問,True,physics-field-05,流体,Fluids,50,True,phy-058,アルキメデスの原理,Archimedes' principle,大学教養,2,50,check,,True
physics,物理学,Physics,29学問,True,physics-field-05,流体,Fluids,50,True,phy-059,流量と連続の式,Flow rate and the continuity equation,大学教養,2,60,check,,True
physics,物理学,Physics,29学問,True,physics-field-05,流体,Fluids,50,True,phy-060,ベルヌーイの定理,Bernoulli's theorem,大学教養,2,70,check,,True
physics,物理学,Physics,29学問,True,physics-field-06,熱と統計,Heat and Statistical Physics,60,True,phy-061,温度と熱,Temperature and heat,中学理科・高校 物理基礎,2,10,check,,True
physics,物理学,Physics,29学問,True,physics-field-06,熱と統計,Heat and Statistical Physics,60,True,phy-062,熱膨張,Thermal expansion,中学理科・大学教養,2,20,check,,True
physics,物理学,Physics,29学問,True,physics-field-06,熱と統計,Heat and Statistical Physics,60,True,phy-063,比熱と熱容量,Specific heat and heat capacity,中学理科・高校 物理基礎,2,30,check,,True
physics,物理学,Physics,29学問,True,physics-field-06,熱と統計,Heat and Statistical Physics,60,True,phy-064,熱平衡,Thermal equilibrium,高校 物理基礎,2,40,check,,True
physics,物理学,Physics,29学問,True,physics-field-06,熱と統計,Heat and Statistical Physics,60,True,phy-065,熱伝導・対流・放射,"Conduction, convection and radiation",小学理科・高校 物理基礎,2,50,check,,True
physics,物理学,Physics,29学問,True,physics-field-06,熱と統計,Heat and Statistical Physics,60,True,phy-066,状態変化と潜熱,Phase changes and latent heat,中学理科・高校 物理基礎,2,60,check,,True
physics,物理学,Physics,29学問,True,physics-field-06,熱と統計,Heat and Statistical Physics,60,True,phy-067,気体の圧力と分子運動,Gas pressure and molecular motion,高校 物理,2,70,check,,True
physics,物理学,Physics,29学問,True,physics-field-06,熱と統計,Heat and Statistical Physics,60,True,phy-068,ボイル・シャルルの法則,Boyle-Charles law,高校 物理,2,80,check,,True
physics,物理学,Physics,29学問,True,physics-field-06,熱と統計,Heat and Statistical Physics,60,True,phy-069,理想気体の状態方程式,Ideal gas law,高校 物理,2,90,check,,True
physics,物理学,Physics,29学問,True,physics-field-06,熱と統計,Heat and Statistical Physics,60,True,phy-070,気体分子運動論,Kinetic theory of gases,高校 物理,2,100,check,,True
physics,物理学,Physics,29学問,True,physics-field-06,熱と統計,Heat and Statistical Physics,60,True,phy-071,内部エネルギー,Internal energy,高校 物理,2,110,check,,True
physics,物理学,Physics,29学問,True,physics-field-06,熱と統計,Heat and Statistical Physics,60,True,phy-072,熱力学第一法則,First law of thermodynamics,高校 物理,2,120,check,,True
physics,物理学,Physics,29学問,True,physics-field-06,熱と統計,Heat and Statistical Physics,60,True,phy-073,熱機関と効率,Heat engines and efficiency,高校 物理・大学教養,2,130,check,,True
physics,物理学,Physics,29学問,True,physics-field-06,熱と統計,Heat and Statistical Physics,60,True,phy-074,可逆過程と不可逆過程,Reversible and irreversible processes,大学教養,2,140,check,,True
physics,物理学,Physics,29学問,True,physics-field-06,熱と統計,Heat and Statistical Physics,60,True,phy-075,エントロピー,Entropy,大学教養,2,150,check,,True
physics,物理学,Physics,29学問,True,physics-field-06,熱と統計,Heat and Statistical Physics,60,True,phy-076,熱力学第二法則,Second law of thermodynamics,大学教養,2,160,check,,True
physics,物理学,Physics,29学問,True,physics-field-07,波と音,Waves and Sound,70,True,phy-077,波とは何か,What is a wave?,中学理科・高校 物理基礎,2,10,check,,True
physics,物理学,Physics,29学問,True,physics-field-07,波と音,Waves and Sound,70,True,phy-078,振幅・波長・周期・振動数,"Amplitude, wavelength, period and frequency",中学理科・高校 物理基礎,2,20,check,,True
physics,物理学,Physics,29学問,True,physics-field-07,波と音,Waves and Sound,70,True,phy-079,波の速さ,Wave speed,高校 物理基礎,2,30,check,,True
physics,物理学,Physics,29学問,True,physics-field-07,波と音,Waves and Sound,70,True,phy-080,横波と縦波,Transverse and longitudinal waves,中学理科・高校 物理基礎,2,40,check,,True
physics,物理学,Physics,29学問,True,physics-field-07,波と音,Waves and Sound,70,True,phy-081,重ね合わせの原理,Principle of superposition,高校 物理,2,50,check,,True
physics,物理学,Physics,29学問,True,physics-field-07,波と音,Waves and Sound,70,True,phy-082,波の反射,Reflection of waves,中学理科・高校 物理基礎,2,60,check,,True
physics,物理学,Physics,29学問,True,physics-field-07,波と音,Waves and Sound,70,True,phy-083,波の屈折,Refraction of waves,高校 物理,2,70,check,,True
physics,物理学,Physics,29学問,True,physics-field-07,波と音,Waves and Sound,70,True,phy-084,回折,Diffraction,高校 物理,2,80,check,,True
physics,物理学,Physics,29学問,True,physics-field-07,波と音,Waves and Sound,70,True,phy-085,干渉,Interference,高校 物理,2,90,check,,True
physics,物理学,Physics,29学問,True,physics-field-07,波と音,Waves and Sound,70,True,phy-086,定常波,Standing waves,高校 物理,2,100,check,,True
physics,物理学,Physics,29学問,True,physics-field-07,波と音,Waves and Sound,70,True,phy-087,音の三要素,Three elements of sound,中学理科,2,110,check,,True
physics,物理学,Physics,29学問,True,physics-field-07,波と音,Waves and Sound,70,True,phy-088,弦の振動,Vibration of strings,高校 物理基礎,2,120,check,,True
physics,物理学,Physics,29学問,True,physics-field-07,波と音,Waves and Sound,70,True,phy-089,気柱の共鳴,Resonance in air columns,高校 物理基礎,2,130,check,,True
physics,物理学,Physics,29学問,True,physics-field-07,波と音,Waves and Sound,70,True,phy-090,うなり,Beats,高校 物理,2,140,check,,True
physics,物理学,Physics,29学問,True,physics-field-07,波と音,Waves and Sound,70,True,phy-091,ドップラー効果,Doppler effect,高校 物理,2,150,check,,True
physics,物理学,Physics,29学問,True,physics-field-08,光,Light,80,True,phy-092,光の直進,Rectilinear propagation of light,小学理科・中学理科,2,10,check,,True
physics,物理学,Physics,29学問,True,physics-field-08,光,Light,80,True,phy-093,光の反射,Reflection of light,小学理科・中学理科,2,20,check,,True
physics,物理学,Physics,29学問,True,physics-field-08,光,Light,80,True,phy-094,光の屈折,Refraction of light,中学理科,2,30,check,,True
physics,物理学,Physics,29学問,True,physics-field-08,光,Light,80,True,phy-095,全反射,Total internal reflection,高校 物理,2,40,check,,True
physics,物理学,Physics,29学問,True,physics-field-08,光,Light,80,True,phy-096,レンズと像,Lenses and images,中学理科・高校 物理,2,50,check,,True
physics,物理学,Physics,29学問,True,physics-field-08,光,Light,80,True,phy-097,光の干渉,Interference of light,高校 物理,2,60,check,,True
physics,物理学,Physics,29学問,True,physics-field-08,光,Light,80,True,phy-098,ヤングの干渉実験,Young's double-slit experiment,高校 物理,2,70,check,,True
physics,物理学,Physics,29学問,True,physics-field-08,光,Light,80,True,phy-099,回折格子,Diffraction gratings,高校 物理,2,80,check,,True
physics,物理学,Physics,29学問,True,physics-field-08,光,Light,80,True,phy-100,偏光,Polarization,高校 物理・大学教養,2,90,check,,True
physics,物理学,Physics,29学問,True,physics-field-08,光,Light,80,True,phy-101,光の分散とスペクトル,Dispersion of light and spectra,中学理科・高校 物理,2,100,check,,True
physics,物理学,Physics,29学問,True,physics-field-09,電気,Electricity,90,True,phy-102,電気の通り道と回路,Paths of electricity and circuits,小学理科,2,10,check,,True
physics,物理学,Physics,29学問,True,physics-field-09,電気,Electricity,90,True,phy-103,導体と不導体,Conductors and insulators,小学理科・中学理科,2,20,check,,True
physics,物理学,Physics,29学問,True,physics-field-09,電気,Electricity,90,True,phy-104,静電気,Static electricity,中学理科,2,30,check,,True
physics,物理学,Physics,29学問,True,physics-field-09,電気,Electricity,90,True,phy-105,電荷,Electric charge,高校 物理,2,40,check,,True
physics,物理学,Physics,29学問,True,physics-field-09,電気,Electricity,90,True,phy-106,クーロンの法則,Coulomb's law,高校 物理,2,50,check,,True
physics,物理学,Physics,29学問,True,physics-field-09,電気,Electricity,90,True,phy-107,電場,Electric field,高校 物理,2,60,check,,True
physics,物理学,Physics,29学問,True,physics-field-09,電気,Electricity,90,True,phy-108,電位と電位差,Electric potential and potential difference,高校 物理,2,70,check,,True
physics,物理学,Physics,29学問,True,physics-field-09,電気,Electricity,90,True,phy-109,電気力による位置エネルギー,Electric potential energy,高校 物理,2,80,check,,True
physics,物理学,Physics,29学問,True,physics-field-09,電気,Electricity,90,True,phy-110,電流,Electric current,中学理科,2,90,check,,True
physics,物理学,Physics,29学問,True,physics-field-09,電気,Electricity,90,True,phy-111,電圧,Voltage,中学理科,2,100,check,,True
physics,物理学,Physics,29学問,True,physics-field-09,電気,Electricity,90,True,phy-112,電気抵抗,Electrical resistance,中学理科,2,110,check,,True
physics,物理学,Physics,29学問,True,physics-field-09,電気,Electricity,90,True,phy-113,オームの法則,Ohm's law,中学理科,2,120,check,,True
physics,物理学,Physics,29学問,True,physics-field-09,電気,Electricity,90,True,phy-114,抵抗の直列・並列接続,Resistors in series and parallel,中学理科,2,130,check,,True
physics,物理学,Physics,29学問,True,physics-field-09,電気,Electricity,90,True,phy-115,電力と電力量,Electric power and energy,中学理科・高校 物理基礎,2,140,check,,True
physics,物理学,Physics,29学問,True,physics-field-09,電気,Electricity,90,True,phy-116,ジュール熱,Joule heating,中学理科・高校 物理,2,150,check,,True
physics,物理学,Physics,29学問,True,physics-field-09,電気,Electricity,90,True,phy-117,キルヒホッフの法則,Kirchhoff's laws,高校 物理,2,160,check,,True
physics,物理学,Physics,29学問,True,physics-field-09,電気,Electricity,90,True,phy-118,コンデンサー,Capacitors,高校 物理,2,170,check,,True
physics,物理学,Physics,29学問,True,physics-field-09,電気,Electricity,90,True,phy-119,誘電体,Dielectrics,大学教養,2,180,check,,True
physics,物理学,Physics,29学問,True,physics-field-10,磁気と電磁気,Magnetism and Electromagnetism,100,True,phy-120,磁石と磁極,Magnets and magnetic poles,小学理科,2,10,check,,True
physics,物理学,Physics,29学問,True,physics-field-10,磁気と電磁気,Magnetism and Electromagnetism,100,True,phy-121,電流がつくる磁場,Magnetic fields from currents,中学理科・高校 物理,2,20,check,,True
physics,物理学,Physics,29学問,True,physics-field-10,磁気と電磁気,Magnetism and Electromagnetism,100,True,phy-122,ローレンツ力,Lorentz force,高校 物理,2,30,check,,True
physics,物理学,Physics,29学問,True,physics-field-10,磁気と電磁気,Magnetism and Electromagnetism,100,True,phy-123,電流が磁場から受ける力,Force on a current in a magnetic field,中学理科・高校 物理,2,40,check,,True
physics,物理学,Physics,29学問,True,physics-field-10,磁気と電磁気,Magnetism and Electromagnetism,100,True,phy-124,電磁誘導,Electromagnetic induction,中学理科・高校 物理,2,50,check,,True
physics,物理学,Physics,29学問,True,physics-field-10,磁気と電磁気,Magnetism and Electromagnetism,100,True,phy-125,レンツの法則,Lenz's law,高校 物理,2,60,check,,True
physics,物理学,Physics,29学問,True,physics-field-10,磁気と電磁気,Magnetism and Electromagnetism,100,True,phy-126,自己誘導と相互誘導,Self-induction and mutual induction,高校 物理,2,70,check,,True
physics,物理学,Physics,29学問,True,physics-field-10,磁気と電磁気,Magnetism and Electromagnetism,100,True,phy-127-s1,交流：発生と実効値,Alternating current: generation and RMS values,高校 物理,2,81,check,,True
physics,物理学,Physics,29学問,True,physics-field-10,磁気と電磁気,Magnetism and Electromagnetism,100,True,phy-127-s2,交流：コイル・コンデンサーのリアクタンスとインピーダンス,Alternating current: reactance and impedance of coils and capacitors,高校 物理,2,82,check,,True
physics,物理学,Physics,29学問,True,physics-field-10,磁気と電磁気,Magnetism and Electromagnetism,100,True,phy-127-s3,交流：RLC回路と共振・電気振動,"Alternating current: RLC circuits, resonance and electrical oscillation",高校 物理,2,83,check,,True
physics,物理学,Physics,29学問,True,physics-field-10,磁気と電磁気,Magnetism and Electromagnetism,100,True,phy-128,変圧器,Transformers,高校 物理,2,90,check,,True
physics,物理学,Physics,29学問,True,physics-field-10,磁気と電磁気,Magnetism and Electromagnetism,100,True,phy-129,電磁波,Electromagnetic waves,高校 物理,2,100,check,,True
physics,物理学,Physics,29学問,True,physics-field-10,磁気と電磁気,Magnetism and Electromagnetism,100,True,phy-130,電磁波スペクトル,Electromagnetic spectrum,高校 物理,2,110,check,,True
physics,物理学,Physics,29学問,True,physics-field-10,磁気と電磁気,Magnetism and Electromagnetism,100,True,phy-131,マクスウェル方程式の意味,Meaning of Maxwell's equations,大学教養,2,120,check,,True
physics,物理学,Physics,29学問,True,physics-field-11,原子と量子,Atoms and Quanta,110,True,phy-132,電子の発見,Discovery of the electron,高校 物理,2,10,check,,True
physics,物理学,Physics,29学問,True,physics-field-11,原子と量子,Atoms and Quanta,110,True,phy-133,光電効果,Photoelectric effect,高校 物理,2,20,check,,True
physics,物理学,Physics,29学問,True,physics-field-11,原子と量子,Atoms and Quanta,110,True,phy-134,光子,Photons,高校 物理,2,30,check,,True
physics,物理学,Physics,29学問,True,physics-field-11,原子と量子,Atoms and Quanta,110,True,phy-135,X線,X-rays,高校 物理,2,40,check,,True
physics,物理学,Physics,29学問,True,physics-field-11,原子と量子,Atoms and Quanta,110,True,phy-136,物質波,Matter waves,高校 物理,2,50,check,,True
physics,物理学,Physics,29学問,True,physics-field-11,原子と量子,Atoms and Quanta,110,True,phy-137,原子模型の変遷,History of atomic models,高校 物理,2,60,check,,True
physics,物理学,Physics,29学問,True,physics-field-11,原子と量子,Atoms and Quanta,110,True,phy-138,ボーアの原子模型,Bohr model of the atom,高校 物理,2,70,check,,True
physics,物理学,Physics,29学問,True,physics-field-11,原子と量子,Atoms and Quanta,110,True,phy-139,原子スペクトル,Atomic spectra,高校 物理,2,80,check,,True
physics,物理学,Physics,29学問,True,physics-field-11,原子と量子,Atoms and Quanta,110,True,phy-140,波動関数と確率解釈,Wave functions and the probability interpretation,大学教養,2,90,check,,True
physics,物理学,Physics,29学問,True,physics-field-11,原子と量子,Atoms and Quanta,110,True,phy-141,不確定性原理,Uncertainty principle,大学教養,2,100,check,,True
physics,物理学,Physics,29学問,True,physics-field-11,原子と量子,Atoms and Quanta,110,True,phy-142,量子化,Quantization,大学教養,2,110,check,,True
physics,物理学,Physics,29学問,True,physics-field-11,原子と量子,Atoms and Quanta,110,True,phy-143,トンネル効果,Tunneling effect,大学教養,2,120,check,,True
physics,物理学,Physics,29学問,True,physics-field-12,原子核と素粒子,Nuclei and Elementary Particles,120,True,phy-144,原子核の構造,Structure of the nucleus,高校 物理,2,10,check,,True
physics,物理学,Physics,29学問,True,physics-field-12,原子核と素粒子,Nuclei and Elementary Particles,120,True,phy-145,放射線と放射能,Radiation and radioactivity,中学理科・高校 物理,2,20,check,,True
physics,物理学,Physics,29学問,True,physics-field-12,原子核と素粒子,Nuclei and Elementary Particles,120,True,phy-146,半減期,Half-life,高校 物理,2,30,check,,True
physics,物理学,Physics,29学問,True,physics-field-12,原子核と素粒子,Nuclei and Elementary Particles,120,True,phy-147,核反応と質量欠損,Nuclear reactions and mass defect,高校 物理,2,40,check,,True
physics,物理学,Physics,29学問,True,physics-field-12,原子核と素粒子,Nuclei and Elementary Particles,120,True,phy-148,核分裂,Nuclear fission,中学理科・高校 物理,2,50,check,,True
physics,物理学,Physics,29学問,True,physics-field-12,原子核と素粒子,Nuclei and Elementary Particles,120,True,phy-149,核融合,Nuclear fusion,高校 物理,2,60,check,,True
physics,物理学,Physics,29学問,True,physics-field-12,原子核と素粒子,Nuclei and Elementary Particles,120,True,phy-150,基本相互作用,Fundamental interactions,大学教養,2,70,check,,True
physics,物理学,Physics,29学問,True,physics-field-12,原子核と素粒子,Nuclei and Elementary Particles,120,True,phy-151-s1,素粒子の標準模型：クォークとレプトン,Standard Model: quarks and leptons,大学教養,2,81,check,,True
physics,物理学,Physics,29学問,True,physics-field-12,原子核と素粒子,Nuclei and Elementary Particles,120,True,phy-151-s2,素粒子の標準模型：ゲージ粒子と力の媒介,Standard Model: gauge bosons and force carriers,大学教養,2,82,check,,True
physics,物理学,Physics,29学問,True,physics-field-12,原子核と素粒子,Nuclei and Elementary Particles,120,True,phy-151-s3,素粒子の標準模型：ヒッグス粒子と質量の起源,Standard Model: the Higgs boson and the origin of mass,大学教養,2,83,check,,True
physics,物理学,Physics,29学問,True,physics-field-13,相対論,Relativity,130,True,phy-152,光速度不変,Constancy of the speed of light,大学教養,2,10,check,,True
physics,物理学,Physics,29学問,True,physics-field-13,相対論,Relativity,130,True,phy-153-s1,特殊相対性理論：相対性原理と同時性の相対性,Special relativity: principle of relativity and relativity of simultaneity,大学教養,2,21,check,,True
physics,物理学,Physics,29学問,True,physics-field-13,相対論,Relativity,130,True,phy-153-s2,特殊相対性理論：ローレンツ変換,Special relativity: Lorentz transformation,大学教養,2,22,check,,True
physics,物理学,Physics,29学問,True,physics-field-13,相対論,Relativity,130,True,phy-153-s3,特殊相対性理論：相対論的な速度の合成と運動量,Special relativity: relativistic velocity addition and momentum,大学教養,2,23,check,,True
physics,物理学,Physics,29学問,True,physics-field-13,相対論,Relativity,130,True,phy-154,時間の遅れと長さの収縮,Time dilation and length contraction,大学教養,2,30,check,,True
physics,物理学,Physics,29学問,True,physics-field-13,相対論,Relativity,130,True,phy-155,質量とエネルギーの等価性,Mass-energy equivalence,高校 物理・大学教養,2,40,check,,True
physics,物理学,Physics,29学問,True,physics-field-13,相対論,Relativity,130,True,phy-156,一般相対性理論の考え方,Ideas of general relativity,大学教養,2,50,check,,True
astronomy,天文学,Astronomy,29学問,True,astronomy-field-01,観測の基礎,Basics of Observation,10,True,astro-001,空の方位と高度,Direction and altitude in the sky,小学理科・中学理科,2,10,check,,True
astronomy,天文学,Astronomy,29学問,True,astronomy-field-01,観測の基礎,Basics of Observation,10,True,astro-002,天体の日周運動,Diurnal motion of celestial bodies,小学理科・中学理科,2,20,check,,True
astronomy,天文学,Astronomy,29学問,True,astronomy-field-01,観測の基礎,Basics of Observation,10,True,astro-003,星座と星の見え方,Constellations and how stars appear,小学理科・中学理科,2,30,check,,True
astronomy,天文学,Astronomy,29学問,True,astronomy-field-01,観測の基礎,Basics of Observation,10,True,astro-004,天体観測と記録,Observing and recording celestial objects,小学理科・中学理科,2,40,check,,True
astronomy,天文学,Astronomy,29学問,True,astronomy-field-01,観測の基礎,Basics of Observation,10,True,astro-005,肉眼・双眼鏡・望遠鏡,"Naked eye, binoculars and telescopes",小学理科・中学理科,2,50,check,,True
astronomy,天文学,Astronomy,29学問,True,astronomy-field-01,観測の基礎,Basics of Observation,10,True,astro-006,天体望遠鏡の仕組み,How astronomical telescopes work,小学理科・中学理科,2,60,check,,True
astronomy,天文学,Astronomy,29学問,True,astronomy-field-01,観測の基礎,Basics of Observation,10,True,astro-007,電磁波で宇宙を見る,Seeing the universe with electromagnetic waves,小学理科・中学理科,2,70,check,,True
astronomy,天文学,Astronomy,29学問,True,astronomy-field-01,観測の基礎,Basics of Observation,10,True,astro-008-s1,可視光・赤外線・電波・X線観測：可視光観測,"Visible, infrared, radio and X-ray observation: visible light",小学理科・中学理科,2,81,check,,True
astronomy,天文学,Astronomy,29学問,True,astronomy-field-01,観測の基礎,Basics of Observation,10,True,astro-008-s2,可視光・赤外線・電波・X線観測：赤外線観測,"Visible, infrared, radio and X-ray observation: infrared",小学理科・中学理科,2,82,check,,True
astronomy,天文学,Astronomy,29学問,True,astronomy-field-01,観測の基礎,Basics of Observation,10,True,astro-008-s3,可視光・赤外線・電波・X線観測：電波観測,"Visible, infrared, radio and X-ray observation: radio",小学理科・中学理科,2,83,check,,True
astronomy,天文学,Astronomy,29学問,True,astronomy-field-01,観測の基礎,Basics of Observation,10,True,astro-008-s4,可視光・赤外線・電波・X線観測：X線・ガンマ線観測,"Visible, infrared, radio and X-ray observation: X-rays and gamma rays",小学理科・中学理科,2,84,check,,True
astronomy,天文学,Astronomy,29学問,True,astronomy-field-01,観測の基礎,Basics of Observation,10,True,astro-009,分光観測,Spectroscopic observation,小学理科・中学理科,2,90,check,,True
astronomy,天文学,Astronomy,29学問,True,astronomy-field-01,観測の基礎,Basics of Observation,10,True,astro-010,測光と等級,Photometry and magnitudes,小学理科・中学理科,2,100,check,,True
astronomy,天文学,Astronomy,29学問,True,astronomy-field-02,地球と空,The Earth and the Sky,20,True,astro-011,地球の自転,Earth's rotation,中学理科・高校 地学基礎,2,10,check,,True
astronomy,天文学,Astronomy,29学問,True,astronomy-field-02,地球と空,The Earth and the Sky,20,True,astro-012,地球の公転,Earth's revolution,中学理科・高校 地学基礎,2,20,check,,True
astronomy,天文学,Astronomy,29学問,True,astronomy-field-02,地球と空,The Earth and the Sky,20,True,astro-013,季節と地球の公転,Seasons and Earth's orbit,中学理科・高校 地学基礎,2,30,check,,True
astronomy,天文学,Astronomy,29学問,True,astronomy-field-02,地球と空,The Earth and the Sky,20,True,astro-014,天球,The celestial sphere,中学理科・高校 地学基礎,2,40,check,,True
astronomy,天文学,Astronomy,29学問,True,astronomy-field-02,地球と空,The Earth and the Sky,20,True,astro-015,天の北極と天の南極,North and south celestial poles,中学理科・高校 地学基礎,2,50,check,,True
astronomy,天文学,Astronomy,29学問,True,astronomy-field-02,地球と空,The Earth and the Sky,20,True,astro-016,黄道,The ecliptic,中学理科・高校 地学基礎,2,60,check,,True
astronomy,天文学,Astronomy,29学問,True,astronomy-field-02,地球と空,The Earth and the Sky,20,True,astro-017,恒星時と太陽時,Sidereal time and solar time,中学理科・高校 地学基礎,2,70,check,,True
astronomy,天文学,Astronomy,29学問,True,astronomy-field-03,月,The Moon,30,True,astro-018,月の満ち欠け,Phases of the Moon,小学理科・中学理科・高校 地学,2,10,check,,True
astronomy,天文学,Astronomy,29学問,True,astronomy-field-03,月,The Moon,30,True,astro-019,月の公転,The Moon's orbit,小学理科・中学理科・高校 地学,2,20,check,,True
astronomy,天文学,Astronomy,29学問,True,astronomy-field-03,月,The Moon,30,True,astro-020,日食,Solar eclipses,小学理科・中学理科・高校 地学,2,30,check,,True
astronomy,天文学,Astronomy,29学問,True,astronomy-field-03,月,The Moon,30,True,astro-021,月食,Lunar eclipses,小学理科・中学理科・高校 地学,2,40,check,,True
astronomy,天文学,Astronomy,29学問,True,astronomy-field-03,月,The Moon,30,True,astro-022,潮汐と月,Tides and the Moon,小学理科・中学理科・高校 地学,2,50,check,,True
astronomy,天文学,Astronomy,29学問,True,astronomy-field-03,月,The Moon,30,True,astro-023,月の地形,Lunar topography,小学理科・中学理科・高校 地学,2,60,check,,True
astronomy,天文学,Astronomy,29学問,True,astronomy-field-03,月,The Moon,30,True,astro-024,月の起源,Origin of the Moon,小学理科・中学理科・高校 地学,2,70,check,,True
astronomy,天文学,Astronomy,29学問,True,astronomy-field-04,太陽,The Sun,40,True,astro-025,太陽の見かけの動き,Apparent motion of the Sun,小学理科・中学理科・高校 地学,2,10,check,,True
astronomy,天文学,Astronomy,29学問,True,astronomy-field-04,太陽,The Sun,40,True,astro-026,太陽の構造,Structure of the Sun,小学理科・中学理科・高校 地学,2,20,check,,True
astronomy,天文学,Astronomy,29学問,True,astronomy-field-04,太陽,The Sun,40,True,astro-027,太陽のエネルギー源,The Sun's energy source,小学理科・中学理科・高校 地学,2,30,check,,True
astronomy,天文学,Astronomy,29学問,True,astronomy-field-04,太陽,The Sun,40,True,astro-028,核融合,Nuclear fusion,小学理科・中学理科・高校 地学,2,40,check,,True
astronomy,天文学,Astronomy,29学問,True,astronomy-field-04,太陽,The Sun,40,True,astro-029,黒点,Sunspots,小学理科・中学理科・高校 地学,2,50,check,,True
astronomy,天文学,Astronomy,29学問,True,astronomy-field-04,太陽,The Sun,40,True,astro-030,太陽活動,Solar activity,小学理科・中学理科・高校 地学,2,60,check,,True
astronomy,天文学,Astronomy,29学問,True,astronomy-field-04,太陽,The Sun,40,True,astro-031,太陽風,Solar wind,小学理科・中学理科・高校 地学,2,70,check,,True
astronomy,天文学,Astronomy,29学問,True,astronomy-field-04,太陽,The Sun,40,True,astro-032,オーロラ,Auroras,小学理科・中学理科・高校 地学,2,80,check,,True
astronomy,天文学,Astronomy,29学問,True,astronomy-field-05,太陽系,The Solar System,50,True,astro-033,太陽系の構成,Composition of the Solar System,中学理科・高校 地学,2,10,check,,True
astronomy,天文学,Astronomy,29学問,True,astronomy-field-05,太陽系,The Solar System,50,True,astro-034,地球型惑星,Terrestrial planets,中学理科・高校 地学,2,20,check,,True
astronomy,天文学,Astronomy,29学問,True,astronomy-field-05,太陽系,The Solar System,50,True,astro-035,木星型惑星,Jovian planets,中学理科・高校 地学,2,30,check,,True
astronomy,天文学,Astronomy,29学問,True,astronomy-field-05,太陽系,The Solar System,50,True,astro-036,準惑星,Dwarf planets,中学理科・高校 地学,2,40,check,,True
astronomy,天文学,Astronomy,29学問,True,astronomy-field-05,太陽系,The Solar System,50,True,astro-037,小惑星,Asteroids,中学理科・高校 地学,2,50,check,,True
astronomy,天文学,Astronomy,29学問,True,astronomy-field-05,太陽系,The Solar System,50,True,astro-038,彗星,Comets,中学理科・高校 地学,2,60,check,,True
astronomy,天文学,Astronomy,29学問,True,astronomy-field-05,太陽系,The Solar System,50,True,astro-039,流星と隕石,Meteors and meteorites,中学理科・高校 地学,2,70,check,,True
astronomy,天文学,Astronomy,29学問,True,astronomy-field-05,太陽系,The Solar System,50,True,astro-040,惑星の公転,Planetary orbits,中学理科・高校 地学,2,80,check,,True
astronomy,天文学,Astronomy,29学問,True,astronomy-field-05,太陽系,The Solar System,50,True,astro-041,ケプラーの法則,Kepler's laws,中学理科・高校 地学,2,90,check,,True
astronomy,天文学,Astronomy,29学問,True,astronomy-field-05,太陽系,The Solar System,50,True,astro-042,ニュートン力学と惑星運動,Newtonian mechanics and planetary motion,中学理科・高校 地学,2,100,check,,True
astronomy,天文学,Astronomy,29学問,True,astronomy-field-05,太陽系,The Solar System,50,True,astro-043,太陽系の形成,Formation of the Solar System,中学理科・高校 地学,2,110,check,,True
astronomy,天文学,Astronomy,29学問,True,astronomy-field-05,太陽系,The Solar System,50,True,astro-044,系外惑星,Exoplanets,中学理科・高校 地学,2,120,check,,True
astronomy,天文学,Astronomy,29学問,True,astronomy-field-06,恒星,Stars,60,True,astro-045,恒星までの距離,Distances to stars,高校 地学・大学教養,2,10,check,,True
astronomy,天文学,Astronomy,29学問,True,astronomy-field-06,恒星,Stars,60,True,astro-046,年周視差,Annual parallax,高校 地学・大学教養,2,20,check,,True
astronomy,天文学,Astronomy,29学問,True,astronomy-field-06,恒星,Stars,60,True,astro-047,恒星の明るさ,Brightness of stars,高校 地学・大学教養,2,30,check,,True
astronomy,天文学,Astronomy,29学問,True,astronomy-field-06,恒星,Stars,60,True,astro-048,絶対等級,Absolute magnitude,高校 地学・大学教養,2,40,check,,True
astronomy,天文学,Astronomy,29学問,True,astronomy-field-06,恒星,Stars,60,True,astro-049,恒星の色と温度,Color and temperature of stars,高校 地学・大学教養,2,50,check,,True
astronomy,天文学,Astronomy,29学問,True,astronomy-field-06,恒星,Stars,60,True,astro-050,スペクトル型,Spectral types,高校 地学・大学教養,2,60,check,,True
astronomy,天文学,Astronomy,29学問,True,astronomy-field-06,恒星,Stars,60,True,astro-051,HR図,HR diagram,高校 地学・大学教養,2,70,check,,True
astronomy,天文学,Astronomy,29学問,True,astronomy-field-06,恒星,Stars,60,True,astro-052,恒星の質量,Stellar mass,高校 地学・大学教養,2,80,check,,True
astronomy,天文学,Astronomy,29学問,True,astronomy-field-06,恒星,Stars,60,True,astro-053,恒星の誕生,Birth of stars,高校 地学・大学教養,2,90,check,,True
astronomy,天文学,Astronomy,29学問,True,astronomy-field-06,恒星,Stars,60,True,astro-054,主系列星,Main-sequence stars,高校 地学・大学教養,2,100,check,,True
astronomy,天文学,Astronomy,29学問,True,astronomy-field-06,恒星,Stars,60,True,astro-055,赤色巨星,Red giants,高校 地学・大学教養,2,110,check,,True
astronomy,天文学,Astronomy,29学問,True,astronomy-field-06,恒星,Stars,60,True,astro-056,白色矮星,White dwarfs,高校 地学・大学教養,2,120,check,,True
astronomy,天文学,Astronomy,29学問,True,astronomy-field-06,恒星,Stars,60,True,astro-057,超新星,Supernovae,高校 地学・大学教養,2,130,check,,True
astronomy,天文学,Astronomy,29学問,True,astronomy-field-06,恒星,Stars,60,True,astro-058,中性子星,Neutron stars,高校 地学・大学教養,2,140,check,,True
astronomy,天文学,Astronomy,29学問,True,astronomy-field-06,恒星,Stars,60,True,astro-059,ブラックホール,Black holes,高校 地学・大学教養,2,150,check,,True
astronomy,天文学,Astronomy,29学問,True,astronomy-field-06,恒星,Stars,60,True,astro-060,連星,Binary stars,高校 地学・大学教養,2,160,check,,True
astronomy,天文学,Astronomy,29学問,True,astronomy-field-06,恒星,Stars,60,True,astro-061,変光星,Variable stars,高校 地学・大学教養,2,170,check,,True
astronomy,天文学,Astronomy,29学問,True,astronomy-field-06,恒星,Stars,60,True,astro-062,恒星の元素合成,Stellar nucleosynthesis,高校 地学・大学教養,2,180,check,,True
astronomy,天文学,Astronomy,29学問,True,astronomy-field-07,星間物質,Interstellar Matter,70,True,astro-063,星間ガスと星間塵,Interstellar gas and dust,高校 地学・大学教養,2,10,check,,True
astronomy,天文学,Astronomy,29学問,True,astronomy-field-07,星間物質,Interstellar Matter,70,True,astro-064,分子雲,Molecular clouds,高校 地学・大学教養,2,20,check,,True
astronomy,天文学,Astronomy,29学問,True,astronomy-field-07,星間物質,Interstellar Matter,70,True,astro-065,散光星雲,Diffuse nebulae,高校 地学・大学教養,2,30,check,,True
astronomy,天文学,Astronomy,29学問,True,astronomy-field-07,星間物質,Interstellar Matter,70,True,astro-066,惑星状星雲,Planetary nebulae,高校 地学・大学教養,2,40,check,,True
astronomy,天文学,Astronomy,29学問,True,astronomy-field-07,星間物質,Interstellar Matter,70,True,astro-067,星形成領域,Star-forming regions,高校 地学・大学教養,2,50,check,,True
astronomy,天文学,Astronomy,29学問,True,astronomy-field-08,銀河,Galaxies,80,True,astro-068,銀河系の構造,Structure of the Milky Way,高校 地学・大学教養,2,10,check,,True
astronomy,天文学,Astronomy,29学問,True,astronomy-field-08,銀河,Galaxies,80,True,astro-069,銀河系の中心,Center of the Milky Way,高校 地学・大学教養,2,20,check,,True
astronomy,天文学,Astronomy,29学問,True,astronomy-field-08,銀河,Galaxies,80,True,astro-070,渦巻銀河,Spiral galaxies,高校 地学・大学教養,2,30,check,,True
astronomy,天文学,Astronomy,29学問,True,astronomy-field-08,銀河,Galaxies,80,True,astro-071,楕円銀河,Elliptical galaxies,高校 地学・大学教養,2,40,check,,True
astronomy,天文学,Astronomy,29学問,True,astronomy-field-08,銀河,Galaxies,80,True,astro-072,不規則銀河,Irregular galaxies,高校 地学・大学教養,2,50,check,,True
astronomy,天文学,Astronomy,29学問,True,astronomy-field-08,銀河,Galaxies,80,True,astro-073,銀河団,Galaxy clusters,高校 地学・大学教養,2,60,check,,True
astronomy,天文学,Astronomy,29学問,True,astronomy-field-08,銀河,Galaxies,80,True,astro-074,銀河の衝突と進化,Galaxy collisions and evolution,高校 地学・大学教養,2,70,check,,True
astronomy,天文学,Astronomy,29学問,True,astronomy-field-08,銀河,Galaxies,80,True,astro-075,活動銀河核,Active galactic nuclei,高校 地学・大学教養,2,80,check,,True
astronomy,天文学,Astronomy,29学問,True,astronomy-field-08,銀河,Galaxies,80,True,astro-076,クエーサー,Quasars,高校 地学・大学教養,2,90,check,,True
astronomy,天文学,Astronomy,29学問,True,astronomy-field-08,銀河,Galaxies,80,True,astro-077,暗黒物質,Dark matter,高校 地学・大学教養,2,100,check,,True
astronomy,天文学,Astronomy,29学問,True,astronomy-field-09,宇宙論,Cosmology,90,True,astro-078,宇宙の膨張,Expansion of the universe,高校 地学・大学教養,2,10,check,,True
astronomy,天文学,Astronomy,29学問,True,astronomy-field-09,宇宙論,Cosmology,90,True,astro-079,ハッブル・ルメートルの法則,Hubble-Lemaître law,高校 地学・大学教養,2,20,check,,True
astronomy,天文学,Astronomy,29学問,True,astronomy-field-09,宇宙論,Cosmology,90,True,astro-080,ビッグバン宇宙論,Big Bang cosmology,高校 地学・大学教養,2,30,check,,True
astronomy,天文学,Astronomy,29学問,True,astronomy-field-09,宇宙論,Cosmology,90,True,astro-081,宇宙背景放射,Cosmic microwave background,高校 地学・大学教養,2,40,check,,True
astronomy,天文学,Astronomy,29学問,True,astronomy-field-09,宇宙論,Cosmology,90,True,astro-082,宇宙の元素合成,Big Bang nucleosynthesis,高校 地学・大学教養,2,50,check,,True
astronomy,天文学,Astronomy,29学問,True,astronomy-field-09,宇宙論,Cosmology,90,True,astro-083,宇宙の大規模構造,Large-scale structure of the universe,高校 地学・大学教養,2,60,check,,True
astronomy,天文学,Astronomy,29学問,True,astronomy-field-09,宇宙論,Cosmology,90,True,astro-084,ダークエネルギー,Dark energy,高校 地学・大学教養,2,70,check,,True
astronomy,天文学,Astronomy,29学問,True,astronomy-field-09,宇宙論,Cosmology,90,True,astro-085,宇宙の年齢,Age of the universe,高校 地学・大学教養,2,80,check,,True
astronomy,天文学,Astronomy,29学問,True,astronomy-field-09,宇宙論,Cosmology,90,True,astro-086,宇宙の未来,Future of the universe,高校 地学・大学教養,2,90,check,,True
astronomy,天文学,Astronomy,29学問,True,astronomy-field-10,宇宙生命,Life in the Universe,100,True,astro-087,生命居住可能領域,Habitable zone,大学教養,2,10,check,,True
astronomy,天文学,Astronomy,29学問,True,astronomy-field-10,宇宙生命,Life in the Universe,100,True,astro-088,地球外生命探査,Search for extraterrestrial life,大学教養,2,20,check,,True
astronomy,天文学,Astronomy,29学問,True,astronomy-field-10,宇宙生命,Life in the Universe,100,True,astro-089,SETI,SETI,大学教養,2,30,check,,True
astronomy,天文学,Astronomy,29学問,True,astronomy-field-10,宇宙生命,Life in the Universe,100,True,astro-090,フェルミのパラドックス,Fermi paradox,大学教養,2,40,check,,True
astronomy,天文学,Astronomy,29学問,True,astronomy-field-10,宇宙生命,Life in the Universe,100,True,astro-091,アストロバイオロジー,Astrobiology,大学教養,2,50,check,,True
astronomy,天文学,Astronomy,29学問,True,astronomy-field-11,宇宙開発,Space Development,110,True,astro-092,人工衛星,Artificial satellites,中学理科・高校 地学・大学教養,2,10,check,,True
astronomy,天文学,Astronomy,29学問,True,astronomy-field-11,宇宙開発,Space Development,110,True,astro-093,ロケット,Rockets,中学理科・高校 地学・大学教養,2,20,check,,True
astronomy,天文学,Astronomy,29学問,True,astronomy-field-11,宇宙開発,Space Development,110,True,astro-094,宇宙探査機,Space probes,中学理科・高校 地学・大学教養,2,30,check,,True
astronomy,天文学,Astronomy,29学問,True,astronomy-field-11,宇宙開発,Space Development,110,True,astro-095,有人宇宙飛行,Human spaceflight,中学理科・高校 地学・大学教養,2,40,check,,True
astronomy,天文学,Astronomy,29学問,True,astronomy-field-11,宇宙開発,Space Development,110,True,astro-096,宇宙ステーション,Space stations,中学理科・高校 地学・大学教養,2,50,check,,True
astronomy,天文学,Astronomy,29学問,True,astronomy-field-11,宇宙開発,Space Development,110,True,astro-097,惑星探査,Planetary exploration,中学理科・高校 地学・大学教養,2,60,check,,True
astronomy,天文学,Astronomy,29学問,True,astronomy-field-11,宇宙開発,Space Development,110,True,astro-098,宇宙望遠鏡,Space telescopes,中学理科・高校 地学・大学教養,2,70,check,,True
astronomy,天文学,Astronomy,29学問,True,astronomy-field-11,宇宙開発,Space Development,110,True,astro-099,宇宙開発と社会,Space development and society,中学理科・高校 地学・大学教養,2,80,check,,True
earth-science,地球科学,Earth Science,29学問,True,earth-science-field-02,地球の形と内部,Shape and Interior of the Earth,20,True,earth-006,地球の形と大きさ,Shape and size of the Earth,高校 地学基礎,2,10,check,,True
earth-science,地球科学,Earth Science,29学問,True,earth-science-field-02,地球の形と内部,Shape and Interior of the Earth,20,True,earth-007,地球の層構造,Layered structure of the Earth,中学理科・高校 地学基礎,2,20,check,,True
earth-science,地球科学,Earth Science,29学問,True,earth-science-field-02,地球の形と内部,Shape and Interior of the Earth,20,True,earth-008,地殻・マントル・核,"Crust, mantle and core",中学理科・高校 地学基礎,2,30,check,,True
earth-science,地球科学,Earth Science,29学問,True,earth-science-field-02,地球の形と内部,Shape and Interior of the Earth,20,True,earth-009,地震波で地球内部を調べる,Probing the interior with seismic waves,高校 地学,2,40,check,,True
earth-science,地球科学,Earth Science,29学問,True,earth-science-field-02,地球の形と内部,Shape and Interior of the Earth,20,True,earth-010,モホロビチッチ不連続面,Mohorovičić discontinuity,高校 地学,2,50,check,,True
earth-science,地球科学,Earth Science,29学問,True,earth-science-field-02,地球の形と内部,Shape and Interior of the Earth,20,True,earth-011,外核と内核,Outer and inner core,高校 地学,2,60,check,,True
earth-science,地球科学,Earth Science,29学問,True,earth-science-field-02,地球の形と内部,Shape and Interior of the Earth,20,True,earth-012,地球内部の熱,Heat in the Earth's interior,大学教養,2,70,check,,True
earth-science,地球科学,Earth Science,29学問,True,earth-science-field-03,鉱物と岩石,Minerals and Rocks,30,True,earth-013,鉱物とは何か,What is a mineral?,中学理科・高校 地学,2,10,check,,True
earth-science,地球科学,Earth Science,29学問,True,earth-science-field-03,鉱物と岩石,Minerals and Rocks,30,True,earth-014,鉱物の結晶,Mineral crystals,高校 地学,2,20,check,,True
earth-science,地球科学,Earth Science,29学問,True,earth-science-field-03,鉱物と岩石,Minerals and Rocks,30,True,earth-015,鉱物の分類,Classification of minerals,高校 地学,2,30,check,,True
earth-science,地球科学,Earth Science,29学問,True,earth-science-field-03,鉱物と岩石,Minerals and Rocks,30,True,earth-016,火成岩,Igneous rocks,中学理科・高校 地学基礎,2,40,check,,True
earth-science,地球科学,Earth Science,29学問,True,earth-science-field-03,鉱物と岩石,Minerals and Rocks,30,True,earth-017,堆積岩,Sedimentary rocks,小学理科・中学理科・高校 地学基礎,2,50,check,,True
earth-science,地球科学,Earth Science,29学問,True,earth-science-field-03,鉱物と岩石,Minerals and Rocks,30,True,earth-018,変成岩,Metamorphic rocks,高校 地学,2,60,check,,True
earth-science,地球科学,Earth Science,29学問,True,earth-science-field-03,鉱物と岩石,Minerals and Rocks,30,True,earth-019,岩石サイクル,The rock cycle,大学教養,2,70,check,,True
earth-science,地球科学,Earth Science,29学問,True,earth-science-field-03,鉱物と岩石,Minerals and Rocks,30,True,earth-004,野外観察と地質調査,Field observation and geological surveys,中学理科・高校 地学,2,80,check,,True
earth-science,地球科学,Earth Science,29学問,True,earth-science-field-04,プレートテクトニクス,Plate Tectonics,40,True,earth-020,大陸移動説,Continental drift theory,高校 地学基礎,2,10,check,,True
earth-science,地球科学,Earth Science,29学問,True,earth-science-field-04,プレートテクトニクス,Plate Tectonics,40,True,earth-021,海洋底拡大説,Seafloor spreading,高校 地学基礎,2,20,check,,True
earth-science,地球科学,Earth Science,29学問,True,earth-science-field-04,プレートテクトニクス,Plate Tectonics,40,True,earth-022,プレートとは何か,What is a plate?,中学理科・高校 地学基礎,2,30,check,,True
earth-science,地球科学,Earth Science,29学問,True,earth-science-field-04,プレートテクトニクス,Plate Tectonics,40,True,earth-023,発散境界,Divergent boundaries,高校 地学,2,40,check,,True
earth-science,地球科学,Earth Science,29学問,True,earth-science-field-04,プレートテクトニクス,Plate Tectonics,40,True,earth-024,収束境界,Convergent boundaries,高校 地学,2,50,check,,True
earth-science,地球科学,Earth Science,29学問,True,earth-science-field-04,プレートテクトニクス,Plate Tectonics,40,True,earth-025,横ずれ境界,Transform boundaries,高校 地学,2,60,check,,True
earth-science,地球科学,Earth Science,29学問,True,earth-science-field-04,プレートテクトニクス,Plate Tectonics,40,True,earth-026,沈み込み帯,Subduction zones,中学理科・高校 地学,2,70,check,,True
earth-science,地球科学,Earth Science,29学問,True,earth-science-field-04,プレートテクトニクス,Plate Tectonics,40,True,earth-027,ホットスポット,Hotspots,高校 地学,2,80,check,,True
earth-science,地球科学,Earth Science,29学問,True,earth-science-field-04,プレートテクトニクス,Plate Tectonics,40,True,earth-028,マントル対流,Mantle convection,高校 地学・大学教養,2,90,check,,True
earth-science,地球科学,Earth Science,29学問,True,earth-science-field-05,地震,Earthquakes,50,True,earth-029,地震とは何か,What is an earthquake?,小学理科・中学理科,2,10,check,,True
earth-science,地球科学,Earth Science,29学問,True,earth-science-field-05,地震,Earthquakes,50,True,earth-030,震源と震央,Hypocenter and epicenter,中学理科,2,20,check,,True
earth-science,地球科学,Earth Science,29学問,True,earth-science-field-05,地震,Earthquakes,50,True,earth-031,P波とS波,P waves and S waves,中学理科・高校 地学基礎,2,30,check,,True
earth-science,地球科学,Earth Science,29学問,True,earth-science-field-05,地震,Earthquakes,50,True,earth-032,初期微動と主要動,Preliminary tremors and main shaking,中学理科,2,40,check,,True
earth-science,地球科学,Earth Science,29学問,True,earth-science-field-05,地震,Earthquakes,50,True,earth-033,マグニチュードと震度,Magnitude and seismic intensity,中学理科,2,50,check,,True
earth-science,地球科学,Earth Science,29学問,True,earth-science-field-05,地震,Earthquakes,50,True,earth-034,断層,Faults,中学理科・高校 地学,2,60,check,,True
earth-science,地球科学,Earth Science,29学問,True,earth-science-field-05,地震,Earthquakes,50,True,earth-035,活断層,Active faults,中学理科・高校 地学,2,70,check,,True
earth-science,地球科学,Earth Science,29学問,True,earth-science-field-05,地震,Earthquakes,50,True,earth-036,プレート境界地震,Plate-boundary earthquakes,中学理科・高校 地学,2,80,check,,True
earth-science,地球科学,Earth Science,29学問,True,earth-science-field-05,地震,Earthquakes,50,True,earth-037,内陸地震,Intraplate (inland) earthquakes,高校 地学,2,90,check,,True
earth-science,地球科学,Earth Science,29学問,True,earth-science-field-05,地震,Earthquakes,50,True,earth-038,津波,Tsunamis,中学理科・高校 地学基礎,2,100,check,,True
earth-science,地球科学,Earth Science,29学問,True,earth-science-field-05,地震,Earthquakes,50,True,earth-039,地震災害と防災,Earthquake disasters and preparedness,小学理科・中学理科・高校 地学基礎,2,110,check,,True
earth-science,地球科学,Earth Science,29学問,True,earth-science-field-06,火山,Volcanoes,60,True,earth-040,火山とは何か,What is a volcano?,小学理科・中学理科,2,10,check,,True
earth-science,地球科学,Earth Science,29学問,True,earth-science-field-06,火山,Volcanoes,60,True,earth-041,マグマ,Magma,中学理科,2,20,check,,True
earth-science,地球科学,Earth Science,29学問,True,earth-science-field-06,火山,Volcanoes,60,True,earth-042,マグマの粘性と噴火様式,Magma viscosity and eruption styles,中学理科,2,30,check,,True
earth-science,地球科学,Earth Science,29学問,True,earth-science-field-06,火山,Volcanoes,60,True,earth-043,火山の形,Shapes of volcanoes,中学理科,2,40,check,,True
earth-science,地球科学,Earth Science,29学問,True,earth-science-field-06,火山,Volcanoes,60,True,earth-044,火山噴出物,Volcanic ejecta,中学理科,2,50,check,,True
earth-science,地球科学,Earth Science,29学問,True,earth-science-field-06,火山,Volcanoes,60,True,earth-045,火山帯とプレート,Volcanic belts and plates,高校 地学基礎,2,60,check,,True
earth-science,地球科学,Earth Science,29学問,True,earth-science-field-06,火山,Volcanoes,60,True,earth-046,火山災害と防災,Volcanic disasters and preparedness,中学理科・高校 地学基礎,2,70,check,,True
earth-science,地球科学,Earth Science,29学問,True,earth-science-field-07,地層と地史,Strata and Earth History,70,True,earth-047,流れる水のはたらき,Work of flowing water,小学理科,2,10,check,,True
earth-science,地球科学,Earth Science,29学問,True,earth-science-field-07,地層と地史,Strata and Earth History,70,True,earth-048,侵食・運搬・堆積,"Erosion, transport and deposition",小学理科・中学理科,2,20,check,,True
earth-science,地球科学,Earth Science,29学問,True,earth-science-field-07,地層と地史,Strata and Earth History,70,True,earth-049,地層のでき方,How strata form,小学理科・中学理科,2,30,check,,True
earth-science,地球科学,Earth Science,29学問,True,earth-science-field-07,地層と地史,Strata and Earth History,70,True,earth-050,堆積構造,Sedimentary structures,高校 地学,2,40,check,,True
earth-science,地球科学,Earth Science,29学問,True,earth-science-field-07,地層と地史,Strata and Earth History,70,True,earth-051,化石,Fossils,小学理科・中学理科,2,50,check,,True
earth-science,地球科学,Earth Science,29学問,True,earth-science-field-07,地層と地史,Strata and Earth History,70,True,earth-052,示準化石,Index fossils,中学理科・高校 地学基礎,2,60,check,,True
earth-science,地球科学,Earth Science,29学問,True,earth-science-field-07,地層と地史,Strata and Earth History,70,True,earth-053,示相化石,Facies fossils,中学理科・高校 地学基礎,2,70,check,,True
earth-science,地球科学,Earth Science,29学問,True,earth-science-field-07,地層と地史,Strata and Earth History,70,True,earth-054,地層の対比,Correlation of strata,高校 地学,2,80,check,,True
earth-science,地球科学,Earth Science,29学問,True,earth-science-field-07,地層と地史,Strata and Earth History,70,True,earth-055,相対年代,Relative dating,高校 地学基礎,2,90,check,,True
earth-science,地球科学,Earth Science,29学問,True,earth-science-field-07,地層と地史,Strata and Earth History,70,True,earth-056,放射年代測定,Radiometric dating,高校 地学,2,100,check,,True
earth-science,地球科学,Earth Science,29学問,True,earth-science-field-07,地層と地史,Strata and Earth History,70,True,earth-057,地質年代,Geologic time scale,高校 地学基礎,2,110,check,,True
earth-science,地球科学,Earth Science,29学問,True,earth-science-field-07,地層と地史,Strata and Earth History,70,True,earth-058-s1,先カンブリア時代：冥王代と地球・海洋の誕生,Precambrian: Hadean and the birth of Earth and oceans,高校 地学,2,121,check,,True
earth-science,地球科学,Earth Science,29学問,True,earth-science-field-07,地層と地史,Strata and Earth History,70,True,earth-058-s2,先カンブリア時代：太古代と生命の誕生・光合成の始まり,"Precambrian: Archean, origin of life and the start of photosynthesis",高校 地学,2,122,check,,True
earth-science,地球科学,Earth Science,29学問,True,earth-science-field-07,地層と地史,Strata and Earth History,70,True,earth-058-s3,先カンブリア時代：原生代（大酸化イベント・全球凍結・エディアカラ生物群）,"Precambrian: Proterozoic (Great Oxidation Event, Snowball Earth, Ediacaran biota)",高校 地学,2,123,check,,True
earth-science,地球科学,Earth Science,29学問,True,earth-science-field-07,地層と地史,Strata and Earth History,70,True,earth-059-s1,古生代：カンブリア爆発と海の生物,Paleozoic: Cambrian explosion and marine life,高校 地学基礎,2,131,check,,True
earth-science,地球科学,Earth Science,29学問,True,earth-science-field-07,地層と地史,Strata and Earth History,70,True,earth-059-s2,古生代：植物と脊椎動物の陸上進出,Paleozoic: plants and vertebrates move onto land,高校 地学基礎,2,132,check,,True
earth-science,地球科学,Earth Science,29学問,True,earth-science-field-07,地層と地史,Strata and Earth History,70,True,earth-059-s3,古生代：石炭紀の森林とパンゲアの形成,Paleozoic: Carboniferous forests and the formation of Pangaea,高校 地学基礎,2,133,check,,True
earth-science,地球科学,Earth Science,29学問,True,earth-science-field-07,地層と地史,Strata and Earth History,70,True,earth-060-s1,中生代：三畳紀と恐竜・哺乳類の出現,Mesozoic: Triassic and the appearance of dinosaurs and mammals,高校 地学基礎,2,141,check,,True
earth-science,地球科学,Earth Science,29学問,True,earth-science-field-07,地層と地史,Strata and Earth History,70,True,earth-060-s2,中生代：ジュラ紀とパンゲアの分裂,Mesozoic: Jurassic and the breakup of Pangaea,高校 地学基礎,2,142,check,,True
earth-science,地球科学,Earth Science,29学問,True,earth-science-field-07,地層と地史,Strata and Earth History,70,True,earth-060-s3,中生代：白亜紀と被子植物の繁栄,Mesozoic: Cretaceous and the rise of flowering plants,高校 地学基礎,2,143,check,,True
earth-science,地球科学,Earth Science,29学問,True,earth-science-field-07,地層と地史,Strata and Earth History,70,True,earth-061-s1,新生代：古第三紀・新第三紀と哺乳類の適応放散,Cenozoic: Paleogene/Neogene and the adaptive radiation of mammals,高校 地学基礎,2,151,check,,True
earth-science,地球科学,Earth Science,29学問,True,earth-science-field-07,地層と地史,Strata and Earth History,70,True,earth-061-s2,新生代：第四紀と氷河時代,Cenozoic: Quaternary and the ice ages,高校 地学基礎,2,152,check,,True
earth-science,地球科学,Earth Science,29学問,True,earth-science-field-07,地層と地史,Strata and Earth History,70,True,earth-061-s3,新生代：人類の出現と進化,Cenozoic: appearance and evolution of humans,高校 地学基礎,2,153,check,,True
earth-science,地球科学,Earth Science,29学問,True,earth-science-field-07,地層と地史,Strata and Earth History,70,True,earth-062,大量絶滅,Mass extinctions,高校 地学・大学教養,2,160,check,,True
earth-science,地球科学,Earth Science,29学問,True,earth-science-field-07,地層と地史,Strata and Earth History,70,True,earth-005,地球科学の時間・空間スケール,Time and space scales in earth science,大学教養,2,170,check,,True
earth-science,地球科学,Earth Science,29学問,True,earth-science-field-08,地形,Landforms,80,True,earth-063,風化,Weathering,中学理科・大学教養,2,10,check,,True
earth-science,地球科学,Earth Science,29学問,True,earth-science-field-08,地形,Landforms,80,True,earth-064,河川地形,River landforms,小学理科・中学理科,2,20,check,,True
earth-science,地球科学,Earth Science,29学問,True,earth-science-field-08,地形,Landforms,80,True,earth-065,扇状地・三角州,Alluvial fans and deltas,中学社会・高校 地学,2,30,check,,True
earth-science,地球科学,Earth Science,29学問,True,earth-science-field-08,地形,Landforms,80,True,earth-066,海岸地形,Coastal landforms,高校 地学,2,40,check,,True
earth-science,地球科学,Earth Science,29学問,True,earth-science-field-08,地形,Landforms,80,True,earth-067,氷河地形,Glacial landforms,大学教養,2,50,check,,True
earth-science,地球科学,Earth Science,29学問,True,earth-science-field-08,地形,Landforms,80,True,earth-068,カルスト地形,Karst landforms,大学教養,2,60,check,,True
earth-science,地球科学,Earth Science,29学問,True,earth-science-field-08,地形,Landforms,80,True,earth-069,地形形成とテクトニクス,Landform formation and tectonics,高校 地学・大学教養,2,70,check,,True
earth-science,地球科学,Earth Science,29学問,True,earth-science-field-09,大気,The Atmosphere,90,True,earth-070,大気の組成,Composition of the atmosphere,中学理科・高校 地学基礎,2,10,check,,True
earth-science,地球科学,Earth Science,29学問,True,earth-science-field-09,大気,The Atmosphere,90,True,earth-071,大気圏の層構造,Layers of the atmosphere,高校 地学基礎,2,20,check,,True
earth-science,地球科学,Earth Science,29学問,True,earth-science-field-09,大気,The Atmosphere,90,True,earth-072,気圧,Air pressure,小学理科・中学理科,2,30,check,,True
earth-science,地球科学,Earth Science,29学問,True,earth-science-field-09,大気,The Atmosphere,90,True,earth-073,気温,Air temperature,小学理科・中学理科,2,40,check,,True
earth-science,地球科学,Earth Science,29学問,True,earth-science-field-09,大気,The Atmosphere,90,True,earth-074,湿度,Humidity,中学理科,2,50,check,,True
earth-science,地球科学,Earth Science,29学問,True,earth-science-field-09,大気,The Atmosphere,90,True,earth-075,飽和水蒸気量,Saturation water vapor content,中学理科,2,60,check,,True
earth-science,地球科学,Earth Science,29学問,True,earth-science-field-09,大気,The Atmosphere,90,True,earth-076,雲のでき方,How clouds form,小学理科・中学理科,2,70,check,,True
earth-science,地球科学,Earth Science,29学問,True,earth-science-field-09,大気,The Atmosphere,90,True,earth-077,降水のしくみ,How precipitation forms,小学理科・中学理科,2,80,check,,True
earth-science,地球科学,Earth Science,29学問,True,earth-science-field-09,大気,The Atmosphere,90,True,earth-078,断熱変化,Adiabatic changes,高校 地学,2,90,check,,True
earth-science,地球科学,Earth Science,29学問,True,earth-science-field-09,大気,The Atmosphere,90,True,earth-079,大気の安定・不安定,Atmospheric stability and instability,高校 地学,2,100,check,,True
earth-science,地球科学,Earth Science,29学問,True,earth-science-field-10,天気と気象,Weather and Meteorology,100,True,earth-080,天気図,Weather maps,中学理科,2,10,check,,True
earth-science,地球科学,Earth Science,29学問,True,earth-science-field-10,天気と気象,Weather and Meteorology,100,True,earth-081,高気圧と低気圧,High and low pressure systems,中学理科,2,20,check,,True
earth-science,地球科学,Earth Science,29学問,True,earth-science-field-10,天気と気象,Weather and Meteorology,100,True,earth-082,風が吹くしくみ,How wind blows,中学理科・高校 地学基礎,2,30,check,,True
earth-science,地球科学,Earth Science,29学問,True,earth-science-field-10,天気と気象,Weather and Meteorology,100,True,earth-083,気団,Air masses,中学理科,2,40,check,,True
earth-science,地球科学,Earth Science,29学問,True,earth-science-field-10,天気と気象,Weather and Meteorology,100,True,earth-084,前線,Fronts,中学理科,2,50,check,,True
earth-science,地球科学,Earth Science,29学問,True,earth-science-field-10,天気と気象,Weather and Meteorology,100,True,earth-085,温帯低気圧,Extratropical cyclones,中学理科・高校 地学,2,60,check,,True
earth-science,地球科学,Earth Science,29学問,True,earth-science-field-10,天気と気象,Weather and Meteorology,100,True,earth-086,台風・熱帯低気圧,Typhoons and tropical cyclones,小学理科・中学理科,2,70,check,,True
earth-science,地球科学,Earth Science,29学問,True,earth-science-field-10,天気と気象,Weather and Meteorology,100,True,earth-087,偏西風とジェット気流,Westerlies and jet streams,高校 地学基礎,2,80,check,,True
earth-science,地球科学,Earth Science,29学問,True,earth-science-field-10,天気と気象,Weather and Meteorology,100,True,earth-088,大気大循環,General circulation of the atmosphere,高校 地学,2,90,check,,True
earth-science,地球科学,Earth Science,29学問,True,earth-science-field-10,天気と気象,Weather and Meteorology,100,True,earth-089-s1,日本の四季の天気：冬の天気（西高東低）,Japan's seasonal weather: winter (west-high east-low pressure pattern),小学理科・中学理科,2,101,check,,True
earth-science,地球科学,Earth Science,29学問,True,earth-science-field-10,天気と気象,Weather and Meteorology,100,True,earth-089-s2,日本の四季の天気：春・秋の天気（移動性高気圧）,Japan's seasonal weather: spring and autumn (migratory highs),小学理科・中学理科,2,102,check,,True
earth-science,地球科学,Earth Science,29学問,True,earth-science-field-10,天気と気象,Weather and Meteorology,100,True,earth-089-s3,日本の四季の天気：梅雨と秋雨（停滞前線）,Japan's seasonal weather: tsuyu and autumn rains (stationary fronts),小学理科・中学理科,2,103,check,,True
earth-science,地球科学,Earth Science,29学問,True,earth-science-field-10,天気と気象,Weather and Meteorology,100,True,earth-089-s4,日本の四季の天気：夏の天気（太平洋高気圧）,Japan's seasonal weather: summer (Pacific High),小学理科・中学理科,2,104,check,,True
earth-science,地球科学,Earth Science,29学問,True,earth-science-field-10,天気と気象,Weather and Meteorology,100,True,earth-090,気象観測,Weather observation,小学理科・中学理科,2,110,check,,True
earth-science,地球科学,Earth Science,29学問,True,earth-science-field-10,天気と気象,Weather and Meteorology,100,True,earth-091,数値予報の考え方,Ideas of numerical weather prediction,大学教養,2,120,check,,True
earth-science,地球科学,Earth Science,29学問,True,earth-science-field-11,海洋,The Ocean,110,True,earth-092,海水の性質,Properties of seawater,高校 地学基礎,2,10,check,,True
earth-science,地球科学,Earth Science,29学問,True,earth-science-field-11,海洋,The Ocean,110,True,earth-093,海水温と塩分,Sea temperature and salinity,高校 地学,2,20,check,,True
earth-science,地球科学,Earth Science,29学問,True,earth-science-field-11,海洋,The Ocean,110,True,earth-094,海流,Ocean currents,中学理科・高校 地学,2,30,check,,True
earth-science,地球科学,Earth Science,29学問,True,earth-science-field-11,海洋,The Ocean,110,True,earth-095,表層循環,Surface circulation,高校 地学,2,40,check,,True
earth-science,地球科学,Earth Science,29学問,True,earth-science-field-11,海洋,The Ocean,110,True,earth-096,深層循環,Deep-water circulation,高校 地学,2,50,check,,True
earth-science,地球科学,Earth Science,29学問,True,earth-science-field-11,海洋,The Ocean,110,True,earth-097,潮汐,Tides,小学理科・高校 地学,2,60,check,,True
earth-science,地球科学,Earth Science,29学問,True,earth-science-field-11,海洋,The Ocean,110,True,earth-098,波浪,Ocean waves,大学教養,2,70,check,,True
earth-science,地球科学,Earth Science,29学問,True,earth-science-field-11,海洋,The Ocean,110,True,earth-099,海洋と大気の相互作用,Ocean-atmosphere interaction,高校 地学,2,80,check,,True
earth-science,地球科学,Earth Science,29学問,True,earth-science-field-11,海洋,The Ocean,110,True,earth-100,エルニーニョ・ラニーニャ,El Niño and La Niña,高校 地学・大学教養,2,90,check,,True
earth-science,地球科学,Earth Science,29学問,True,earth-science-field-12,水循環,The Water Cycle,120,True,earth-101,水の三態と循環,Three states of water and its cycle,小学理科・中学理科,2,10,check,,True
earth-science,地球科学,Earth Science,29学問,True,earth-science-field-12,水循環,The Water Cycle,120,True,earth-102,蒸発と降水,Evaporation and precipitation,小学理科,2,20,check,,True
earth-science,地球科学,Earth Science,29学問,True,earth-science-field-12,水循環,The Water Cycle,120,True,earth-103,地下水,Groundwater,大学教養,2,30,check,,True
earth-science,地球科学,Earth Science,29学問,True,earth-science-field-12,水循環,The Water Cycle,120,True,earth-104,河川流域,River basins,大学教養,2,40,check,,True
earth-science,地球科学,Earth Science,29学問,True,earth-science-field-12,水循環,The Water Cycle,120,True,earth-105,洪水と治水,Floods and flood control,小学理科・大学教養,2,50,check,,True
earth-science,地球科学,Earth Science,29学問,True,earth-science-field-13,気候,Climate,130,True,earth-106,天気と気候の違い,Difference between weather and climate,中学理科・高校 地学基礎,2,10,check,,True
earth-science,地球科学,Earth Science,29学問,True,earth-science-field-13,気候,Climate,130,True,earth-107,地球の放射収支,Earth's radiation budget,高校 地学基礎,2,20,check,,True
earth-science,地球科学,Earth Science,29学問,True,earth-science-field-13,気候,Climate,130,True,earth-108,温室効果,Greenhouse effect,中学理科・高校 地学基礎,2,30,check,,True
earth-science,地球科学,Earth Science,29学問,True,earth-science-field-13,気候,Climate,130,True,earth-109,気候システム,The climate system,高校 地学・大学教養,2,40,check,,True
earth-science,地球科学,Earth Science,29学問,True,earth-science-field-13,気候,Climate,130,True,earth-110,氷期と間氷期,Glacial and interglacial periods,高校 地学,2,50,check,,True
earth-science,地球科学,Earth Science,29学問,True,earth-science-field-13,気候,Climate,130,True,earth-111,古気候を調べる方法,Methods for studying past climates,大学教養,2,60,check,,True
earth-science,地球科学,Earth Science,29学問,True,earth-science-field-13,気候,Climate,130,True,earth-112-s1,地球温暖化：温暖化の観測事実と要因の特定,Global warming: observed facts and attribution,中学理科・高校 地学基礎,2,71,check,,True
earth-science,地球科学,Earth Science,29学問,True,earth-science-field-13,気候,Climate,130,True,earth-112-s2,地球温暖化：気候モデルによる将来予測と影響,Global warming: climate model projections and impacts,中学理科・高校 地学基礎,2,72,check,,True
earth-science,地球科学,Earth Science,29学問,True,earth-science-field-13,気候,Climate,130,True,earth-112-s3,地球温暖化：緩和策と適応策,Global warming: mitigation and adaptation,中学理科・高校 地学基礎,2,73,check,,True
earth-science,地球科学,Earth Science,29学問,True,earth-science-field-13,気候,Climate,130,True,earth-113,炭素循環と気候,Carbon cycle and climate,高校 地学・大学教養,2,80,check,,True
earth-science,地球科学,Earth Science,29学問,True,earth-science-field-14,地球環境,Global Environment,140,True,earth-114,土壌,Soil,小学理科・大学教養,2,10,check,,True
earth-science,地球科学,Earth Science,29学問,True,earth-science-field-14,地球環境,Global Environment,140,True,earth-115,自然景観の形成,Formation of natural landscapes,高校 科学と人間生活・高校 地学,2,20,check,,True
earth-science,地球科学,Earth Science,29学問,True,earth-science-field-14,地球環境,Global Environment,140,True,earth-116,自然災害の複合性,Compound natural disasters,高校 地学基礎,2,30,check,,True
earth-science,地球科学,Earth Science,29学問,True,earth-science-field-14,地球環境,Global Environment,140,True,earth-117,地球システムとしての物質循環,Material cycles in the Earth system,高校 地学・大学教養,2,40,check,,True
earth-science,地球科学,Earth Science,29学問,True,earth-science-field-14,地球環境,Global Environment,140,True,earth-118-s1,人間活動と地球環境：大気汚染と酸性雨,Human activity and the environment: air pollution and acid rain,中学理科・高校 地学基礎,2,51,check,,True
earth-science,地球科学,Earth Science,29学問,True,earth-science-field-14,地球環境,Global Environment,140,True,earth-118-s2,人間活動と地球環境：オゾン層の破壊,Human activity and the environment: ozone depletion,中学理科・高校 地学基礎,2,52,check,,True
earth-science,地球科学,Earth Science,29学問,True,earth-science-field-14,地球環境,Global Environment,140,True,earth-118-s3,人間活動と地球環境：森林破壊・砂漠化と土地利用変化,"Human activity and the environment: deforestation, desertification and land-use change",中学理科・高校 地学基礎,2,53,check,,True
earth-science,地球科学,Earth Science,29学問,True,earth-science-field-14,地球環境,Global Environment,140,True,earth-118-s4,人間活動と地球環境：海洋汚染,Human activity and the environment: marine pollution,中学理科・高校 地学基礎,2,54,check,,True
earth-science,地球科学,Earth Science,29学問,True,earth-science-field-15,地球と宇宙,Earth and Space,150,True,earth-119,太陽の動き,Motion of the Sun,小学理科,2,10,check,,True
earth-science,地球科学,Earth Science,29学問,True,earth-science-field-15,地球と宇宙,Earth and Space,150,True,earth-120,月の満ち欠け,Phases of the Moon,小学理科・中学理科,2,20,check,,True
earth-science,地球科学,Earth Science,29学問,True,earth-science-field-15,地球と宇宙,Earth and Space,150,True,earth-121,月と太陽の位置関係,Positions of the Moon and the Sun,小学理科・中学理科,2,30,check,,True
earth-science,地球科学,Earth Science,29学問,True,earth-science-field-15,地球と宇宙,Earth and Space,150,True,earth-122,日食と月食,Solar and lunar eclipses,中学理科,2,40,check,,True
earth-science,地球科学,Earth Science,29学問,True,earth-science-field-15,地球と宇宙,Earth and Space,150,True,earth-123,地球の自転,Earth's rotation,中学理科,2,50,check,,True
earth-science,地球科学,Earth Science,29学問,True,earth-science-field-15,地球と宇宙,Earth and Space,150,True,earth-124,地球の公転,Earth's revolution,中学理科,2,60,check,,True
earth-science,地球科学,Earth Science,29学問,True,earth-science-field-15,地球と宇宙,Earth and Space,150,True,earth-125,季節が生じる理由,Why seasons occur,中学理科,2,70,check,,True
earth-science,地球科学,Earth Science,29学問,True,earth-science-field-15,地球と宇宙,Earth and Space,150,True,earth-126,太陽系の中の地球,Earth within the Solar System,中学理科・高校 地学基礎,2,80,check,,True
earth-science,地球科学,Earth Science,29学問,True,earth-science-field-15,地球と宇宙,Earth and Space,150,True,earth-127,地球型惑星と木星型惑星,Terrestrial and Jovian planets,中学理科・高校 地学,2,90,check,,True
earth-science,地球科学,Earth Science,29学問,True,earth-science-field-15,地球と宇宙,Earth and Space,150,True,earth-128,太陽系の形成,Formation of the Solar System,高校 地学,2,100,check,,True
earth-science,地球科学,Earth Science,29学問,True,earth-science-field-15,地球と宇宙,Earth and Space,150,True,earth-129,地球の形成,Formation of the Earth,高校 地学基礎,2,110,check,,True
earth-science,地球科学,Earth Science,29学問,True,earth-science-field-15,地球と宇宙,Earth and Space,150,True,earth-130,月の形成,Formation of the Moon,大学教養,2,120,check,,True
earth-science,地球科学,Earth Science,29学問,True,earth-science-field-15,地球と宇宙,Earth and Space,150,True,earth-131,生命居住可能性と地球,Habitability and the Earth,大学教養,2,130,check,,True
chemistry,化学,Chemistry,29学問,True,chemistry-field-01,物質の見方,Looking at Matter,10,True,chem-001,物質とは何か,What is matter?,小学理科・中学理科,2,10,check,,True
chemistry,化学,Chemistry,29学問,True,chemistry-field-01,物質の見方,Looking at Matter,10,True,chem-002,物質の重さと体積,Mass and volume of substances,小学理科,2,20,check,,True
chemistry,化学,Chemistry,29学問,True,chemistry-field-01,物質の見方,Looking at Matter,10,True,chem-003,密度,Density,中学理科,2,30,check,,True
chemistry,化学,Chemistry,29学問,True,chemistry-field-01,物質の見方,Looking at Matter,10,True,chem-004,純物質と混合物,Pure substances and mixtures,中学理科・高校 化学基礎,2,40,check,,True
chemistry,化学,Chemistry,29学問,True,chemistry-field-01,物質の見方,Looking at Matter,10,True,chem-005,単体と化合物,Elements (simple substances) and compounds,中学理科・高校 化学基礎,2,50,check,,True
chemistry,化学,Chemistry,29学問,True,chemistry-field-01,物質の見方,Looking at Matter,10,True,chem-006,元素,Chemical elements,中学理科・高校 化学基礎,2,60,check,,True
chemistry,化学,Chemistry,29学問,True,chemistry-field-01,物質の見方,Looking at Matter,10,True,chem-007,物質の分離と精製,Separation and purification of substances,中学理科・高校 化学基礎,2,70,check,,True
chemistry,化学,Chemistry,29学問,True,chemistry-field-01,物質の見方,Looking at Matter,10,True,chem-008,ろ過,Filtration,小学理科・中学理科,2,80,check,,True
chemistry,化学,Chemistry,29学問,True,chemistry-field-01,物質の見方,Looking at Matter,10,True,chem-009,蒸留,Distillation,中学理科,2,90,check,,True
chemistry,化学,Chemistry,29学問,True,chemistry-field-01,物質の見方,Looking at Matter,10,True,chem-010,再結晶,Recrystallization,小学理科・高校 化学基礎,2,100,check,,True
chemistry,化学,Chemistry,29学問,True,chemistry-field-01,物質の見方,Looking at Matter,10,True,chem-011,クロマトグラフィー,Chromatography,大学教養,2,110,check,,True
chemistry,化学,Chemistry,29学問,True,chemistry-field-02,粒子と原子,Particles and Atoms,20,True,chem-012,粒子モデル,Particle model,中学理科,2,10,check,,True
chemistry,化学,Chemistry,29学問,True,chemistry-field-02,粒子と原子,Particles and Atoms,20,True,chem-013,原子,Atoms,中学理科・高校 化学基礎,2,20,check,,True
chemistry,化学,Chemistry,29学問,True,chemistry-field-02,粒子と原子,Particles and Atoms,20,True,chem-014,分子,Molecules,中学理科・高校 化学基礎,2,30,check,,True
chemistry,化学,Chemistry,29学問,True,chemistry-field-02,粒子と原子,Particles and Atoms,20,True,chem-015,原子核と電子,Nucleus and electrons,高校 化学基礎,2,40,check,,True
chemistry,化学,Chemistry,29学問,True,chemistry-field-02,粒子と原子,Particles and Atoms,20,True,chem-016,陽子・中性子・電子,"Protons, neutrons and electrons",高校 化学基礎,2,50,check,,True
chemistry,化学,Chemistry,29学問,True,chemistry-field-02,粒子と原子,Particles and Atoms,20,True,chem-017,原子番号と質量数,Atomic number and mass number,高校 化学基礎,2,60,check,,True
chemistry,化学,Chemistry,29学問,True,chemistry-field-02,粒子と原子,Particles and Atoms,20,True,chem-018,同位体,Isotopes,高校 化学基礎,2,70,check,,True
chemistry,化学,Chemistry,29学問,True,chemistry-field-02,粒子と原子,Particles and Atoms,20,True,chem-019,放射性同位体,Radioisotopes,高校 化学基礎,2,80,check,,True
chemistry,化学,Chemistry,29学問,True,chemistry-field-02,粒子と原子,Particles and Atoms,20,True,chem-020,電子配置,Electron configuration,高校 化学基礎,2,90,check,,True
chemistry,化学,Chemistry,29学問,True,chemistry-field-02,粒子と原子,Particles and Atoms,20,True,chem-021,価電子,Valence electrons,高校 化学基礎,2,100,check,,True
chemistry,化学,Chemistry,29学問,True,chemistry-field-02,粒子と原子,Particles and Atoms,20,True,chem-022,元素の周期律,Periodic law of elements,高校 化学基礎,2,110,check,,True
chemistry,化学,Chemistry,29学問,True,chemistry-field-02,粒子と原子,Particles and Atoms,20,True,chem-023,周期表,The periodic table,高校 化学基礎,2,120,check,,True
chemistry,化学,Chemistry,29学問,True,chemistry-field-03,化学結合,Chemical Bonding,30,True,chem-024,イオン,Ions,中学理科・高校 化学基礎,2,10,check,,True
chemistry,化学,Chemistry,29学問,True,chemistry-field-03,化学結合,Chemical Bonding,30,True,chem-025,陽イオンと陰イオン,Cations and anions,中学理科・高校 化学基礎,2,20,check,,True
chemistry,化学,Chemistry,29学問,True,chemistry-field-03,化学結合,Chemical Bonding,30,True,chem-026,イオン結合,Ionic bonds,高校 化学基礎,2,30,check,,True
chemistry,化学,Chemistry,29学問,True,chemistry-field-03,化学結合,Chemical Bonding,30,True,chem-027,共有結合,Covalent bonds,高校 化学基礎,2,40,check,,True
chemistry,化学,Chemistry,29学問,True,chemistry-field-03,化学結合,Chemical Bonding,30,True,chem-028,金属結合,Metallic bonds,高校 化学基礎,2,50,check,,True
chemistry,化学,Chemistry,29学問,True,chemistry-field-03,化学結合,Chemical Bonding,30,True,chem-029,ルイス構造,Lewis structures,大学教養,2,60,check,,True
chemistry,化学,Chemistry,29学問,True,chemistry-field-03,化学結合,Chemical Bonding,30,True,chem-030,電気陰性度,Electronegativity,高校 化学・大学教養,2,70,check,,True
chemistry,化学,Chemistry,29学問,True,chemistry-field-03,化学結合,Chemical Bonding,30,True,chem-031,結合の極性,Bond polarity,高校 化学,2,80,check,,True
chemistry,化学,Chemistry,29学問,True,chemistry-field-03,化学結合,Chemical Bonding,30,True,chem-032,分子の極性,Molecular polarity,高校 化学,2,90,check,,True
chemistry,化学,Chemistry,29学問,True,chemistry-field-03,化学結合,Chemical Bonding,30,True,chem-033,分子間力,Intermolecular forces,高校 化学,2,100,check,,True
chemistry,化学,Chemistry,29学問,True,chemistry-field-03,化学結合,Chemical Bonding,30,True,chem-034,水素結合,Hydrogen bonds,高校 化学,2,110,check,,True
chemistry,化学,Chemistry,29学問,True,chemistry-field-03,化学結合,Chemical Bonding,30,True,chem-035,結晶の種類,Types of crystals,高校 化学基礎・高校 化学,2,120,check,,True
chemistry,化学,Chemistry,29学問,True,chemistry-field-03,化学結合,Chemical Bonding,30,True,chem-036,分子軌道の考え方,Ideas of molecular orbitals,大学教養,2,130,check,,True
chemistry,化学,Chemistry,29学問,True,chemistry-field-04,物質量と反応式,Amount of Substance and Equations,40,True,chem-037,化学式,Chemical formulas,中学理科・高校 化学基礎,2,10,check,,True
chemistry,化学,Chemistry,29学問,True,chemistry-field-04,物質量と反応式,Amount of Substance and Equations,40,True,chem-038,化学反応式,Chemical equations,中学理科・高校 化学基礎,2,20,check,,True
chemistry,化学,Chemistry,29学問,True,chemistry-field-04,物質量と反応式,Amount of Substance and Equations,40,True,chem-039,質量保存の法則,Law of conservation of mass,中学理科,2,30,check,,True
chemistry,化学,Chemistry,29学問,True,chemistry-field-04,物質量と反応式,Amount of Substance and Equations,40,True,chem-040,一定組成の法則,Law of definite proportions,高校 化学基礎,2,40,check,,True
chemistry,化学,Chemistry,29学問,True,chemistry-field-04,物質量と反応式,Amount of Substance and Equations,40,True,chem-041,原子量・分子量・式量,"Atomic, molecular and formula weights",高校 化学基礎,2,50,check,,True
chemistry,化学,Chemistry,29学問,True,chemistry-field-04,物質量と反応式,Amount of Substance and Equations,40,True,chem-042,物質量（mol）,Amount of substance (mol),高校 化学基礎,2,60,check,,True
chemistry,化学,Chemistry,29学問,True,chemistry-field-04,物質量と反応式,Amount of Substance and Equations,40,True,chem-043,アボガドロ定数,Avogadro constant,高校 化学基礎,2,70,check,,True
chemistry,化学,Chemistry,29学問,True,chemistry-field-04,物質量と反応式,Amount of Substance and Equations,40,True,chem-044,モル質量,Molar mass,高校 化学基礎,2,80,check,,True
chemistry,化学,Chemistry,29学問,True,chemistry-field-04,物質量と反応式,Amount of Substance and Equations,40,True,chem-045,化学反応の量的関係,Quantitative relations in reactions,高校 化学基礎,2,90,check,,True
chemistry,化学,Chemistry,29学問,True,chemistry-field-05,物質の状態,States of Matter,50,True,chem-046,固体・液体・気体,"Solids, liquids and gases",小学理科・中学理科,2,10,check,,True
chemistry,化学,Chemistry,29学問,True,chemistry-field-05,物質の状態,States of Matter,50,True,chem-047,状態変化,Changes of state,小学理科・中学理科,2,20,check,,True
chemistry,化学,Chemistry,29学問,True,chemistry-field-05,物質の状態,States of Matter,50,True,chem-048,融点と沸点,Melting and boiling points,中学理科,2,30,check,,True
chemistry,化学,Chemistry,29学問,True,chemistry-field-05,物質の状態,States of Matter,50,True,chem-049,蒸気圧,Vapor pressure,高校 化学,2,40,check,,True
chemistry,化学,Chemistry,29学問,True,chemistry-field-05,物質の状態,States of Matter,50,True,chem-050,気液平衡,Vapor-liquid equilibrium,高校 化学,2,50,check,,True
chemistry,化学,Chemistry,29学問,True,chemistry-field-05,物質の状態,States of Matter,50,True,chem-051,気体の法則,Gas laws,高校 化学,2,60,check,,True
chemistry,化学,Chemistry,29学問,True,chemistry-field-05,物質の状態,States of Matter,50,True,chem-052,理想気体,Ideal gases,高校 化学,2,70,check,,True
chemistry,化学,Chemistry,29学問,True,chemistry-field-05,物質の状態,States of Matter,50,True,chem-053,実在気体,Real gases,大学教養,2,80,check,,True
chemistry,化学,Chemistry,29学問,True,chemistry-field-05,物質の状態,States of Matter,50,True,chem-054,結晶格子,Crystal lattices,高校 化学・大学教養,2,90,check,,True
chemistry,化学,Chemistry,29学問,True,chemistry-field-06,溶液,Solutions,60,True,chem-055,物質が水に溶けるとは何か,What dissolving in water means,小学理科・中学理科,2,10,check,,True
chemistry,化学,Chemistry,29学問,True,chemistry-field-06,溶液,Solutions,60,True,chem-056,溶解度,Solubility,小学理科・高校 化学,2,20,check,,True
chemistry,化学,Chemistry,29学問,True,chemistry-field-06,溶液,Solutions,60,True,chem-057,飽和溶液,Saturated solutions,小学理科・中学理科,2,30,check,,True
chemistry,化学,Chemistry,29学問,True,chemistry-field-06,溶液,Solutions,60,True,chem-058,濃度,Concentration,中学理科・高校 化学基礎,2,40,check,,True
chemistry,化学,Chemistry,29学問,True,chemistry-field-06,溶液,Solutions,60,True,chem-059,モル濃度,Molar concentration,高校 化学基礎,2,50,check,,True
chemistry,化学,Chemistry,29学問,True,chemistry-field-06,溶液,Solutions,60,True,chem-060,ヘンリーの法則,Henry's law,高校 化学,2,60,check,,True
chemistry,化学,Chemistry,29学問,True,chemistry-field-06,溶液,Solutions,60,True,chem-061,蒸気圧降下,Vapor pressure lowering,高校 化学,2,70,check,,True
chemistry,化学,Chemistry,29学問,True,chemistry-field-06,溶液,Solutions,60,True,chem-062,沸点上昇・凝固点降下,Boiling point elevation and freezing point depression,高校 化学,2,80,check,,True
chemistry,化学,Chemistry,29学問,True,chemistry-field-06,溶液,Solutions,60,True,chem-063,浸透圧,Osmotic pressure,高校 化学,2,90,check,,True
chemistry,化学,Chemistry,29学問,True,chemistry-field-07,熱化学,Thermochemistry,70,True,chem-064,化学反応と熱,Chemical reactions and heat,中学理科・高校 化学基礎,2,10,check,,True
chemistry,化学,Chemistry,29学問,True,chemistry-field-07,熱化学,Thermochemistry,70,True,chem-065,発熱反応と吸熱反応,Exothermic and endothermic reactions,中学理科・高校 化学基礎,2,20,check,,True
chemistry,化学,Chemistry,29学問,True,chemistry-field-07,熱化学,Thermochemistry,70,True,chem-066,反応エンタルピー,Reaction enthalpy,高校 化学,2,30,check,,True
chemistry,化学,Chemistry,29学問,True,chemistry-field-07,熱化学,Thermochemistry,70,True,chem-067,ヘスの法則,Hess's law,高校 化学,2,40,check,,True
chemistry,化学,Chemistry,29学問,True,chemistry-field-07,熱化学,Thermochemistry,70,True,chem-068,結合エネルギー,Bond energy,高校 化学,2,50,check,,True
chemistry,化学,Chemistry,29学問,True,chemistry-field-07,熱化学,Thermochemistry,70,True,chem-069,エントロピーと化学反応,Entropy and chemical reactions,大学教養,2,60,check,,True
chemistry,化学,Chemistry,29学問,True,chemistry-field-07,熱化学,Thermochemistry,70,True,chem-070,ギブズエネルギー,Gibbs energy,大学教養,2,70,check,,True
chemistry,化学,Chemistry,29学問,True,chemistry-field-08,反応速度と平衡,Reaction Rates and Equilibrium,80,True,chem-071,反応速度,Reaction rate,高校 化学,2,10,check,,True
chemistry,化学,Chemistry,29学問,True,chemistry-field-08,反応速度と平衡,Reaction Rates and Equilibrium,80,True,chem-072,反応速度に影響する要因,Factors affecting reaction rate,高校 化学,2,20,check,,True
chemistry,化学,Chemistry,29学問,True,chemistry-field-08,反応速度と平衡,Reaction Rates and Equilibrium,80,True,chem-073,活性化エネルギー,Activation energy,高校 化学,2,30,check,,True
chemistry,化学,Chemistry,29学問,True,chemistry-field-08,反応速度と平衡,Reaction Rates and Equilibrium,80,True,chem-074,触媒,Catalysts,中学理科・高校 化学,2,40,check,,True
chemistry,化学,Chemistry,29学問,True,chemistry-field-08,反応速度と平衡,Reaction Rates and Equilibrium,80,True,chem-075,可逆反応,Reversible reactions,高校 化学,2,50,check,,True
chemistry,化学,Chemistry,29学問,True,chemistry-field-08,反応速度と平衡,Reaction Rates and Equilibrium,80,True,chem-076,化学平衡,Chemical equilibrium,高校 化学,2,60,check,,True
chemistry,化学,Chemistry,29学問,True,chemistry-field-08,反応速度と平衡,Reaction Rates and Equilibrium,80,True,chem-077,平衡定数,Equilibrium constant,高校 化学,2,70,check,,True
chemistry,化学,Chemistry,29学問,True,chemistry-field-08,反応速度と平衡,Reaction Rates and Equilibrium,80,True,chem-078,ルシャトリエの原理,Le Chatelier's principle,高校 化学,2,80,check,,True
chemistry,化学,Chemistry,29学問,True,chemistry-field-09,酸・塩基,Acids and Bases,90,True,chem-079,酸性・中性・アルカリ性,"Acidic, neutral and alkaline",小学理科・中学理科,2,10,check,,True
chemistry,化学,Chemistry,29学問,True,chemistry-field-09,酸・塩基,Acids and Bases,90,True,chem-080,酸と塩基,Acids and bases,中学理科・高校 化学基礎,2,20,check,,True
chemistry,化学,Chemistry,29学問,True,chemistry-field-09,酸・塩基,Acids and Bases,90,True,chem-081,アレニウスの酸・塩基,Arrhenius acids and bases,高校 化学基礎,2,30,check,,True
chemistry,化学,Chemistry,29学問,True,chemistry-field-09,酸・塩基,Acids and Bases,90,True,chem-082,ブレンステッド・ローリーの酸・塩基,Brønsted-Lowry acids and bases,高校 化学・大学教養,2,40,check,,True
chemistry,化学,Chemistry,29学問,True,chemistry-field-09,酸・塩基,Acids and Bases,90,True,chem-083,水素イオン濃度,Hydrogen ion concentration,高校 化学基礎,2,50,check,,True
chemistry,化学,Chemistry,29学問,True,chemistry-field-09,酸・塩基,Acids and Bases,90,True,chem-084,pH,pH,中学理科・高校 化学基礎,2,60,check,,True
chemistry,化学,Chemistry,29学問,True,chemistry-field-09,酸・塩基,Acids and Bases,90,True,chem-085,中和反応,Neutralization reactions,中学理科・高校 化学基礎,2,70,check,,True
chemistry,化学,Chemistry,29学問,True,chemistry-field-09,酸・塩基,Acids and Bases,90,True,chem-086,塩,Salts,中学理科・高校 化学基礎,2,80,check,,True
chemistry,化学,Chemistry,29学問,True,chemistry-field-09,酸・塩基,Acids and Bases,90,True,chem-087,中和滴定,Acid-base titration,高校 化学基礎,2,90,check,,True
chemistry,化学,Chemistry,29学問,True,chemistry-field-09,酸・塩基,Acids and Bases,90,True,chem-088,弱酸・弱塩基の電離平衡,Ionization equilibria of weak acids and bases,高校 化学,2,100,check,,True
chemistry,化学,Chemistry,29学問,True,chemistry-field-09,酸・塩基,Acids and Bases,90,True,chem-089,緩衝液,Buffer solutions,大学教養,2,110,check,,True
chemistry,化学,Chemistry,29学問,True,chemistry-field-10,酸化還元と電気化学,Redox and Electrochemistry,100,True,chem-090,酸化と還元,Oxidation and reduction,中学理科・高校 化学基礎,2,10,check,,True
chemistry,化学,Chemistry,29学問,True,chemistry-field-10,酸化還元と電気化学,Redox and Electrochemistry,100,True,chem-091,酸化数,Oxidation numbers,高校 化学基礎,2,20,check,,True
chemistry,化学,Chemistry,29学問,True,chemistry-field-10,酸化還元と電気化学,Redox and Electrochemistry,100,True,chem-092,酸化還元反応と電子,Redox reactions and electrons,高校 化学基礎,2,30,check,,True
chemistry,化学,Chemistry,29学問,True,chemistry-field-10,酸化還元と電気化学,Redox and Electrochemistry,100,True,chem-093,金属のイオン化傾向,Ionization tendency of metals,中学理科・高校 化学基礎,2,40,check,,True
chemistry,化学,Chemistry,29学問,True,chemistry-field-10,酸化還元と電気化学,Redox and Electrochemistry,100,True,chem-094,電池のしくみ,How batteries work,中学理科・高校 化学基礎,2,50,check,,True
chemistry,化学,Chemistry,29学問,True,chemistry-field-10,酸化還元と電気化学,Redox and Electrochemistry,100,True,chem-095,ダニエル電池,Daniell cell,高校 化学,2,60,check,,True
chemistry,化学,Chemistry,29学問,True,chemistry-field-10,酸化還元と電気化学,Redox and Electrochemistry,100,True,chem-096,鉛蓄電池,Lead-acid battery,高校 化学,2,70,check,,True
chemistry,化学,Chemistry,29学問,True,chemistry-field-10,酸化還元と電気化学,Redox and Electrochemistry,100,True,chem-097,燃料電池,Fuel cells,高校 化学,2,80,check,,True
chemistry,化学,Chemistry,29学問,True,chemistry-field-10,酸化還元と電気化学,Redox and Electrochemistry,100,True,chem-098,電気分解,Electrolysis,中学理科・高校 化学,2,90,check,,True
chemistry,化学,Chemistry,29学問,True,chemistry-field-10,酸化還元と電気化学,Redox and Electrochemistry,100,True,chem-099,ファラデーの法則,Faraday's laws,高校 化学,2,100,check,,True
chemistry,化学,Chemistry,29学問,True,chemistry-field-11,無機化学,Inorganic Chemistry,110,True,chem-100,水素と希ガス,Hydrogen and noble gases,高校 化学,2,10,check,,True
chemistry,化学,Chemistry,29学問,True,chemistry-field-11,無機化学,Inorganic Chemistry,110,True,chem-101,ハロゲン,Halogens,高校 化学,2,20,check,,True
chemistry,化学,Chemistry,29学問,True,chemistry-field-11,無機化学,Inorganic Chemistry,110,True,chem-102-s1,酸素・硫黄とその化合物：酸素・オゾンと酸化物,"Oxygen, sulfur and their compounds: oxygen, ozone and oxides",高校 化学,2,31,check,,True
chemistry,化学,Chemistry,29学問,True,chemistry-field-11,無機化学,Inorganic Chemistry,110,True,chem-102-s2,酸素・硫黄とその化合物：硫黄とその化合物（硫化水素・二酸化硫黄・硫酸）,"Oxygen, sulfur and their compounds: sulfur compounds (hydrogen sulfide, sulfur dioxide, sulfuric acid)",高校 化学,2,32,check,,True
chemistry,化学,Chemistry,29学問,True,chemistry-field-11,無機化学,Inorganic Chemistry,110,True,chem-103-s1,窒素・リンとその化合物：窒素とその化合物（アンモニア・硝酸・窒素酸化物）,"Nitrogen, phosphorus and their compounds: nitrogen compounds (ammonia, nitric acid, nitrogen oxides)",高校 化学,2,41,check,,True
chemistry,化学,Chemistry,29学問,True,chemistry-field-11,無機化学,Inorganic Chemistry,110,True,chem-103-s2,窒素・リンとその化合物：リンとその化合物,"Nitrogen, phosphorus and their compounds: phosphorus compounds",高校 化学,2,42,check,,True
chemistry,化学,Chemistry,29学問,True,chemistry-field-11,無機化学,Inorganic Chemistry,110,True,chem-104-s1,炭素・ケイ素とその化合物：炭素の同素体と酸化物,"Carbon, silicon and their compounds: carbon allotropes and oxides",高校 化学,2,51,check,,True
chemistry,化学,Chemistry,29学問,True,chemistry-field-11,無機化学,Inorganic Chemistry,110,True,chem-104-s2,炭素・ケイ素とその化合物：ケイ素とケイ酸塩・シリカ,"Carbon, silicon and their compounds: silicon, silicates and silica",高校 化学,2,52,check,,True
chemistry,化学,Chemistry,29学問,True,chemistry-field-11,無機化学,Inorganic Chemistry,110,True,chem-105,アルカリ金属,Alkali metals,高校 化学,2,60,check,,True
chemistry,化学,Chemistry,29学問,True,chemistry-field-11,無機化学,Inorganic Chemistry,110,True,chem-106,アルカリ土類金属,Alkaline earth metals,高校 化学,2,70,check,,True
chemistry,化学,Chemistry,29学問,True,chemistry-field-11,無機化学,Inorganic Chemistry,110,True,chem-107,アルミニウム・亜鉛,Aluminum and zinc,高校 化学,2,80,check,,True
chemistry,化学,Chemistry,29学問,True,chemistry-field-11,無機化学,Inorganic Chemistry,110,True,chem-108,遷移元素,Transition elements,高校 化学,2,90,check,,True
chemistry,化学,Chemistry,29学問,True,chemistry-field-11,無機化学,Inorganic Chemistry,110,True,chem-109,鉄とその化合物,Iron and its compounds,高校 化学,2,100,check,,True
chemistry,化学,Chemistry,29学問,True,chemistry-field-11,無機化学,Inorganic Chemistry,110,True,chem-110,銅・銀とその化合物,"Copper, silver and their compounds",高校 化学,2,110,check,,True
chemistry,化学,Chemistry,29学問,True,chemistry-field-11,無機化学,Inorganic Chemistry,110,True,chem-111,錯イオン,Complex ions,高校 化学,2,120,check,,True
chemistry,化学,Chemistry,29学問,True,chemistry-field-11,無機化学,Inorganic Chemistry,110,True,chem-112,配位結合,Coordinate bonds,高校 化学・大学教養,2,130,check,,True
chemistry,化学,Chemistry,29学問,True,chemistry-field-11,無機化学,Inorganic Chemistry,110,True,chem-113,錯体化学の基礎,Basics of coordination chemistry,大学教養,2,140,check,,True
chemistry,化学,Chemistry,29学問,True,chemistry-field-12,有機化学,Organic Chemistry,120,True,chem-114,有機化合物と炭素骨格,Organic compounds and carbon skeletons,高校 化学,2,10,check,,True
chemistry,化学,Chemistry,29学問,True,chemistry-field-12,有機化学,Organic Chemistry,120,True,chem-115,有機化合物の命名,Naming organic compounds,高校 化学・大学教養,2,20,check,,True
chemistry,化学,Chemistry,29学問,True,chemistry-field-12,有機化学,Organic Chemistry,120,True,chem-116,異性体,Isomers,高校 化学,2,30,check,,True
chemistry,化学,Chemistry,29学問,True,chemistry-field-12,有機化学,Organic Chemistry,120,True,chem-117,構造異性体,Structural isomers,高校 化学,2,40,check,,True
chemistry,化学,Chemistry,29学問,True,chemistry-field-12,有機化学,Organic Chemistry,120,True,chem-118,立体異性体,Stereoisomers,高校 化学・大学教養,2,50,check,,True
chemistry,化学,Chemistry,29学問,True,chemistry-field-12,有機化学,Organic Chemistry,120,True,chem-119,炭化水素,Hydrocarbons,高校 化学,2,60,check,,True
chemistry,化学,Chemistry,29学問,True,chemistry-field-12,有機化学,Organic Chemistry,120,True,chem-120,アルカン,Alkanes,高校 化学,2,70,check,,True
chemistry,化学,Chemistry,29学問,True,chemistry-field-12,有機化学,Organic Chemistry,120,True,chem-121,アルケンと付加反応,Alkenes and addition reactions,高校 化学,2,80,check,,True
chemistry,化学,Chemistry,29学問,True,chemistry-field-12,有機化学,Organic Chemistry,120,True,chem-122,アルキン,Alkynes,高校 化学,2,90,check,,True
chemistry,化学,Chemistry,29学問,True,chemistry-field-12,有機化学,Organic Chemistry,120,True,chem-123-s1,芳香族化合物：ベンゼンの構造と置換反応,Aromatic compounds: structure of benzene and substitution reactions,高校 化学,2,101,check,,True
chemistry,化学,Chemistry,29学問,True,chemistry-field-12,有機化学,Organic Chemistry,120,True,chem-123-s2,芳香族化合物：フェノール類,Aromatic compounds: phenols,高校 化学,2,102,check,,True
chemistry,化学,Chemistry,29学問,True,chemistry-field-12,有機化学,Organic Chemistry,120,True,chem-123-s3,芳香族化合物：芳香族カルボン酸,Aromatic compounds: aromatic carboxylic acids,高校 化学,2,103,check,,True
chemistry,化学,Chemistry,29学問,True,chemistry-field-12,有機化学,Organic Chemistry,120,True,chem-123-s4,芳香族化合物：芳香族アミンとアゾ化合物,Aromatic compounds: aromatic amines and azo compounds,高校 化学,2,104,check,,True
chemistry,化学,Chemistry,29学問,True,chemistry-field-12,有機化学,Organic Chemistry,120,True,chem-124,アルコール,Alcohols,高校 化学,2,110,check,,True
chemistry,化学,Chemistry,29学問,True,chemistry-field-12,有機化学,Organic Chemistry,120,True,chem-125,エーテル,Ethers,高校 化学,2,120,check,,True
chemistry,化学,Chemistry,29学問,True,chemistry-field-12,有機化学,Organic Chemistry,120,True,chem-126,アルデヒドとケトン,Aldehydes and ketones,高校 化学,2,130,check,,True
chemistry,化学,Chemistry,29学問,True,chemistry-field-12,有機化学,Organic Chemistry,120,True,chem-127,カルボン酸,Carboxylic acids,高校 化学,2,140,check,,True
chemistry,化学,Chemistry,29学問,True,chemistry-field-12,有機化学,Organic Chemistry,120,True,chem-128,エステル,Esters,高校 化学,2,150,check,,True
chemistry,化学,Chemistry,29学問,True,chemistry-field-12,有機化学,Organic Chemistry,120,True,chem-129,アミン,Amines,大学教養,2,160,check,,True
chemistry,化学,Chemistry,29学問,True,chemistry-field-12,有機化学,Organic Chemistry,120,True,chem-130-s1,有機反応の置換・付加・脱離：置換反応（SN1・SN2）,"Substitution, addition and elimination: substitution reactions (SN1, SN2)",大学教養,2,171,check,,True
chemistry,化学,Chemistry,29学問,True,chemistry-field-12,有機化学,Organic Chemistry,120,True,chem-130-s2,有機反応の置換・付加・脱離：脱離反応（E1・E2）,"Substitution, addition and elimination: elimination reactions (E1, E2)",大学教養,2,172,check,,True
chemistry,化学,Chemistry,29学問,True,chemistry-field-12,有機化学,Organic Chemistry,120,True,chem-131,求核反応と求電子反応,Nucleophilic and electrophilic reactions,大学教養,2,180,check,,True
chemistry,化学,Chemistry,29学問,True,chemistry-field-13,高分子,Polymers,130,True,chem-132,高分子とは何か,What is a polymer?,高校 化学,2,10,check,,True
chemistry,化学,Chemistry,29学問,True,chemistry-field-13,高分子,Polymers,130,True,chem-133,付加重合,Addition polymerization,高校 化学,2,20,check,,True
chemistry,化学,Chemistry,29学問,True,chemistry-field-13,高分子,Polymers,130,True,chem-134,縮合重合,Condensation polymerization,高校 化学,2,30,check,,True
chemistry,化学,Chemistry,29学問,True,chemistry-field-13,高分子,Polymers,130,True,chem-135,合成樹脂,Synthetic resins,中学理科・高校 化学,2,40,check,,True
chemistry,化学,Chemistry,29学問,True,chemistry-field-13,高分子,Polymers,130,True,chem-136,合成繊維,Synthetic fibers,高校 化学,2,50,check,,True
chemistry,化学,Chemistry,29学問,True,chemistry-field-13,高分子,Polymers,130,True,chem-137,ゴム,Rubber,高校 化学,2,60,check,,True
chemistry,化学,Chemistry,29学問,True,chemistry-field-13,高分子,Polymers,130,True,chem-138-s1,糖類：単糖類,Sugars: monosaccharides,高校 化学,2,71,check,,True
chemistry,化学,Chemistry,29学問,True,chemistry-field-13,高分子,Polymers,130,True,chem-138-s2,糖類：二糖類,Sugars: disaccharides,高校 化学,2,72,check,,True
chemistry,化学,Chemistry,29学問,True,chemistry-field-13,高分子,Polymers,130,True,chem-138-s3,糖類：多糖類（デンプン・セルロース・グリコーゲン）,"Sugars: polysaccharides (starch, cellulose, glycogen)",高校 化学,2,73,check,,True
chemistry,化学,Chemistry,29学問,True,chemistry-field-13,高分子,Polymers,130,True,chem-139-s1,アミノ酸とタンパク質：アミノ酸の構造と性質,Amino acids and proteins: structure and properties of amino acids,高校 化学,2,81,check,,True
chemistry,化学,Chemistry,29学問,True,chemistry-field-13,高分子,Polymers,130,True,chem-139-s2,アミノ酸とタンパク質：ペプチド結合とタンパク質の高次構造,Amino acids and proteins: peptide bonds and protein higher-order structure,高校 化学,2,82,check,,True
chemistry,化学,Chemistry,29学問,True,chemistry-field-13,高分子,Polymers,130,True,chem-140,核酸,Nucleic acids,高校 化学,2,90,check,,True
chemistry,化学,Chemistry,29学問,True,chemistry-field-14,分析化学,Analytical Chemistry,140,True,chem-141,定性分析と定量分析,Qualitative and quantitative analysis,大学教養,2,10,check,,True
chemistry,化学,Chemistry,29学問,True,chemistry-field-14,分析化学,Analytical Chemistry,140,True,chem-142,容量分析,Volumetric analysis,高校 化学・大学教養,2,20,check,,True
chemistry,化学,Chemistry,29学問,True,chemistry-field-14,分析化学,Analytical Chemistry,140,True,chem-143,吸光光度法,Absorption spectrophotometry,大学教養,2,30,check,,True
chemistry,化学,Chemistry,29学問,True,chemistry-field-14,分析化学,Analytical Chemistry,140,True,chem-144,赤外分光法,Infrared spectroscopy,大学教養,2,40,check,,True
chemistry,化学,Chemistry,29学問,True,chemistry-field-14,分析化学,Analytical Chemistry,140,True,chem-145,NMRの考え方,Ideas of NMR,大学教養,2,50,check,,True
chemistry,化学,Chemistry,29学問,True,chemistry-field-14,分析化学,Analytical Chemistry,140,True,chem-146,質量分析法,Mass spectrometry,大学教養,2,60,check,,True
chemistry,化学,Chemistry,29学問,True,chemistry-field-15,化学と社会,Chemistry and Society,150,True,chem-147,燃焼,Combustion,小学理科・中学理科,2,10,check,,True
chemistry,化学,Chemistry,29学問,True,chemistry-field-15,化学と社会,Chemistry and Society,150,True,chem-148,金属の腐食と防食,Corrosion and corrosion protection of metals,中学理科・大学教養,2,20,check,,True
chemistry,化学,Chemistry,29学問,True,chemistry-field-15,化学と社会,Chemistry and Society,150,True,chem-149,セラミックス,Ceramics,高校 化学,2,30,check,,True
chemistry,化学,Chemistry,29学問,True,chemistry-field-15,化学と社会,Chemistry and Society,150,True,chem-150,半導体材料,Semiconductor materials,高校 化学・大学教養,2,40,check,,True
chemistry,化学,Chemistry,29学問,True,chemistry-field-15,化学と社会,Chemistry and Society,150,True,chem-151,医薬品と化学,Pharmaceuticals and chemistry,高校 化学・大学教養,2,50,check,,True
chemistry,化学,Chemistry,29学問,True,chemistry-field-15,化学と社会,Chemistry and Society,150,True,chem-152,食品の化学,Food chemistry,高校 科学と人間生活・大学教養,2,60,check,,True
chemistry,化学,Chemistry,29学問,True,chemistry-field-15,化学と社会,Chemistry and Society,150,True,chem-153,プラスチックとリサイクル,Plastics and recycling,中学理科・高校 科学と人間生活,2,70,check,,True
chemistry,化学,Chemistry,29学問,True,chemistry-field-15,化学と社会,Chemistry and Society,150,True,chem-154,グリーンケミストリー,Green chemistry,大学教養,2,80,check,,True
biology,生物学,Biology,29学問,True,biology-field-01,生命の基本,Basics of Life,10,True,bio-001,生物と無生物,Living and non-living things,小学理科・中学理科,2,10,check,,True
biology,生物学,Biology,29学問,True,biology-field-01,生命の基本,Basics of Life,10,True,bio-002,生物の共通性と多様性,Unity and diversity of life,中学理科・高校 生物基礎,2,20,check,,True
biology,生物学,Biology,29学問,True,biology-field-01,生命の基本,Basics of Life,10,True,bio-003,生命の階層性,Hierarchy of life,大学教養,2,30,check,,True
biology,生物学,Biology,29学問,True,biology-field-02,細胞,Cells,20,True,bio-006,細胞とは何か,What is a cell?,中学理科・高校 生物基礎,2,10,check,,True
biology,生物学,Biology,29学問,True,biology-field-02,細胞,Cells,20,True,bio-007,細胞説,Cell theory,高校 生物基礎,2,20,check,,True
biology,生物学,Biology,29学問,True,biology-field-02,細胞,Cells,20,True,bio-008,原核細胞と真核細胞,Prokaryotic and eukaryotic cells,高校 生物基礎,2,30,check,,True
biology,生物学,Biology,29学問,True,biology-field-02,細胞,Cells,20,True,bio-009,細胞膜,Cell membrane,高校 生物,2,40,check,,True
biology,生物学,Biology,29学問,True,biology-field-02,細胞,Cells,20,True,bio-010,細胞質と細胞小器官,Cytoplasm and organelles,高校 生物,2,50,check,,True
biology,生物学,Biology,29学問,True,biology-field-02,細胞,Cells,20,True,bio-011,核,Nucleus,中学理科・高校 生物,2,60,check,,True
biology,生物学,Biology,29学問,True,biology-field-02,細胞,Cells,20,True,bio-012,ミトコンドリア,Mitochondria,高校 生物基礎・高校 生物,2,70,check,,True
biology,生物学,Biology,29学問,True,biology-field-02,細胞,Cells,20,True,bio-013,葉緑体,Chloroplasts,高校 生物基礎・高校 生物,2,80,check,,True
biology,生物学,Biology,29学問,True,biology-field-02,細胞,Cells,20,True,bio-014,リボソーム,Ribosomes,高校 生物・大学教養,2,90,check,,True
biology,生物学,Biology,29学問,True,biology-field-02,細胞,Cells,20,True,bio-015,小胞体とゴルジ体,Endoplasmic reticulum and Golgi apparatus,高校 生物・大学教養,2,100,check,,True
biology,生物学,Biology,29学問,True,biology-field-02,細胞,Cells,20,True,bio-016,細胞骨格,Cytoskeleton,大学教養,2,110,check,,True
biology,生物学,Biology,29学問,True,biology-field-02,細胞,Cells,20,True,bio-017,細胞膜を介した物質輸送,Transport across the cell membrane,高校 生物,2,120,check,,True
biology,生物学,Biology,29学問,True,biology-field-02,細胞,Cells,20,True,bio-018,拡散と浸透,Diffusion and osmosis,中学理科・高校 生物,2,130,check,,True
biology,生物学,Biology,29学問,True,biology-field-02,細胞,Cells,20,True,bio-004,生物学における観察と実験,Observation and experiment in biology,小学理科・中学理科,2,140,check,,True
biology,生物学,Biology,29学問,True,biology-field-02,細胞,Cells,20,True,bio-005,顕微鏡の使い方,Using a microscope,中学理科,2,150,check,,True
biology,生物学,Biology,29学問,True,biology-field-03,代謝,Metabolism,30,True,bio-019,生物とエネルギー,Living things and energy,高校 生物基礎,2,10,check,,True
biology,生物学,Biology,29学問,True,biology-field-03,代謝,Metabolism,30,True,bio-020,ATP,ATP,高校 生物基礎,2,20,check,,True
biology,生物学,Biology,29学問,True,biology-field-03,代謝,Metabolism,30,True,bio-021,酵素,Enzymes,高校 生物基礎・高校 生物,2,30,check,,True
biology,生物学,Biology,29学問,True,biology-field-03,代謝,Metabolism,30,True,bio-022,細胞呼吸,Cellular respiration,小学理科・高校 生物基礎,2,40,check,,True
biology,生物学,Biology,29学問,True,biology-field-03,代謝,Metabolism,30,True,bio-023,解糖系,Glycolysis,高校 生物・大学教養,2,50,check,,True
biology,生物学,Biology,29学問,True,biology-field-03,代謝,Metabolism,30,True,bio-024,クエン酸回路,Citric acid cycle,高校 生物・大学教養,2,60,check,,True
biology,生物学,Biology,29学問,True,biology-field-03,代謝,Metabolism,30,True,bio-025,電子伝達系,Electron transport chain,高校 生物・大学教養,2,70,check,,True
biology,生物学,Biology,29学問,True,biology-field-03,代謝,Metabolism,30,True,bio-026,発酵,Fermentation,高校 生物,2,80,check,,True
biology,生物学,Biology,29学問,True,biology-field-03,代謝,Metabolism,30,True,bio-027,光合成,Photosynthesis,小学理科・中学理科・高校 生物基礎,2,90,check,,True
biology,生物学,Biology,29学問,True,biology-field-03,代謝,Metabolism,30,True,bio-028,光合成の明反応,Light reactions of photosynthesis,高校 生物,2,100,check,,True
biology,生物学,Biology,29学問,True,biology-field-03,代謝,Metabolism,30,True,bio-029,カルビン回路,Calvin cycle,高校 生物・大学教養,2,110,check,,True
biology,生物学,Biology,29学問,True,biology-field-04,遺伝情報,Genetic Information,40,True,bio-030,遺伝子とDNA,Genes and DNA,中学理科・高校 生物基礎,2,10,check,,True
biology,生物学,Biology,29学問,True,biology-field-04,遺伝情報,Genetic Information,40,True,bio-031,DNAの構造,Structure of DNA,高校 生物基礎・高校 生物,2,20,check,,True
biology,生物学,Biology,29学問,True,biology-field-04,遺伝情報,Genetic Information,40,True,bio-032,DNAの複製,DNA replication,高校 生物基礎・高校 生物,2,30,check,,True
biology,生物学,Biology,29学問,True,biology-field-04,遺伝情報,Genetic Information,40,True,bio-033,染色体,Chromosomes,中学理科・高校 生物基礎,2,40,check,,True
biology,生物学,Biology,29学問,True,biology-field-04,遺伝情報,Genetic Information,40,True,bio-034,ゲノム,Genome,高校 生物基礎,2,50,check,,True
biology,生物学,Biology,29学問,True,biology-field-04,遺伝情報,Genetic Information,40,True,bio-035,転写,Transcription,高校 生物基礎・高校 生物,2,60,check,,True
biology,生物学,Biology,29学問,True,biology-field-04,遺伝情報,Genetic Information,40,True,bio-036,翻訳,Translation,高校 生物基礎・高校 生物,2,70,check,,True
biology,生物学,Biology,29学問,True,biology-field-04,遺伝情報,Genetic Information,40,True,bio-037,遺伝暗号,Genetic code,高校 生物,2,80,check,,True
biology,生物学,Biology,29学問,True,biology-field-04,遺伝情報,Genetic Information,40,True,bio-038-s1,遺伝子発現の調節：原核生物の発現調節（オペロン）,Regulation of gene expression: prokaryotes (operons),高校 生物,2,91,check,,True
biology,生物学,Biology,29学問,True,biology-field-04,遺伝情報,Genetic Information,40,True,bio-038-s2,遺伝子発現の調節：真核生物の発現調節（転写因子・クロマチン・選択的スプライシング）,"Regulation of gene expression: eukaryotes (transcription factors, chromatin, alternative splicing)",高校 生物,2,92,check,,True
biology,生物学,Biology,29学問,True,biology-field-04,遺伝情報,Genetic Information,40,True,bio-039,突然変異,Mutations,高校 生物,2,100,check,,True
biology,生物学,Biology,29学問,True,biology-field-04,遺伝情報,Genetic Information,40,True,bio-040,エピジェネティクス,Epigenetics,大学教養,2,110,check,,True
biology,生物学,Biology,29学問,True,biology-field-05,遺伝,Heredity,50,True,bio-041,メンデルの法則,Mendel's laws,中学理科・高校 生物,2,10,check,,True
biology,生物学,Biology,29学問,True,biology-field-05,遺伝,Heredity,50,True,bio-042,優性・劣性と遺伝子型・表現型,"Dominant/recessive, genotype and phenotype",中学理科・高校 生物,2,20,check,,True
biology,生物学,Biology,29学問,True,biology-field-05,遺伝,Heredity,50,True,bio-043,分離の法則,Law of segregation,高校 生物,2,30,check,,True
biology,生物学,Biology,29学問,True,biology-field-05,遺伝,Heredity,50,True,bio-044,独立の法則,Law of independent assortment,高校 生物,2,40,check,,True
biology,生物学,Biology,29学問,True,biology-field-05,遺伝,Heredity,50,True,bio-045,連鎖と組換え,Linkage and recombination,高校 生物,2,50,check,,True
biology,生物学,Biology,29学問,True,biology-field-05,遺伝,Heredity,50,True,bio-046,性染色体と伴性遺伝,Sex chromosomes and sex-linked inheritance,高校 生物,2,60,check,,True
biology,生物学,Biology,29学問,True,biology-field-05,遺伝,Heredity,50,True,bio-047,量的形質,Quantitative traits,大学教養,2,70,check,,True
biology,生物学,Biology,29学問,True,biology-field-06,細胞分裂と生殖,Cell Division and Reproduction,60,True,bio-048,体細胞分裂,Mitosis,中学理科・高校 生物,2,10,check,,True
biology,生物学,Biology,29学問,True,biology-field-06,細胞分裂と生殖,Cell Division and Reproduction,60,True,bio-049,細胞周期,Cell cycle,高校 生物,2,20,check,,True
biology,生物学,Biology,29学問,True,biology-field-06,細胞分裂と生殖,Cell Division and Reproduction,60,True,bio-050,減数分裂,Meiosis,中学理科・高校 生物,2,30,check,,True
biology,生物学,Biology,29学問,True,biology-field-06,細胞分裂と生殖,Cell Division and Reproduction,60,True,bio-051,無性生殖と有性生殖,Asexual and sexual reproduction,中学理科,2,40,check,,True
biology,生物学,Biology,29学問,True,biology-field-06,細胞分裂と生殖,Cell Division and Reproduction,60,True,bio-052,受精,Fertilization,小学理科・中学理科,2,50,check,,True
biology,生物学,Biology,29学問,True,biology-field-06,細胞分裂と生殖,Cell Division and Reproduction,60,True,bio-053,配偶子形成,Gametogenesis,高校 生物,2,60,check,,True
biology,生物学,Biology,29学問,True,biology-field-07,発生,Development,70,True,bio-054,発生とは何か,What is development?,高校 生物,2,10,check,,True
biology,生物学,Biology,29学問,True,biology-field-07,発生,Development,70,True,bio-055,卵割,Cleavage,高校 生物,2,20,check,,True
biology,生物学,Biology,29学問,True,biology-field-07,発生,Development,70,True,bio-056,原腸形成,Gastrulation,高校 生物,2,30,check,,True
biology,生物学,Biology,29学問,True,biology-field-07,発生,Development,70,True,bio-057,胚葉と器官形成,Germ layers and organogenesis,高校 生物,2,40,check,,True
biology,生物学,Biology,29学問,True,biology-field-07,発生,Development,70,True,bio-058,誘導と形態形成,Induction and morphogenesis,高校 生物,2,50,check,,True
biology,生物学,Biology,29学問,True,biology-field-07,発生,Development,70,True,bio-059,ホメオティック遺伝子,Homeotic genes,大学教養,2,60,check,,True
biology,生物学,Biology,29学問,True,biology-field-08,進化,Evolution,80,True,bio-060,進化とは何か,What is evolution?,中学理科・高校 生物,2,10,check,,True
biology,生物学,Biology,29学問,True,biology-field-08,進化,Evolution,80,True,bio-061,ダーウィンと自然選択,Darwin and natural selection,高校 生物,2,20,check,,True
biology,生物学,Biology,29学問,True,biology-field-08,進化,Evolution,80,True,bio-062,適応,Adaptation,高校 生物,2,30,check,,True
biology,生物学,Biology,29学問,True,biology-field-08,進化,Evolution,80,True,bio-063,集団の遺伝的変異,Genetic variation in populations,高校 生物,2,40,check,,True
biology,生物学,Biology,29学問,True,biology-field-08,進化,Evolution,80,True,bio-064,遺伝的浮動,Genetic drift,大学教養,2,50,check,,True
biology,生物学,Biology,29学問,True,biology-field-08,進化,Evolution,80,True,bio-065,遺伝子流動,Gene flow,大学教養,2,60,check,,True
biology,生物学,Biology,29学問,True,biology-field-08,進化,Evolution,80,True,bio-066,種分化,Speciation,高校 生物・大学教養,2,70,check,,True
biology,生物学,Biology,29学問,True,biology-field-08,進化,Evolution,80,True,bio-067,共進化,Coevolution,大学教養,2,80,check,,True
biology,生物学,Biology,29学問,True,biology-field-08,進化,Evolution,80,True,bio-068,分子進化,Molecular evolution,高校 生物・大学教養,2,90,check,,True
biology,生物学,Biology,29学問,True,biology-field-08,進化,Evolution,80,True,bio-069,中立進化,Neutral evolution,大学教養,2,100,check,,True
biology,生物学,Biology,29学問,True,biology-field-08,進化,Evolution,80,True,bio-070,系統樹,Phylogenetic trees,高校 生物,2,110,check,,True
biology,生物学,Biology,29学問,True,biology-field-08,進化,Evolution,80,True,bio-071,共通祖先,Common ancestry,高校 生物,2,120,check,,True
biology,生物学,Biology,29学問,True,biology-field-08,進化,Evolution,80,True,bio-072,生命の起源,Origin of life,高校 生物・大学教養,2,130,check,,True
biology,生物学,Biology,29学問,True,biology-field-08,進化,Evolution,80,True,bio-073,大量絶滅と適応放散,Mass extinction and adaptive radiation,高校 生物・大学教養,2,140,check,,True
biology,生物学,Biology,29学問,True,biology-field-09,分類と多様性,Classification and Diversity,90,True,bio-074,生物の分類,Biological classification,中学理科・高校 生物,2,10,check,,True
biology,生物学,Biology,29学問,True,biology-field-09,分類と多様性,Classification and Diversity,90,True,bio-075,三ドメイン説,Three-domain system,大学教養,2,20,check,,True
biology,生物学,Biology,29学問,True,biology-field-09,分類と多様性,Classification and Diversity,90,True,bio-076,細菌,Bacteria,高校 生物・大学教養,2,30,check,,True
biology,生物学,Biology,29学問,True,biology-field-09,分類と多様性,Classification and Diversity,90,True,bio-077,古細菌,Archaea,大学教養,2,40,check,,True
biology,生物学,Biology,29学問,True,biology-field-09,分類と多様性,Classification and Diversity,90,True,bio-078,原生生物,Protists,高校 生物,2,50,check,,True
biology,生物学,Biology,29学問,True,biology-field-09,分類と多様性,Classification and Diversity,90,True,bio-079,菌類,Fungi,中学理科・高校 生物,2,60,check,,True
biology,生物学,Biology,29学問,True,biology-field-09,分類と多様性,Classification and Diversity,90,True,bio-080,植物の主要系統,Major plant lineages,中学理科・高校 生物,2,70,check,,True
biology,生物学,Biology,29学問,True,biology-field-09,分類と多様性,Classification and Diversity,90,True,bio-081-s1,動物の主要系統：海綿動物・刺胞動物などの初期分岐群,"Major animal lineages: early-branching groups (sponges, cnidarians, etc.)",中学理科・高校 生物,2,81,check,,True
biology,生物学,Biology,29学問,True,biology-field-09,分類と多様性,Classification and Diversity,90,True,bio-081-s2,動物の主要系統：旧口動物（冠輪動物・脱皮動物）,"Major animal lineages: protostomes (lophotrochozoans, ecdysozoans)",中学理科・高校 生物,2,82,check,,True
biology,生物学,Biology,29学問,True,biology-field-09,分類と多様性,Classification and Diversity,90,True,bio-081-s3,動物の主要系統：新口動物（棘皮動物・脊索動物）,"Major animal lineages: deuterostomes (echinoderms, chordates)",中学理科・高校 生物,2,83,check,,True
biology,生物学,Biology,29学問,True,biology-field-10,植物,Plants,100,True,bio-082-s1,植物の根・茎・葉：根のつくりと働き,"Roots, stems and leaves: structure and function of roots",小学理科・中学理科,2,11,check,,True
biology,生物学,Biology,29学問,True,biology-field-10,植物,Plants,100,True,bio-082-s2,植物の根・茎・葉：茎のつくりと維管束,"Roots, stems and leaves: stems and vascular bundles",小学理科・中学理科,2,12,check,,True
biology,生物学,Biology,29学問,True,biology-field-10,植物,Plants,100,True,bio-082-s3,植物の根・茎・葉：葉のつくりと気孔,"Roots, stems and leaves: leaf structure and stomata",小学理科・中学理科,2,13,check,,True
biology,生物学,Biology,29学問,True,biology-field-10,植物,Plants,100,True,bio-083,植物の成長,Plant growth,小学理科,2,20,check,,True
biology,生物学,Biology,29学問,True,biology-field-10,植物,Plants,100,True,bio-084,種子の発芽条件,Conditions for seed germination,小学理科,2,30,check,,True
biology,生物学,Biology,29学問,True,biology-field-10,植物,Plants,100,True,bio-085,花のつくり,Flower structure,小学理科・中学理科,2,40,check,,True
biology,生物学,Biology,29学問,True,biology-field-10,植物,Plants,100,True,bio-086,受粉と受精,Pollination and fertilization,小学理科・中学理科,2,50,check,,True
biology,生物学,Biology,29学問,True,biology-field-10,植物,Plants,100,True,bio-087,水の吸収と輸送,Water absorption and transport,小学理科・中学理科,2,60,check,,True
biology,生物学,Biology,29学問,True,biology-field-10,植物,Plants,100,True,bio-088,蒸散,Transpiration,中学理科,2,70,check,,True
biology,生物学,Biology,29学問,True,biology-field-10,植物,Plants,100,True,bio-089-s1,植物ホルモン：オーキシン,Plant hormones: auxin,高校 生物,2,81,check,,True
biology,生物学,Biology,29学問,True,biology-field-10,植物,Plants,100,True,bio-089-s2,植物ホルモン：ジベレリンとサイトカイニン,Plant hormones: gibberellins and cytokinins,高校 生物,2,82,check,,True
biology,生物学,Biology,29学問,True,biology-field-10,植物,Plants,100,True,bio-089-s3,植物ホルモン：アブシシン酸とエチレン,Plant hormones: abscisic acid and ethylene,高校 生物,2,83,check,,True
biology,生物学,Biology,29学問,True,biology-field-10,植物,Plants,100,True,bio-090,屈性,Tropisms,高校 生物,2,90,check,,True
biology,生物学,Biology,29学問,True,biology-field-10,植物,Plants,100,True,bio-091,光周性,Photoperiodism,高校 生物,2,100,check,,True
biology,生物学,Biology,29学問,True,biology-field-11,動物の体,The Animal Body,110,True,bio-092,動物の体の基本構造,Basic body plan of animals,小学理科・中学理科,2,10,check,,True
biology,生物学,Biology,29学問,True,biology-field-11,動物の体,The Animal Body,110,True,bio-093,消化と吸収,Digestion and absorption,小学理科・中学理科,2,20,check,,True
biology,生物学,Biology,29学問,True,biology-field-11,動物の体,The Animal Body,110,True,bio-094,呼吸とガス交換,Respiration and gas exchange,小学理科・中学理科,2,30,check,,True
biology,生物学,Biology,29学問,True,biology-field-11,動物の体,The Animal Body,110,True,bio-095,血液循環,Blood circulation,小学理科・中学理科,2,40,check,,True
biology,生物学,Biology,29学問,True,biology-field-11,動物の体,The Animal Body,110,True,bio-096,心臓の構造と働き,Structure and function of the heart,小学理科・中学理科,2,50,check,,True
biology,生物学,Biology,29学問,True,biology-field-11,動物の体,The Animal Body,110,True,bio-097,肝臓の働き,Functions of the liver,小学理科・高校 生物基礎,2,60,check,,True
biology,生物学,Biology,29学問,True,biology-field-11,動物の体,The Animal Body,110,True,bio-098,腎臓と排出,Kidneys and excretion,小学理科・高校 生物基礎,2,70,check,,True
biology,生物学,Biology,29学問,True,biology-field-11,動物の体,The Animal Body,110,True,bio-099,骨格と筋肉,Skeleton and muscles,小学理科・中学理科,2,80,check,,True
biology,生物学,Biology,29学問,True,biology-field-11,動物の体,The Animal Body,110,True,bio-100,筋収縮のしくみ,How muscles contract,高校 生物,2,90,check,,True
biology,生物学,Biology,29学問,True,biology-field-12,恒常性と調節,Homeostasis and Regulation,120,True,bio-101,恒常性（ホメオスタシス）,Homeostasis,高校 生物基礎,2,10,check,,True
biology,生物学,Biology,29学問,True,biology-field-12,恒常性と調節,Homeostasis and Regulation,120,True,bio-102,体液,Body fluids,高校 生物基礎,2,20,check,,True
biology,生物学,Biology,29学問,True,biology-field-12,恒常性と調節,Homeostasis and Regulation,120,True,bio-103,血糖濃度の調節,Regulation of blood glucose,高校 生物基礎,2,30,check,,True
biology,生物学,Biology,29学問,True,biology-field-12,恒常性と調節,Homeostasis and Regulation,120,True,bio-104,体温調節,Thermoregulation,高校 生物基礎・大学教養,2,40,check,,True
biology,生物学,Biology,29学問,True,biology-field-12,恒常性と調節,Homeostasis and Regulation,120,True,bio-105,神経系,Nervous system,中学理科・高校 生物基礎,2,50,check,,True
biology,生物学,Biology,29学問,True,biology-field-12,恒常性と調節,Homeostasis and Regulation,120,True,bio-106,ニューロン,Neurons,高校 生物,2,60,check,,True
biology,生物学,Biology,29学問,True,biology-field-12,恒常性と調節,Homeostasis and Regulation,120,True,bio-107,活動電位,Action potentials,高校 生物・大学教養,2,70,check,,True
biology,生物学,Biology,29学問,True,biology-field-12,恒常性と調節,Homeostasis and Regulation,120,True,bio-108,シナプス,Synapses,高校 生物,2,80,check,,True
biology,生物学,Biology,29学問,True,biology-field-12,恒常性と調節,Homeostasis and Regulation,120,True,bio-109,中枢神経系と末梢神経系,Central and peripheral nervous systems,高校 生物基礎,2,90,check,,True
biology,生物学,Biology,29学問,True,biology-field-12,恒常性と調節,Homeostasis and Regulation,120,True,bio-110,内分泌系,Endocrine system,高校 生物基礎,2,100,check,,True
biology,生物学,Biology,29学問,True,biology-field-12,恒常性と調節,Homeostasis and Regulation,120,True,bio-111,ホルモン,Hormones,高校 生物基礎,2,110,check,,True
biology,生物学,Biology,29学問,True,biology-field-13,感覚と行動,Senses and Behavior,130,True,bio-112,刺激と反応,Stimulus and response,中学理科,2,10,check,,True
biology,生物学,Biology,29学問,True,biology-field-13,感覚と行動,Senses and Behavior,130,True,bio-113,感覚受容器,Sensory receptors,高校 生物,2,20,check,,True
biology,生物学,Biology,29学問,True,biology-field-13,感覚と行動,Senses and Behavior,130,True,bio-114,眼と視覚,The eye and vision,中学理科・高校 生物,2,30,check,,True
biology,生物学,Biology,29学問,True,biology-field-13,感覚と行動,Senses and Behavior,130,True,bio-115,耳と聴覚・平衡感覚,"The ear, hearing and balance",中学理科・高校 生物,2,40,check,,True
biology,生物学,Biology,29学問,True,biology-field-13,感覚と行動,Senses and Behavior,130,True,bio-116,反射,Reflexes,中学理科,2,50,check,,True
biology,生物学,Biology,29学問,True,biology-field-13,感覚と行動,Senses and Behavior,130,True,bio-117,動物の行動,Animal behavior,高校 生物,2,60,check,,True
biology,生物学,Biology,29学問,True,biology-field-13,感覚と行動,Senses and Behavior,130,True,bio-118,生得的行動と学習,Innate behavior and learning,高校 生物,2,70,check,,True
biology,生物学,Biology,29学問,True,biology-field-13,感覚と行動,Senses and Behavior,130,True,bio-119-s1,行動生態学：最適採餌戦略,Behavioral ecology: optimal foraging,大学教養,2,81,check,,True
biology,生物学,Biology,29学問,True,biology-field-13,感覚と行動,Senses and Behavior,130,True,bio-119-s2,行動生態学：性選択と配偶行動,Behavioral ecology: sexual selection and mating behavior,大学教養,2,82,check,,True
biology,生物学,Biology,29学問,True,biology-field-13,感覚と行動,Senses and Behavior,130,True,bio-119-s3,行動生態学：血縁選択と利他行動,Behavioral ecology: kin selection and altruism,大学教養,2,83,check,,True
biology,生物学,Biology,29学問,True,biology-field-14,免疫,Immunity,140,True,bio-120,生体防御,Body defenses,高校 生物基礎,2,10,check,,True
biology,生物学,Biology,29学問,True,biology-field-14,免疫,Immunity,140,True,bio-121,自然免疫,Innate immunity,高校 生物基礎,2,20,check,,True
biology,生物学,Biology,29学問,True,biology-field-14,免疫,Immunity,140,True,bio-122,獲得免疫,Adaptive immunity,高校 生物基礎,2,30,check,,True
biology,生物学,Biology,29学問,True,biology-field-14,免疫,Immunity,140,True,bio-123,抗原と抗体,Antigens and antibodies,高校 生物基礎,2,40,check,,True
biology,生物学,Biology,29学問,True,biology-field-14,免疫,Immunity,140,True,bio-124,B細胞とT細胞,B cells and T cells,高校 生物基礎・大学教養,2,50,check,,True
biology,生物学,Biology,29学問,True,biology-field-14,免疫,Immunity,140,True,bio-125,免疫記憶とワクチン,Immune memory and vaccines,高校 生物基礎,2,60,check,,True
biology,生物学,Biology,29学問,True,biology-field-14,免疫,Immunity,140,True,bio-126,アレルギー,Allergies,高校 生物基礎,2,70,check,,True
biology,生物学,Biology,29学問,True,biology-field-14,免疫,Immunity,140,True,bio-127,自己免疫,Autoimmunity,大学教養,2,80,check,,True
biology,生物学,Biology,29学問,True,biology-field-15,微生物,Microorganisms,150,True,bio-128,微生物とは何か,What are microorganisms?,高校 科学と人間生活・大学教養,2,10,check,,True
biology,生物学,Biology,29学問,True,biology-field-15,微生物,Microorganisms,150,True,bio-129,細菌の増殖と代謝,Bacterial growth and metabolism,大学教養,2,20,check,,True
biology,生物学,Biology,29学問,True,biology-field-15,微生物,Microorganisms,150,True,bio-130,ウイルス,Viruses,高校 生物・大学教養,2,30,check,,True
biology,生物学,Biology,29学問,True,biology-field-15,微生物,Microorganisms,150,True,bio-131,感染症の成立,How infections occur,大学教養,2,40,check,,True
biology,生物学,Biology,29学問,True,biology-field-15,微生物,Microorganisms,150,True,bio-132,微生物の利用,Uses of microorganisms,高校 科学と人間生活,2,50,check,,True
biology,生物学,Biology,29学問,True,biology-field-16,生態学,Ecology,160,True,bio-133,生態系,Ecosystems,小学理科・中学理科・高校 生物基礎,2,10,check,,True
biology,生物学,Biology,29学問,True,biology-field-16,生態学,Ecology,160,True,bio-134,個体群,Populations,高校 生物,2,20,check,,True
biology,生物学,Biology,29学問,True,biology-field-16,生態学,Ecology,160,True,bio-135,個体群密度と成長,Population density and growth,高校 生物,2,30,check,,True
biology,生物学,Biology,29学問,True,biology-field-16,生態学,Ecology,160,True,bio-136,種間関係,Interspecific relationships,高校 生物,2,40,check,,True
biology,生物学,Biology,29学問,True,biology-field-16,生態学,Ecology,160,True,bio-137,捕食と被食,Predation,中学理科・高校 生物,2,50,check,,True
biology,生物学,Biology,29学問,True,biology-field-16,生態学,Ecology,160,True,bio-138,競争,Competition,高校 生物,2,60,check,,True
biology,生物学,Biology,29学問,True,biology-field-16,生態学,Ecology,160,True,bio-139,共生,Symbiosis,中学理科・高校 生物,2,70,check,,True
biology,生物学,Biology,29学問,True,biology-field-16,生態学,Ecology,160,True,bio-140,生物群集,Biological communities,高校 生物,2,80,check,,True
biology,生物学,Biology,29学問,True,biology-field-16,生態学,Ecology,160,True,bio-141,遷移,Succession,高校 生物基礎・高校 生物,2,90,check,,True
biology,生物学,Biology,29学問,True,biology-field-16,生態学,Ecology,160,True,bio-142,バイオーム,Biomes,高校 生物基礎,2,100,check,,True
biology,生物学,Biology,29学問,True,biology-field-16,生態学,Ecology,160,True,bio-143,食物連鎖と食物網,Food chains and food webs,小学理科・中学理科,2,110,check,,True
biology,生物学,Biology,29学問,True,biology-field-16,生態学,Ecology,160,True,bio-144,生態系のエネルギー流,Energy flow in ecosystems,高校 生物,2,120,check,,True
biology,生物学,Biology,29学問,True,biology-field-16,生態学,Ecology,160,True,bio-145,物質循環,Nutrient cycles,小学理科・中学理科・高校 生物,2,130,check,,True
biology,生物学,Biology,29学問,True,biology-field-16,生態学,Ecology,160,True,bio-146,炭素循環,Carbon cycle,高校 生物,2,140,check,,True
biology,生物学,Biology,29学問,True,biology-field-16,生態学,Ecology,160,True,bio-147,窒素循環,Nitrogen cycle,高校 生物,2,150,check,,True
biology,生物学,Biology,29学問,True,biology-field-16,生態学,Ecology,160,True,bio-148,生物多様性,Biodiversity,高校 生物基礎,2,160,check,,True
biology,生物学,Biology,29学問,True,biology-field-16,生態学,Ecology,160,True,bio-149,生態系サービス,Ecosystem services,高校 生物基礎・大学教養,2,170,check,,True
biology,生物学,Biology,29学問,True,biology-field-16,生態学,Ecology,160,True,bio-150-s1,保全生物学：絶滅の要因（生息地破壊・外来種・乱獲）,"Conservation biology: causes of extinction (habitat loss, invasive species, overexploitation)",高校 生物基礎・大学教養,2,181,check,,True
biology,生物学,Biology,29学問,True,biology-field-16,生態学,Ecology,160,True,bio-150-s2,保全生物学：小個体群の存続と遺伝的多様性,Conservation biology: persistence of small populations and genetic diversity,高校 生物基礎・大学教養,2,182,check,,True
biology,生物学,Biology,29学問,True,biology-field-16,生態学,Ecology,160,True,bio-150-s3,保全生物学：保護区と生態系の保全管理,Conservation biology: protected areas and ecosystem management,高校 生物基礎・大学教養,2,183,check,,True
biology,生物学,Biology,29学問,True,biology-field-17,生命科学と技術,Life Science and Technology,170,True,bio-151,PCR,PCR,大学教養,2,10,check,,True
biology,生物学,Biology,29学問,True,biology-field-17,生命科学と技術,Life Science and Technology,170,True,bio-152,DNAシーケンシング,DNA sequencing,大学教養,2,20,check,,True
biology,生物学,Biology,29学問,True,biology-field-17,生命科学と技術,Life Science and Technology,170,True,bio-153,遺伝子組換え,Genetic modification,高校 生物・大学教養,2,30,check,,True
biology,生物学,Biology,29学問,True,biology-field-17,生命科学と技術,Life Science and Technology,170,True,bio-154,ゲノム編集,Genome editing,大学教養,2,40,check,,True
biology,生物学,Biology,29学問,True,biology-field-17,生命科学と技術,Life Science and Technology,170,True,bio-155,幹細胞,Stem cells,大学教養,2,50,check,,True
biology,生物学,Biology,29学問,True,biology-field-17,生命科学と技術,Life Science and Technology,170,True,bio-156,クローン,Cloning,高校 生物・大学教養,2,60,check,,True
biology,生物学,Biology,29学問,True,biology-field-17,生命科学と技術,Life Science and Technology,170,True,bio-157,バイオインフォマティクス,Bioinformatics,大学教養,2,70,check,,True
biology,生物学,Biology,29学問,True,biology-field-17,生命科学と技術,Life Science and Technology,170,True,bio-158,生命倫理,Bioethics,大学教養,2,80,check,,True
computer-science,計算機科学,Computer Science,29学問,True,computer-science-field-01,情報の基礎,Foundations of Information,10,True,cs-001,情報とは何か,What is information?,中学 技術・高校 情報I,2,10,check,,True
computer-science,計算機科学,Computer Science,29学問,True,computer-science-field-01,情報の基礎,Foundations of Information,10,True,cs-002,データと情報,Data and information,中学 技術・高校 情報I,2,20,check,,True
computer-science,計算機科学,Computer Science,29学問,True,computer-science-field-01,情報の基礎,Foundations of Information,10,True,cs-003,情報の特性,Characteristics of information,中学 技術・高校 情報I,2,30,check,,True
computer-science,計算機科学,Computer Science,29学問,True,computer-science-field-01,情報の基礎,Foundations of Information,10,True,cs-004,アナログとデジタル,Analog and digital,中学 技術・高校 情報I,2,40,check,,True
computer-science,計算機科学,Computer Science,29学問,True,computer-science-field-01,情報の基礎,Foundations of Information,10,True,cs-005,情報量,Amount of information,中学 技術・高校 情報I,2,50,check,,True
computer-science,計算機科学,Computer Science,29学問,True,computer-science-field-01,情報の基礎,Foundations of Information,10,True,cs-006,ビットとバイト,Bits and bytes,中学 技術・高校 情報I,2,60,check,,True
computer-science,計算機科学,Computer Science,29学問,True,computer-science-field-01,情報の基礎,Foundations of Information,10,True,cs-007,2進数,Binary numbers,中学 技術・高校 情報I,2,70,check,,True
computer-science,計算機科学,Computer Science,29学問,True,computer-science-field-01,情報の基礎,Foundations of Information,10,True,cs-008,16進数,Hexadecimal numbers,中学 技術・高校 情報I,2,80,check,,True
computer-science,計算機科学,Computer Science,29学問,True,computer-science-field-01,情報の基礎,Foundations of Information,10,True,cs-009,文字コード,Character encodings,中学 技術・高校 情報I,2,90,check,,True
computer-science,計算機科学,Computer Science,29学問,True,computer-science-field-01,情報の基礎,Foundations of Information,10,True,cs-010,画像のデジタル化,Digitizing images,中学 技術・高校 情報I,2,100,check,,True
computer-science,計算機科学,Computer Science,29学問,True,computer-science-field-01,情報の基礎,Foundations of Information,10,True,cs-011,音声のデジタル化,Digitizing sound,中学 技術・高校 情報I,2,110,check,,True
computer-science,計算機科学,Computer Science,29学問,True,computer-science-field-01,情報の基礎,Foundations of Information,10,True,cs-012,動画のデジタル化,Digitizing video,中学 技術・高校 情報I,2,120,check,,True
computer-science,計算機科学,Computer Science,29学問,True,computer-science-field-01,情報の基礎,Foundations of Information,10,True,cs-013,圧縮,Compression,中学 技術・高校 情報I,2,130,check,,True
computer-science,計算機科学,Computer Science,29学問,True,computer-science-field-02,コンピュータ構成,Computer Organization,20,True,cs-014,コンピュータの五大装置,Five main components of a computer,中学 技術・高校 情報I・専門情報,2,10,check,,True
computer-science,計算機科学,Computer Science,29学問,True,computer-science-field-02,コンピュータ構成,Computer Organization,20,True,cs-015,CPU,CPU,中学 技術・高校 情報I・専門情報,2,20,check,,True
computer-science,計算機科学,Computer Science,29学問,True,computer-science-field-02,コンピュータ構成,Computer Organization,20,True,cs-016,主記憶装置,Main memory,中学 技術・高校 情報I・専門情報,2,30,check,,True
computer-science,計算機科学,Computer Science,29学問,True,computer-science-field-02,コンピュータ構成,Computer Organization,20,True,cs-017,補助記憶装置,Secondary storage,中学 技術・高校 情報I・専門情報,2,40,check,,True
computer-science,計算機科学,Computer Science,29学問,True,computer-science-field-02,コンピュータ構成,Computer Organization,20,True,cs-018,入出力装置,Input/output devices,中学 技術・高校 情報I・専門情報,2,50,check,,True
computer-science,計算機科学,Computer Science,29学問,True,computer-science-field-02,コンピュータ構成,Computer Organization,20,True,cs-019,命令実行サイクル,Instruction execution cycle,中学 技術・高校 情報I・専門情報,2,60,check,,True
computer-science,計算機科学,Computer Science,29学問,True,computer-science-field-02,コンピュータ構成,Computer Organization,20,True,cs-020,論理回路,Logic circuits,中学 技術・高校 情報I・専門情報,2,70,check,,True
computer-science,計算機科学,Computer Science,29学問,True,computer-science-field-02,コンピュータ構成,Computer Organization,20,True,cs-021,AND・OR・NOT,"AND, OR and NOT",中学 技術・高校 情報I・専門情報,2,80,check,,True
computer-science,計算機科学,Computer Science,29学問,True,computer-science-field-02,コンピュータ構成,Computer Organization,20,True,cs-022,半加算器と全加算器,Half adders and full adders,中学 技術・高校 情報I・専門情報,2,90,check,,True
computer-science,計算機科学,Computer Science,29学問,True,computer-science-field-02,コンピュータ構成,Computer Organization,20,True,cs-023-s1,コンピュータアーキテクチャ：命令セットアーキテクチャ,Computer architecture: instruction set architecture,中学 技術・高校 情報I・専門情報,2,101,check,,True
computer-science,計算機科学,Computer Science,29学問,True,computer-science-field-02,コンピュータ構成,Computer Organization,20,True,cs-023-s2,コンピュータアーキテクチャ：パイプライン処理,Computer architecture: pipelining,中学 技術・高校 情報I・専門情報,2,102,check,,True
computer-science,計算機科学,Computer Science,29学問,True,computer-science-field-02,コンピュータ構成,Computer Organization,20,True,cs-023-s3,コンピュータアーキテクチャ：キャッシュとメモリ階層,Computer architecture: caches and the memory hierarchy,中学 技術・高校 情報I・専門情報,2,103,check,,True
computer-science,計算機科学,Computer Science,29学問,True,computer-science-field-03,アルゴリズム,Algorithms,30,True,cs-024,アルゴリズムとは何か,What is an algorithm?,高校 情報I・II,2,10,check,,True
computer-science,計算機科学,Computer Science,29学問,True,computer-science-field-03,アルゴリズム,Algorithms,30,True,cs-025,フローチャート,Flowcharts,高校 情報I・II,2,20,check,,True
computer-science,計算機科学,Computer Science,29学問,True,computer-science-field-03,アルゴリズム,Algorithms,30,True,cs-026,逐次処理,Sequential processing,高校 情報I・II,2,30,check,,True
computer-science,計算機科学,Computer Science,29学問,True,computer-science-field-03,アルゴリズム,Algorithms,30,True,cs-027,分岐,Branching,高校 情報I・II,2,40,check,,True
computer-science,計算機科学,Computer Science,29学問,True,computer-science-field-03,アルゴリズム,Algorithms,30,True,cs-028,反復,Iteration,高校 情報I・II,2,50,check,,True
computer-science,計算機科学,Computer Science,29学問,True,computer-science-field-03,アルゴリズム,Algorithms,30,True,cs-029,探索,Searching,高校 情報I・II,2,60,check,,True
computer-science,計算機科学,Computer Science,29学問,True,computer-science-field-03,アルゴリズム,Algorithms,30,True,cs-030,線形探索,Linear search,高校 情報I・II,2,70,check,,True
computer-science,計算機科学,Computer Science,29学問,True,computer-science-field-03,アルゴリズム,Algorithms,30,True,cs-031,二分探索,Binary search,高校 情報I・II,2,80,check,,True
computer-science,計算機科学,Computer Science,29学問,True,computer-science-field-03,アルゴリズム,Algorithms,30,True,cs-032-s1,ソート：基本ソート（バブル・選択・挿入）,"Sorting: basic sorts (bubble, selection, insertion)",高校 情報I・II,2,91,check,,True
computer-science,計算機科学,Computer Science,29学問,True,computer-science-field-03,アルゴリズム,Algorithms,30,True,cs-032-s2,ソート：マージソート,Sorting: merge sort,高校 情報I・II,2,92,check,,True
computer-science,計算機科学,Computer Science,29学問,True,computer-science-field-03,アルゴリズム,Algorithms,30,True,cs-032-s3,ソート：クイックソート,Sorting: quicksort,高校 情報I・II,2,93,check,,True
computer-science,計算機科学,Computer Science,29学問,True,computer-science-field-03,アルゴリズム,Algorithms,30,True,cs-032-s4,ソート：ヒープソート,Sorting: heapsort,高校 情報I・II,2,94,check,,True
computer-science,計算機科学,Computer Science,29学問,True,computer-science-field-03,アルゴリズム,Algorithms,30,True,cs-033,計算量,Computational complexity,高校 情報I・II,2,100,check,,True
computer-science,計算機科学,Computer Science,29学問,True,computer-science-field-03,アルゴリズム,Algorithms,30,True,cs-034,オーダー記法,Big-O notation,高校 情報I・II,2,110,check,,True
computer-science,計算機科学,Computer Science,29学問,True,computer-science-field-04,プログラミング,Programming,40,True,cs-035,変数,Variables,中学 技術・高校 情報I・II,2,10,check,,True
computer-science,計算機科学,Computer Science,29学問,True,computer-science-field-04,プログラミング,Programming,40,True,cs-036,データ型,Data types,中学 技術・高校 情報I・II,2,20,check,,True
computer-science,計算機科学,Computer Science,29学問,True,computer-science-field-04,プログラミング,Programming,40,True,cs-037,演算子,Operators,中学 技術・高校 情報I・II,2,30,check,,True
computer-science,計算機科学,Computer Science,29学問,True,computer-science-field-04,プログラミング,Programming,40,True,cs-038,条件分岐,Conditionals,中学 技術・高校 情報I・II,2,40,check,,True
computer-science,計算機科学,Computer Science,29学問,True,computer-science-field-04,プログラミング,Programming,40,True,cs-039,繰り返し,Loops,中学 技術・高校 情報I・II,2,50,check,,True
computer-science,計算機科学,Computer Science,29学問,True,computer-science-field-04,プログラミング,Programming,40,True,cs-040,配列,Arrays,中学 技術・高校 情報I・II,2,60,check,,True
computer-science,計算機科学,Computer Science,29学問,True,computer-science-field-04,プログラミング,Programming,40,True,cs-041,関数,Functions,中学 技術・高校 情報I・II,2,70,check,,True
computer-science,計算機科学,Computer Science,29学問,True,computer-science-field-04,プログラミング,Programming,40,True,cs-042,再帰,Recursion,中学 技術・高校 情報I・II,2,80,check,,True
computer-science,計算機科学,Computer Science,29学問,True,computer-science-field-04,プログラミング,Programming,40,True,cs-043,文字列処理,String processing,中学 技術・高校 情報I・II,2,90,check,,True
computer-science,計算機科学,Computer Science,29学問,True,computer-science-field-04,プログラミング,Programming,40,True,cs-044,ファイル入出力,File input/output,中学 技術・高校 情報I・II,2,100,check,,True
computer-science,計算機科学,Computer Science,29学問,True,computer-science-field-04,プログラミング,Programming,40,True,cs-045,例外処理,Exception handling,中学 技術・高校 情報I・II,2,110,check,,True
computer-science,計算機科学,Computer Science,29学問,True,computer-science-field-04,プログラミング,Programming,40,True,cs-046,モジュール,Modules,中学 技術・高校 情報I・II,2,120,check,,True
computer-science,計算機科学,Computer Science,29学問,True,computer-science-field-04,プログラミング,Programming,40,True,cs-047,デバッグ,Debugging,中学 技術・高校 情報I・II,2,130,check,,True
computer-science,計算機科学,Computer Science,29学問,True,computer-science-field-04,プログラミング,Programming,40,True,cs-048,テスト,Testing,中学 技術・高校 情報I・II,2,140,check,,True
computer-science,計算機科学,Computer Science,29学問,True,computer-science-field-05,データ構造,Data Structures,50,True,cs-049,リスト,Lists,高校 情報II・大学教養,2,10,check,,True
computer-science,計算機科学,Computer Science,29学問,True,computer-science-field-05,データ構造,Data Structures,50,True,cs-050,スタック,Stacks,高校 情報II・大学教養,2,20,check,,True
computer-science,計算機科学,Computer Science,29学問,True,computer-science-field-05,データ構造,Data Structures,50,True,cs-051,キュー,Queues,高校 情報II・大学教養,2,30,check,,True
computer-science,計算機科学,Computer Science,29学問,True,computer-science-field-05,データ構造,Data Structures,50,True,cs-052,連結リスト,Linked lists,高校 情報II・大学教養,2,40,check,,True
computer-science,計算機科学,Computer Science,29学問,True,computer-science-field-05,データ構造,Data Structures,50,True,cs-053,木構造,Tree structures,高校 情報II・大学教養,2,50,check,,True
computer-science,計算機科学,Computer Science,29学問,True,computer-science-field-05,データ構造,Data Structures,50,True,cs-054,二分木,Binary trees,高校 情報II・大学教養,2,60,check,,True
computer-science,計算機科学,Computer Science,29学問,True,computer-science-field-05,データ構造,Data Structures,50,True,cs-055,ヒープ,Heaps,高校 情報II・大学教養,2,70,check,,True
computer-science,計算機科学,Computer Science,29学問,True,computer-science-field-05,データ構造,Data Structures,50,True,cs-056,ハッシュテーブル,Hash tables,高校 情報II・大学教養,2,80,check,,True
computer-science,計算機科学,Computer Science,29学問,True,computer-science-field-05,データ構造,Data Structures,50,True,cs-057,グラフ,Graphs,高校 情報II・大学教養,2,90,check,,True
computer-science,計算機科学,Computer Science,29学問,True,computer-science-field-06,プログラミング言語,Programming Languages,60,True,cs-058,コンパイラとインタプリタ,Compilers and interpreters,大学教養,2,10,check,,True
computer-science,計算機科学,Computer Science,29学問,True,computer-science-field-06,プログラミング言語,Programming Languages,60,True,cs-059,手続き型,Procedural programming,大学教養,2,20,check,,True
computer-science,計算機科学,Computer Science,29学問,True,computer-science-field-06,プログラミング言語,Programming Languages,60,True,cs-060-s1,オブジェクト指向：クラスとインスタンス,Object-oriented: classes and instances,大学教養,2,31,check,,True
computer-science,計算機科学,Computer Science,29学問,True,computer-science-field-06,プログラミング言語,Programming Languages,60,True,cs-060-s2,オブジェクト指向：カプセル化,Object-oriented: encapsulation,大学教養,2,32,check,,True
computer-science,計算機科学,Computer Science,29学問,True,computer-science-field-06,プログラミング言語,Programming Languages,60,True,cs-060-s3,オブジェクト指向：継承,Object-oriented: inheritance,大学教養,2,33,check,,True
computer-science,計算機科学,Computer Science,29学問,True,computer-science-field-06,プログラミング言語,Programming Languages,60,True,cs-060-s4,オブジェクト指向：ポリモーフィズム,Object-oriented: polymorphism,大学教養,2,34,check,,True
computer-science,計算機科学,Computer Science,29学問,True,computer-science-field-06,プログラミング言語,Programming Languages,60,True,cs-061-s1,関数型：純粋関数と副作用,Functional: pure functions and side effects,大学教養,2,41,check,,True
computer-science,計算機科学,Computer Science,29学問,True,computer-science-field-06,プログラミング言語,Programming Languages,60,True,cs-061-s2,関数型：高階関数,Functional: higher-order functions,大学教養,2,42,check,,True
computer-science,計算機科学,Computer Science,29学問,True,computer-science-field-06,プログラミング言語,Programming Languages,60,True,cs-061-s3,関数型：不変データと参照透過性,Functional: immutable data and referential transparency,大学教養,2,43,check,,True
computer-science,計算機科学,Computer Science,29学問,True,computer-science-field-06,プログラミング言語,Programming Languages,60,True,cs-062-s1,型システム：静的型付けと動的型付け,Type systems: static and dynamic typing,大学教養,2,51,check,,True
computer-science,計算機科学,Computer Science,29学問,True,computer-science-field-06,プログラミング言語,Programming Languages,60,True,cs-062-s2,型システム：型推論,Type systems: type inference,大学教養,2,52,check,,True
computer-science,計算機科学,Computer Science,29学問,True,computer-science-field-06,プログラミング言語,Programming Languages,60,True,cs-062-s3,型システム：ジェネリクス（多相型）,Type systems: generics (parametric polymorphism),大学教養,2,53,check,,True
computer-science,計算機科学,Computer Science,29学問,True,computer-science-field-06,プログラミング言語,Programming Languages,60,True,cs-063,高水準言語と低水準言語,High-level and low-level languages,大学教養,2,60,check,,True
computer-science,計算機科学,Computer Science,29学問,True,computer-science-field-07,データベース,Databases,70,True,cs-064,データベースとは何か,What is a database?,高校 情報I・II・専門情報,2,10,check,,True
computer-science,計算機科学,Computer Science,29学問,True,computer-science-field-07,データベース,Databases,70,True,cs-065,関係データベース,Relational databases,高校 情報I・II・専門情報,2,20,check,,True
computer-science,計算機科学,Computer Science,29学問,True,computer-science-field-07,データベース,Databases,70,True,cs-066,テーブル・レコード・フィールド,"Tables, records and fields",高校 情報I・II・専門情報,2,30,check,,True
computer-science,計算機科学,Computer Science,29学問,True,computer-science-field-07,データベース,Databases,70,True,cs-067,主キー,Primary keys,高校 情報I・II・専門情報,2,40,check,,True
computer-science,計算機科学,Computer Science,29学問,True,computer-science-field-07,データベース,Databases,70,True,cs-068,外部キー,Foreign keys,高校 情報I・II・専門情報,2,50,check,,True
computer-science,計算機科学,Computer Science,29学問,True,computer-science-field-07,データベース,Databases,70,True,cs-069,正規化,Normalization,高校 情報I・II・専門情報,2,60,check,,True
computer-science,計算機科学,Computer Science,29学問,True,computer-science-field-07,データベース,Databases,70,True,cs-070-s1,SQL：データ定義（CREATE等）,"SQL: data definition (CREATE, etc.)",高校 情報I・II・専門情報,2,71,check,,True
computer-science,計算機科学,Computer Science,29学問,True,computer-science-field-07,データベース,Databases,70,True,cs-070-s2,SQL：データ操作（INSERT・UPDATE・DELETE）,"SQL: data manipulation (INSERT, UPDATE, DELETE)",高校 情報I・II・専門情報,2,72,check,,True
computer-science,計算機科学,Computer Science,29学問,True,computer-science-field-07,データベース,Databases,70,True,cs-070-s3,SQL：結合（JOIN）とサブクエリ,SQL: joins (JOIN) and subqueries,高校 情報I・II・専門情報,2,73,check,,True
computer-science,計算機科学,Computer Science,29学問,True,computer-science-field-07,データベース,Databases,70,True,cs-071,検索・集計,Searching and aggregation,高校 情報I・II・専門情報,2,80,check,,True
computer-science,計算機科学,Computer Science,29学問,True,computer-science-field-07,データベース,Databases,70,True,cs-072,トランザクション,Transactions,高校 情報I・II・専門情報,2,90,check,,True
computer-science,計算機科学,Computer Science,29学問,True,computer-science-field-07,データベース,Databases,70,True,cs-073,インデックス,Indexes,高校 情報I・II・専門情報,2,100,check,,True
computer-science,計算機科学,Computer Science,29学問,True,computer-science-field-08,ネットワーク,Networks,80,True,cs-074,ネットワークの基本,Network basics,中学 技術・高校 情報I・II,2,10,check,,True
computer-science,計算機科学,Computer Science,29学問,True,computer-science-field-08,ネットワーク,Networks,80,True,cs-075,LANとWAN,LAN and WAN,中学 技術・高校 情報I・II,2,20,check,,True
computer-science,計算機科学,Computer Science,29学問,True,computer-science-field-08,ネットワーク,Networks,80,True,cs-076,インターネット,The Internet,中学 技術・高校 情報I・II,2,30,check,,True
computer-science,計算機科学,Computer Science,29学問,True,computer-science-field-08,ネットワーク,Networks,80,True,cs-077,プロトコル,Protocols,中学 技術・高校 情報I・II,2,40,check,,True
computer-science,計算機科学,Computer Science,29学問,True,computer-science-field-08,ネットワーク,Networks,80,True,cs-078-s1,TCP/IP：階層モデル,TCP/IP: layered model,中学 技術・高校 情報I・II,2,51,check,,True
computer-science,計算機科学,Computer Science,29学問,True,computer-science-field-08,ネットワーク,Networks,80,True,cs-078-s2,TCP/IP：TCPとUDP,TCP/IP: TCP and UDP,中学 技術・高校 情報I・II,2,52,check,,True
computer-science,計算機科学,Computer Science,29学問,True,computer-science-field-08,ネットワーク,Networks,80,True,cs-079,IPアドレス,IP addresses,中学 技術・高校 情報I・II,2,60,check,,True
computer-science,計算機科学,Computer Science,29学問,True,computer-science-field-08,ネットワーク,Networks,80,True,cs-080,サブネット,Subnets,中学 技術・高校 情報I・II,2,70,check,,True
computer-science,計算機科学,Computer Science,29学問,True,computer-science-field-08,ネットワーク,Networks,80,True,cs-081,DNS,DNS,中学 技術・高校 情報I・II,2,80,check,,True
computer-science,計算機科学,Computer Science,29学問,True,computer-science-field-08,ネットワーク,Networks,80,True,cs-082,DHCP,DHCP,中学 技術・高校 情報I・II,2,90,check,,True
computer-science,計算機科学,Computer Science,29学問,True,computer-science-field-08,ネットワーク,Networks,80,True,cs-083,ルーティング,Routing,中学 技術・高校 情報I・II,2,100,check,,True
computer-science,計算機科学,Computer Science,29学問,True,computer-science-field-08,ネットワーク,Networks,80,True,cs-084,HTTPとHTTPS,HTTP and HTTPS,中学 技術・高校 情報I・II,2,110,check,,True
computer-science,計算機科学,Computer Science,29学問,True,computer-science-field-08,ネットワーク,Networks,80,True,cs-085,電子メール,Email,中学 技術・高校 情報I・II,2,120,check,,True
computer-science,計算機科学,Computer Science,29学問,True,computer-science-field-08,ネットワーク,Networks,80,True,cs-086,無線LAN,Wireless LAN,中学 技術・高校 情報I・II,2,130,check,,True
computer-science,計算機科学,Computer Science,29学問,True,computer-science-field-08,ネットワーク,Networks,80,True,cs-087,クライアントサーバ,Client-server,中学 技術・高校 情報I・II,2,140,check,,True
computer-science,計算機科学,Computer Science,29学問,True,computer-science-field-08,ネットワーク,Networks,80,True,cs-088,P2P,P2P,中学 技術・高校 情報I・II,2,150,check,,True
computer-science,計算機科学,Computer Science,29学問,True,computer-science-field-08,ネットワーク,Networks,80,True,cs-089,クラウドコンピューティング,Cloud computing,中学 技術・高校 情報I・II,2,160,check,,True
computer-science,計算機科学,Computer Science,29学問,True,computer-science-field-09,セキュリティ,Security,90,True,cs-090,情報セキュリティの三要素,Three elements of information security,中学 技術・高校 情報I,2,10,check,,True
computer-science,計算機科学,Computer Science,29学問,True,computer-science-field-09,セキュリティ,Security,90,True,cs-091,認証,Authentication,中学 技術・高校 情報I,2,20,check,,True
computer-science,計算機科学,Computer Science,29学問,True,computer-science-field-09,セキュリティ,Security,90,True,cs-092,パスワード,Passwords,中学 技術・高校 情報I,2,30,check,,True
computer-science,計算機科学,Computer Science,29学問,True,computer-science-field-09,セキュリティ,Security,90,True,cs-093,多要素認証,Multi-factor authentication,中学 技術・高校 情報I,2,40,check,,True
computer-science,計算機科学,Computer Science,29学問,True,computer-science-field-09,セキュリティ,Security,90,True,cs-094,アクセス制御,Access control,中学 技術・高校 情報I,2,50,check,,True
computer-science,計算機科学,Computer Science,29学問,True,computer-science-field-09,セキュリティ,Security,90,True,cs-095,暗号化,Encryption,中学 技術・高校 情報I,2,60,check,,True
computer-science,計算機科学,Computer Science,29学問,True,computer-science-field-09,セキュリティ,Security,90,True,cs-096,公開鍵暗号,Public-key cryptography,中学 技術・高校 情報I,2,70,check,,True
computer-science,計算機科学,Computer Science,29学問,True,computer-science-field-09,セキュリティ,Security,90,True,cs-097,ハッシュ,Hashing,中学 技術・高校 情報I,2,80,check,,True
computer-science,計算機科学,Computer Science,29学問,True,computer-science-field-09,セキュリティ,Security,90,True,cs-098,デジタル署名,Digital signatures,中学 技術・高校 情報I,2,90,check,,True
computer-science,計算機科学,Computer Science,29学問,True,computer-science-field-09,セキュリティ,Security,90,True,cs-099,マルウェア,Malware,中学 技術・高校 情報I,2,100,check,,True
computer-science,計算機科学,Computer Science,29学問,True,computer-science-field-09,セキュリティ,Security,90,True,cs-100,フィッシング,Phishing,中学 技術・高校 情報I,2,110,check,,True
computer-science,計算機科学,Computer Science,29学問,True,computer-science-field-09,セキュリティ,Security,90,True,cs-101,脆弱性,Vulnerabilities,中学 技術・高校 情報I,2,120,check,,True
computer-science,計算機科学,Computer Science,29学問,True,computer-science-field-09,セキュリティ,Security,90,True,cs-102,バックアップ,Backups,中学 技術・高校 情報I,2,130,check,,True
computer-science,計算機科学,Computer Science,29学問,True,computer-science-field-09,セキュリティ,Security,90,True,cs-103,セキュリティ更新,Security updates,中学 技術・高校 情報I,2,140,check,,True
computer-science,計算機科学,Computer Science,29学問,True,computer-science-field-10,OSとシステム,Operating Systems,100,True,cs-104,オペレーティングシステム,Operating systems,大学教養,2,10,check,,True
computer-science,計算機科学,Computer Science,29学問,True,computer-science-field-10,OSとシステム,Operating Systems,100,True,cs-105,プロセス,Processes,大学教養,2,20,check,,True
computer-science,計算機科学,Computer Science,29学問,True,computer-science-field-10,OSとシステム,Operating Systems,100,True,cs-106,スレッド,Threads,大学教養,2,30,check,,True
computer-science,計算機科学,Computer Science,29学問,True,computer-science-field-10,OSとシステム,Operating Systems,100,True,cs-107,スケジューリング,Scheduling,大学教養,2,40,check,,True
computer-science,計算機科学,Computer Science,29学問,True,computer-science-field-10,OSとシステム,Operating Systems,100,True,cs-108,メモリ管理,Memory management,大学教養,2,50,check,,True
computer-science,計算機科学,Computer Science,29学問,True,computer-science-field-10,OSとシステム,Operating Systems,100,True,cs-109,仮想記憶,Virtual memory,大学教養,2,60,check,,True
computer-science,計算機科学,Computer Science,29学問,True,computer-science-field-10,OSとシステム,Operating Systems,100,True,cs-110,ファイルシステム,File systems,大学教養,2,70,check,,True
computer-science,計算機科学,Computer Science,29学問,True,computer-science-field-10,OSとシステム,Operating Systems,100,True,cs-111,入出力管理,I/O management,大学教養,2,80,check,,True
computer-science,計算機科学,Computer Science,29学問,True,computer-science-field-10,OSとシステム,Operating Systems,100,True,cs-112,仮想化,Virtualization,大学教養,2,90,check,,True
computer-science,計算機科学,Computer Science,29学問,True,computer-science-field-10,OSとシステム,Operating Systems,100,True,cs-113,コンテナ,Containers,大学教養,2,100,check,,True
computer-science,計算機科学,Computer Science,29学問,True,computer-science-field-11,Web,The Web,110,True,cs-114,Webの仕組み,How the Web works,高校 情報I・II・大学教養,2,10,check,,True
computer-science,計算機科学,Computer Science,29学問,True,computer-science-field-11,Web,The Web,110,True,cs-115,HTML,HTML,高校 情報I・II・大学教養,2,20,check,,True
computer-science,計算機科学,Computer Science,29学問,True,computer-science-field-11,Web,The Web,110,True,cs-116-s1,CSS：セレクタと詳細度,CSS: selectors and specificity,高校 情報I・II・大学教養,2,31,check,,True
computer-science,計算機科学,Computer Science,29学問,True,computer-science-field-11,Web,The Web,110,True,cs-116-s2,CSS：ボックスモデル,CSS: box model,高校 情報I・II・大学教養,2,32,check,,True
computer-science,計算機科学,Computer Science,29学問,True,computer-science-field-11,Web,The Web,110,True,cs-116-s3,CSS：レイアウト（Flexbox・Grid）,"CSS: layout (Flexbox, Grid)",高校 情報I・II・大学教養,2,33,check,,True
computer-science,計算機科学,Computer Science,29学問,True,computer-science-field-11,Web,The Web,110,True,cs-116-s4,CSS：レスポンシブデザイン,CSS: responsive design,高校 情報I・II・大学教養,2,34,check,,True
computer-science,計算機科学,Computer Science,29学問,True,computer-science-field-11,Web,The Web,110,True,cs-117-s1,JavaScript：基本文法,JavaScript: basic syntax,高校 情報I・II・大学教養,2,41,check,,True
computer-science,計算機科学,Computer Science,29学問,True,computer-science-field-11,Web,The Web,110,True,cs-117-s2,JavaScript：DOM操作,JavaScript: DOM manipulation,高校 情報I・II・大学教養,2,42,check,,True
computer-science,計算機科学,Computer Science,29学問,True,computer-science-field-11,Web,The Web,110,True,cs-117-s3,JavaScript：イベント処理,JavaScript: event handling,高校 情報I・II・大学教養,2,43,check,,True
computer-science,計算機科学,Computer Science,29学問,True,computer-science-field-11,Web,The Web,110,True,cs-117-s4,JavaScript：非同期処理（Promise・async/await）,"JavaScript: asynchronous code (Promise, async/await)",高校 情報I・II・大学教養,2,44,check,,True
computer-science,計算機科学,Computer Science,29学問,True,computer-science-field-11,Web,The Web,110,True,cs-118,URL,URLs,高校 情報I・II・大学教養,2,50,check,,True
computer-science,計算機科学,Computer Science,29学問,True,computer-science-field-11,Web,The Web,110,True,cs-119,Web API,Web APIs,高校 情報I・II・大学教養,2,60,check,,True
computer-science,計算機科学,Computer Science,29学問,True,computer-science-field-11,Web,The Web,110,True,cs-120,Cookieとセッション,Cookies and sessions,高校 情報I・II・大学教養,2,70,check,,True
computer-science,計算機科学,Computer Science,29学問,True,computer-science-field-11,Web,The Web,110,True,cs-121,Webアプリケーション,Web applications,高校 情報I・II・大学教養,2,80,check,,True
computer-science,計算機科学,Computer Science,29学問,True,computer-science-field-12,データ科学,Data Science,120,True,cs-122,データの収集,Collecting data,高校 情報I・II,2,10,check,,True
computer-science,計算機科学,Computer Science,29学問,True,computer-science-field-12,データ科学,Data Science,120,True,cs-123,データの前処理,Data preprocessing,高校 情報I・II,2,20,check,,True
computer-science,計算機科学,Computer Science,29学問,True,computer-science-field-12,データ科学,Data Science,120,True,cs-124,可視化,Visualization,高校 情報I・II,2,30,check,,True
computer-science,計算機科学,Computer Science,29学問,True,computer-science-field-12,データ科学,Data Science,120,True,cs-125,代表値,Summary statistics,高校 情報I・II,2,40,check,,True
computer-science,計算機科学,Computer Science,29学問,True,computer-science-field-12,データ科学,Data Science,120,True,cs-126,散布図と相関,Scatter plots and correlation,高校 情報I・II,2,50,check,,True
computer-science,計算機科学,Computer Science,29学問,True,computer-science-field-12,データ科学,Data Science,120,True,cs-127,回帰,Regression,高校 情報I・II,2,60,check,,True
computer-science,計算機科学,Computer Science,29学問,True,computer-science-field-12,データ科学,Data Science,120,True,cs-128,標本と母集団,Sample and population,高校 情報I・II,2,70,check,,True
computer-science,計算機科学,Computer Science,29学問,True,computer-science-field-12,データ科学,Data Science,120,True,cs-129,データ分析のバイアス,Bias in data analysis,高校 情報I・II,2,80,check,,True
computer-science,計算機科学,Computer Science,29学問,True,computer-science-field-12,データ科学,Data Science,120,True,cs-130,オープンデータ,Open data,高校 情報I・II,2,90,check,,True
computer-science,計算機科学,Computer Science,29学問,True,computer-science-field-13,AI,AI,130,True,cs-131,人工知能とは何か,What is artificial intelligence?,高校 情報II・大学教養,2,10,check,,True
computer-science,計算機科学,Computer Science,29学問,True,computer-science-field-13,AI,AI,130,True,cs-132,機械学習,Machine learning,高校 情報II・大学教養,2,20,check,,True
computer-science,計算機科学,Computer Science,29学問,True,computer-science-field-13,AI,AI,130,True,cs-133,教師あり学習,Supervised learning,高校 情報II・大学教養,2,30,check,,True
computer-science,計算機科学,Computer Science,29学問,True,computer-science-field-13,AI,AI,130,True,cs-134,教師なし学習,Unsupervised learning,高校 情報II・大学教養,2,40,check,,True
computer-science,計算機科学,Computer Science,29学問,True,computer-science-field-13,AI,AI,130,True,cs-135,強化学習,Reinforcement learning,高校 情報II・大学教養,2,50,check,,True
computer-science,計算機科学,Computer Science,29学問,True,computer-science-field-13,AI,AI,130,True,cs-136,ニューラルネットワーク,Neural networks,高校 情報II・大学教養,2,60,check,,True
computer-science,計算機科学,Computer Science,29学問,True,computer-science-field-13,AI,AI,130,True,cs-137-s1,深層学習：誤差逆伝播法と学習の工夫,Deep learning: backpropagation and training techniques,高校 情報II・大学教養,2,71,check,,True
computer-science,計算機科学,Computer Science,29学問,True,computer-science-field-13,AI,AI,130,True,cs-137-s2,深層学習：畳み込みニューラルネットワーク,Deep learning: convolutional neural networks,高校 情報II・大学教養,2,72,check,,True
computer-science,計算機科学,Computer Science,29学問,True,computer-science-field-13,AI,AI,130,True,cs-137-s3,深層学習：RNNとTransformer,Deep learning: RNNs and Transformers,高校 情報II・大学教養,2,73,check,,True
computer-science,計算機科学,Computer Science,29学問,True,computer-science-field-13,AI,AI,130,True,cs-138,自然言語処理,Natural language processing,高校 情報II・大学教養,2,80,check,,True
computer-science,計算機科学,Computer Science,29学問,True,computer-science-field-13,AI,AI,130,True,cs-139,画像認識,Image recognition,高校 情報II・大学教養,2,90,check,,True
computer-science,計算機科学,Computer Science,29学問,True,computer-science-field-13,AI,AI,130,True,cs-140,生成AI,Generative AI,高校 情報II・大学教養,2,100,check,,True
computer-science,計算機科学,Computer Science,29学問,True,computer-science-field-13,AI,AI,130,True,cs-141,AIの評価,Evaluating AI,高校 情報II・大学教養,2,110,check,,True
computer-science,計算機科学,Computer Science,29学問,True,computer-science-field-13,AI,AI,130,True,cs-142,AI倫理,AI ethics,高校 情報II・大学教養,2,120,check,,True
computer-science,計算機科学,Computer Science,29学問,True,computer-science-field-14,ソフトウェア工学,Software Engineering,140,True,cs-143,要件定義,Requirements definition,専門情報・大学教養,2,10,check,,True
computer-science,計算機科学,Computer Science,29学問,True,computer-science-field-14,ソフトウェア工学,Software Engineering,140,True,cs-144,設計,Design,専門情報・大学教養,2,20,check,,True
computer-science,計算機科学,Computer Science,29学問,True,computer-science-field-14,ソフトウェア工学,Software Engineering,140,True,cs-145,実装,Implementation,専門情報・大学教養,2,30,check,,True
computer-science,計算機科学,Computer Science,29学問,True,computer-science-field-14,ソフトウェア工学,Software Engineering,140,True,cs-146,ソフトウェアテスト,Software testing,専門情報・大学教養,2,40,check,,True
computer-science,計算機科学,Computer Science,29学問,True,computer-science-field-14,ソフトウェア工学,Software Engineering,140,True,cs-147,バージョン管理,Version control,専門情報・大学教養,2,50,check,,True
computer-science,計算機科学,Computer Science,29学問,True,computer-science-field-14,ソフトウェア工学,Software Engineering,140,True,cs-148,Git,Git,専門情報・大学教養,2,60,check,,True
computer-science,計算機科学,Computer Science,29学問,True,computer-science-field-14,ソフトウェア工学,Software Engineering,140,True,cs-149,ソフトウェア開発ライフサイクル,Software development life cycle,専門情報・大学教養,2,70,check,,True
computer-science,計算機科学,Computer Science,29学問,True,computer-science-field-14,ソフトウェア工学,Software Engineering,140,True,cs-150,アジャイル開発,Agile development,専門情報・大学教養,2,80,check,,True
computer-science,計算機科学,Computer Science,29学問,True,computer-science-field-14,ソフトウェア工学,Software Engineering,140,True,cs-151,継続的インテグレーション,Continuous integration,専門情報・大学教養,2,90,check,,True
computer-science,計算機科学,Computer Science,29学問,True,computer-science-field-14,ソフトウェア工学,Software Engineering,140,True,cs-152,技術的負債,Technical debt,専門情報・大学教養,2,100,check,,True
computer-science,計算機科学,Computer Science,29学問,True,computer-science-field-15,計算理論,Theory of Computation,150,True,cs-153,形式言語,Formal languages,大学教養,2,10,check,,True
computer-science,計算機科学,Computer Science,29学問,True,computer-science-field-15,計算理論,Theory of Computation,150,True,cs-154-s1,オートマトン：有限オートマトン（DFA・NFA）,"Automata: finite automata (DFA, NFA)",大学教養,2,21,check,,True
computer-science,計算機科学,Computer Science,29学問,True,computer-science-field-15,計算理論,Theory of Computation,150,True,cs-154-s2,オートマトン：正規表現と正規言語,Automata: regular expressions and regular languages,大学教養,2,22,check,,True
computer-science,計算機科学,Computer Science,29学問,True,computer-science-field-15,計算理論,Theory of Computation,150,True,cs-154-s3,オートマトン：プッシュダウンオートマトンと文脈自由言語,Automata: pushdown automata and context-free languages,大学教養,2,23,check,,True
computer-science,計算機科学,Computer Science,29学問,True,computer-science-field-15,計算理論,Theory of Computation,150,True,cs-155,チューリング機械,Turing machines,大学教養,2,30,check,,True
computer-science,計算機科学,Computer Science,29学問,True,computer-science-field-15,計算理論,Theory of Computation,150,True,cs-156,計算可能性,Computability,大学教養,2,40,check,,True
computer-science,計算機科学,Computer Science,29学問,True,computer-science-field-15,計算理論,Theory of Computation,150,True,cs-157,停止問題,Halting problem,大学教養,2,50,check,,True
computer-science,計算機科学,Computer Science,29学問,True,computer-science-field-15,計算理論,Theory of Computation,150,True,cs-158,PとNP,P and NP,大学教養,2,60,check,,True
computer-science,計算機科学,Computer Science,29学問,True,computer-science-field-15,計算理論,Theory of Computation,150,True,cs-159,アルゴリズムの限界,Limits of algorithms,大学教養,2,70,check,,True
computer-science,計算機科学,Computer Science,29学問,True,computer-science-field-16,情報社会,Information Society,160,True,cs-160,著作権,Copyright,中学 技術・高校 情報I・II,2,10,check,,True
computer-science,計算機科学,Computer Science,29学問,True,computer-science-field-16,情報社会,Information Society,160,True,cs-161,個人情報,Personal information,中学 技術・高校 情報I・II,2,20,check,,True
computer-science,計算機科学,Computer Science,29学問,True,computer-science-field-16,情報社会,Information Society,160,True,cs-162,プライバシー,Privacy,中学 技術・高校 情報I・II,2,30,check,,True
computer-science,計算機科学,Computer Science,29学問,True,computer-science-field-16,情報社会,Information Society,160,True,cs-163,情報モラル,Information ethics,中学 技術・高校 情報I・II,2,40,check,,True
computer-science,計算機科学,Computer Science,29学問,True,computer-science-field-16,情報社会,Information Society,160,True,cs-164,デジタル・シティズンシップ,Digital citizenship,中学 技術・高校 情報I・II,2,50,check,,True
computer-science,計算機科学,Computer Science,29学問,True,computer-science-field-16,情報社会,Information Society,160,True,cs-165,情報格差,Digital divide,中学 技術・高校 情報I・II,2,60,check,,True
computer-science,計算機科学,Computer Science,29学問,True,computer-science-field-16,情報社会,Information Society,160,True,cs-166,アルゴリズムと社会,Algorithms and society,中学 技術・高校 情報I・II,2,70,check,,True
computer-science,計算機科学,Computer Science,29学問,True,computer-science-field-16,情報社会,Information Society,160,True,cs-167,プラットフォーム,Platforms,中学 技術・高校 情報I・II,2,80,check,,True
computer-science,計算機科学,Computer Science,29学問,True,computer-science-field-16,情報社会,Information Society,160,True,cs-168,情報技術と労働,Information technology and work,中学 技術・高校 情報I・II,2,90,check,,True
architecture,建築学,Architecture,29学問,True,architecture-field-01,建築の基礎,Architectural Basics,10,True,arch-001,建築とは何か,What is architecture?,高校 工業,2,10,check,,True
architecture,建築学,Architecture,29学問,True,architecture-field-01,建築の基礎,Architectural Basics,10,True,arch-002,建築の用途,Building uses,高校 工業,2,20,check,,True
architecture,建築学,Architecture,29学問,True,architecture-field-01,建築の基礎,Architectural Basics,10,True,arch-003,建築の機能・安全・美,"Function, safety and beauty in buildings",高校 工業,2,30,check,,True
architecture,建築学,Architecture,29学問,True,architecture-field-01,建築の基礎,Architectural Basics,10,True,arch-004,建築設計の流れ,The architectural design process,高校 工業,2,40,check,,True
architecture,建築学,Architecture,29学問,True,architecture-field-01,建築の基礎,Architectural Basics,10,True,arch-005,図面の種類,Types of drawings,高校 工業,2,50,check,,True
architecture,建築学,Architecture,29学問,True,architecture-field-01,建築の基礎,Architectural Basics,10,True,arch-006,縮尺,Scale,高校 工業,2,60,check,,True
architecture,建築学,Architecture,29学問,True,architecture-field-01,建築の基礎,Architectural Basics,10,True,arch-007,製図,Drafting,高校 工業,2,70,check,,True
architecture,建築学,Architecture,29学問,True,architecture-field-01,建築の基礎,Architectural Basics,10,True,arch-008,平面図,Floor plans,高校 工業,2,80,check,,True
architecture,建築学,Architecture,29学問,True,architecture-field-01,建築の基礎,Architectural Basics,10,True,arch-009,立面図,Elevations,高校 工業,2,90,check,,True
architecture,建築学,Architecture,29学問,True,architecture-field-01,建築の基礎,Architectural Basics,10,True,arch-010,断面図,Sections,高校 工業,2,100,check,,True
architecture,建築学,Architecture,29学問,True,architecture-field-01,建築の基礎,Architectural Basics,10,True,arch-011,配置図,Site plans,高校 工業,2,110,check,,True
architecture,建築学,Architecture,29学問,True,architecture-field-02,建築史,Architectural History,20,True,arch-012,日本古代建築,Ancient Japanese architecture,高校 工業・大学教養,2,10,check,,True
architecture,建築学,Architecture,29学問,True,architecture-field-02,建築史,Architectural History,20,True,arch-013,寺社建築,Temple and shrine architecture,高校 工業・大学教養,2,20,check,,True
architecture,建築学,Architecture,29学問,True,architecture-field-02,建築史,Architectural History,20,True,arch-014,寝殿造,Shinden-zukuri,高校 工業・大学教養,2,30,check,,True
architecture,建築学,Architecture,29学問,True,architecture-field-02,建築史,Architectural History,20,True,arch-015,書院造,Shoin-zukuri,高校 工業・大学教養,2,40,check,,True
architecture,建築学,Architecture,29学問,True,architecture-field-02,建築史,Architectural History,20,True,arch-016,町家と民家,Machiya and minka (townhouses and folk houses),高校 工業・大学教養,2,50,check,,True
architecture,建築学,Architecture,29学問,True,architecture-field-02,建築史,Architectural History,20,True,arch-017-s1,西洋古代建築：ギリシア建築（オーダー）,Ancient Western architecture: Greek architecture (orders),高校 工業・大学教養,2,61,check,,True
architecture,建築学,Architecture,29学問,True,architecture-field-02,建築史,Architectural History,20,True,arch-017-s2,西洋古代建築：ローマ建築（アーチ・ヴォールト・コンクリート）,"Ancient Western architecture: Roman architecture (arches, vaults, concrete)",高校 工業・大学教養,2,62,check,,True
architecture,建築学,Architecture,29学問,True,architecture-field-02,建築史,Architectural History,20,True,arch-018,ロマネスク,Romanesque,高校 工業・大学教養,2,70,check,,True
architecture,建築学,Architecture,29学問,True,architecture-field-02,建築史,Architectural History,20,True,arch-019,ゴシック,Gothic,高校 工業・大学教養,2,80,check,,True
architecture,建築学,Architecture,29学問,True,architecture-field-02,建築史,Architectural History,20,True,arch-020,ルネサンス,Renaissance,高校 工業・大学教養,2,90,check,,True
architecture,建築学,Architecture,29学問,True,architecture-field-02,建築史,Architectural History,20,True,arch-021,バロック,Baroque,高校 工業・大学教養,2,100,check,,True
architecture,建築学,Architecture,29学問,True,architecture-field-02,建築史,Architectural History,20,True,arch-022,近代建築,Modern architecture,高校 工業・大学教養,2,110,check,,True
architecture,建築学,Architecture,29学問,True,architecture-field-02,建築史,Architectural History,20,True,arch-023,モダニズム,Modernism,高校 工業・大学教養,2,120,check,,True
architecture,建築学,Architecture,29学問,True,architecture-field-02,建築史,Architectural History,20,True,arch-024,国際様式,International Style,高校 工業・大学教養,2,130,check,,True
architecture,建築学,Architecture,29学問,True,architecture-field-02,建築史,Architectural History,20,True,arch-025,日本近代建築,Modern Japanese architecture,高校 工業・大学教養,2,140,check,,True
architecture,建築学,Architecture,29学問,True,architecture-field-02,建築史,Architectural History,20,True,arch-026,ポストモダン,Postmodernism,高校 工業・大学教養,2,150,check,,True
architecture,建築学,Architecture,29学問,True,architecture-field-02,建築史,Architectural History,20,True,arch-027-s1,現代建築：ハイテク建築,Contemporary architecture: high-tech architecture,高校 工業・大学教養,2,161,check,,True
architecture,建築学,Architecture,29学問,True,architecture-field-02,建築史,Architectural History,20,True,arch-027-s2,現代建築：脱構築主義建築,Contemporary architecture: deconstructivism,高校 工業・大学教養,2,162,check,,True
architecture,建築学,Architecture,29学問,True,architecture-field-02,建築史,Architectural History,20,True,arch-027-s3,現代建築：環境・パラメトリックデザイン,Contemporary architecture: environmental and parametric design,高校 工業・大学教養,2,163,check,,True
architecture,建築学,Architecture,29学問,True,architecture-field-03,建築計画,Architectural Planning,30,True,arch-028,人体寸法と建築,Human dimensions and architecture,高校 工業,2,10,check,,True
architecture,建築学,Architecture,29学問,True,architecture-field-03,建築計画,Architectural Planning,30,True,arch-029,動線計画,Circulation planning,高校 工業,2,20,check,,True
architecture,建築学,Architecture,29学問,True,architecture-field-03,建築計画,Architectural Planning,30,True,arch-030,ゾーニング,Zoning,高校 工業,2,30,check,,True
architecture,建築学,Architecture,29学問,True,architecture-field-03,建築計画,Architectural Planning,30,True,arch-031,住宅計画,Housing design,高校 工業,2,40,check,,True
architecture,建築学,Architecture,29学問,True,architecture-field-03,建築計画,Architectural Planning,30,True,arch-032,集合住宅,Multi-unit housing,高校 工業,2,50,check,,True
architecture,建築学,Architecture,29学問,True,architecture-field-03,建築計画,Architectural Planning,30,True,arch-033,学校建築,School buildings,高校 工業,2,60,check,,True
architecture,建築学,Architecture,29学問,True,architecture-field-03,建築計画,Architectural Planning,30,True,arch-034,オフィス,Offices,高校 工業,2,70,check,,True
architecture,建築学,Architecture,29学問,True,architecture-field-03,建築計画,Architectural Planning,30,True,arch-035,商業建築,Commercial buildings,高校 工業,2,80,check,,True
architecture,建築学,Architecture,29学問,True,architecture-field-03,建築計画,Architectural Planning,30,True,arch-036,文化施設,Cultural facilities,高校 工業,2,90,check,,True
architecture,建築学,Architecture,29学問,True,architecture-field-03,建築計画,Architectural Planning,30,True,arch-037,医療福祉施設,Healthcare and welfare facilities,高校 工業,2,100,check,,True
architecture,建築学,Architecture,29学問,True,architecture-field-03,建築計画,Architectural Planning,30,True,arch-038,ユニバーサルデザイン,Universal design,高校 工業,2,110,check,,True
architecture,建築学,Architecture,29学問,True,architecture-field-03,建築計画,Architectural Planning,30,True,arch-039,バリアフリー,Barrier-free design,高校 工業,2,120,check,,True
architecture,建築学,Architecture,29学問,True,architecture-field-04,環境工学,Environmental Engineering,40,True,arch-040,建築と気候,Architecture and climate,高校 工業,2,10,check,,True
architecture,建築学,Architecture,29学問,True,architecture-field-04,環境工学,Environmental Engineering,40,True,arch-041,日照,Sunlight,高校 工業,2,20,check,,True
architecture,建築学,Architecture,29学問,True,architecture-field-04,環境工学,Environmental Engineering,40,True,arch-042,採光,Daylighting,高校 工業,2,30,check,,True
architecture,建築学,Architecture,29学問,True,architecture-field-04,環境工学,Environmental Engineering,40,True,arch-043,照明,Lighting,高校 工業,2,40,check,,True
architecture,建築学,Architecture,29学問,True,architecture-field-04,環境工学,Environmental Engineering,40,True,arch-044,色彩,Color,高校 工業,2,50,check,,True
architecture,建築学,Architecture,29学問,True,architecture-field-04,環境工学,Environmental Engineering,40,True,arch-045,音環境,Acoustic environment,高校 工業,2,60,check,,True
architecture,建築学,Architecture,29学問,True,architecture-field-04,環境工学,Environmental Engineering,40,True,arch-046,遮音と吸音,Sound insulation and absorption,高校 工業,2,70,check,,True
architecture,建築学,Architecture,29学問,True,architecture-field-04,環境工学,Environmental Engineering,40,True,arch-047,熱環境,Thermal environment,高校 工業,2,80,check,,True
architecture,建築学,Architecture,29学問,True,architecture-field-04,環境工学,Environmental Engineering,40,True,arch-048,断熱,Thermal insulation,高校 工業,2,90,check,,True
architecture,建築学,Architecture,29学問,True,architecture-field-04,環境工学,Environmental Engineering,40,True,arch-049,結露,Condensation,高校 工業,2,100,check,,True
architecture,建築学,Architecture,29学問,True,architecture-field-04,環境工学,Environmental Engineering,40,True,arch-050,換気,Ventilation,高校 工業,2,110,check,,True
architecture,建築学,Architecture,29学問,True,architecture-field-04,環境工学,Environmental Engineering,40,True,arch-051,室内空気質,Indoor air quality,高校 工業,2,120,check,,True
architecture,建築学,Architecture,29学問,True,architecture-field-04,環境工学,Environmental Engineering,40,True,arch-052,省エネルギー,Energy conservation,高校 工業,2,130,check,,True
architecture,建築学,Architecture,29学問,True,architecture-field-05,建築構造,Building Structures,50,True,arch-053,荷重,Loads,高校 工業,2,10,check,,True
architecture,建築学,Architecture,29学問,True,architecture-field-05,建築構造,Building Structures,50,True,arch-054,応力,Stress,高校 工業,2,20,check,,True
architecture,建築学,Architecture,29学問,True,architecture-field-05,建築構造,Building Structures,50,True,arch-055,ひずみ,Strain,高校 工業,2,30,check,,True
architecture,建築学,Architecture,29学問,True,architecture-field-05,建築構造,Building Structures,50,True,arch-056-s1,構造力学の基本：力とモーメントのつり合い,Structural mechanics basics: equilibrium of forces and moments,高校 工業,2,41,check,,True
architecture,建築学,Architecture,29学問,True,architecture-field-05,建築構造,Building Structures,50,True,arch-056-s2,構造力学の基本：静定構造と不静定構造,Structural mechanics basics: statically determinate and indeterminate structures,高校 工業,2,42,check,,True
architecture,建築学,Architecture,29学問,True,architecture-field-05,建築構造,Building Structures,50,True,arch-056-s3,構造力学の基本：断面性能,Structural mechanics basics: section properties,高校 工業,2,43,check,,True
architecture,建築学,Architecture,29学問,True,architecture-field-05,建築構造,Building Structures,50,True,arch-056-s4,構造力学の基本：座屈,Structural mechanics basics: buckling,高校 工業,2,44,check,,True
architecture,建築学,Architecture,29学問,True,architecture-field-05,建築構造,Building Structures,50,True,arch-057,梁,Beams,高校 工業,2,50,check,,True
architecture,建築学,Architecture,29学問,True,architecture-field-05,建築構造,Building Structures,50,True,arch-058,柱,Columns,高校 工業,2,60,check,,True
architecture,建築学,Architecture,29学問,True,architecture-field-05,建築構造,Building Structures,50,True,arch-059,トラス,Trusses,高校 工業,2,70,check,,True
architecture,建築学,Architecture,29学問,True,architecture-field-05,建築構造,Building Structures,50,True,arch-060,木構造,Timber structures,高校 工業,2,80,check,,True
architecture,建築学,Architecture,29学問,True,architecture-field-05,建築構造,Building Structures,50,True,arch-061,鉄骨構造,Steel structures,高校 工業,2,90,check,,True
architecture,建築学,Architecture,29学問,True,architecture-field-05,建築構造,Building Structures,50,True,arch-062,鉄筋コンクリート構造,Reinforced concrete structures,高校 工業,2,100,check,,True
architecture,建築学,Architecture,29学問,True,architecture-field-05,建築構造,Building Structures,50,True,arch-063,鉄骨鉄筋コンクリート構造,Steel-reinforced concrete structures,高校 工業,2,110,check,,True
architecture,建築学,Architecture,29学問,True,architecture-field-05,建築構造,Building Structures,50,True,arch-064,組積造,Masonry,高校 工業,2,120,check,,True
architecture,建築学,Architecture,29学問,True,architecture-field-05,建築構造,Building Structures,50,True,arch-065,耐震構造,Earthquake-resistant structures,高校 工業,2,130,check,,True
architecture,建築学,Architecture,29学問,True,architecture-field-05,建築構造,Building Structures,50,True,arch-066,制震構造,Vibration-control (damped) structures,高校 工業,2,140,check,,True
architecture,建築学,Architecture,29学問,True,architecture-field-05,建築構造,Building Structures,50,True,arch-067,免震構造,Base-isolated structures,高校 工業,2,150,check,,True
architecture,建築学,Architecture,29学問,True,architecture-field-05,建築構造,Building Structures,50,True,arch-068,大空間構造,Long-span structures,高校 工業,2,160,check,,True
architecture,建築学,Architecture,29学問,True,architecture-field-05,建築構造,Building Structures,50,True,arch-069,超高層建築,Skyscrapers,高校 工業,2,170,check,,True
architecture,建築学,Architecture,29学問,True,architecture-field-06,建築材料,Building Materials,60,True,arch-070,木材,Timber,高校 工業,2,10,check,,True
architecture,建築学,Architecture,29学問,True,architecture-field-06,建築材料,Building Materials,60,True,arch-071,鋼材,Steel,高校 工業,2,20,check,,True
architecture,建築学,Architecture,29学問,True,architecture-field-06,建築材料,Building Materials,60,True,arch-072,コンクリート,Concrete,高校 工業,2,30,check,,True
architecture,建築学,Architecture,29学問,True,architecture-field-06,建築材料,Building Materials,60,True,arch-073,セメント,Cement,高校 工業,2,40,check,,True
architecture,建築学,Architecture,29学問,True,architecture-field-06,建築材料,Building Materials,60,True,arch-074,ガラス,Glass,高校 工業,2,50,check,,True
architecture,建築学,Architecture,29学問,True,architecture-field-06,建築材料,Building Materials,60,True,arch-075,石材,Stone,高校 工業,2,60,check,,True
architecture,建築学,Architecture,29学問,True,architecture-field-06,建築材料,Building Materials,60,True,arch-076,タイル・セラミックス,Tiles and ceramics,高校 工業,2,70,check,,True
architecture,建築学,Architecture,29学問,True,architecture-field-06,建築材料,Building Materials,60,True,arch-077,断熱材,Insulation materials,高校 工業,2,80,check,,True
architecture,建築学,Architecture,29学問,True,architecture-field-06,建築材料,Building Materials,60,True,arch-078,仕上げ材,Finishing materials,高校 工業,2,90,check,,True
architecture,建築学,Architecture,29学問,True,architecture-field-06,建築材料,Building Materials,60,True,arch-079,材料の耐久性,Durability of materials,高校 工業,2,100,check,,True
architecture,建築学,Architecture,29学問,True,architecture-field-06,建築材料,Building Materials,60,True,arch-080,材料と環境負荷,Materials and environmental impact,高校 工業,2,110,check,,True
architecture,建築学,Architecture,29学問,True,architecture-field-07,建築設備,Building Services,70,True,arch-081,給水設備,Water supply systems,高校 工業,2,10,check,,True
architecture,建築学,Architecture,29学問,True,architecture-field-07,建築設備,Building Services,70,True,arch-082,排水設備,Drainage systems,高校 工業,2,20,check,,True
architecture,建築学,Architecture,29学問,True,architecture-field-07,建築設備,Building Services,70,True,arch-083,衛生設備,Sanitary fixtures,高校 工業,2,30,check,,True
architecture,建築学,Architecture,29学問,True,architecture-field-07,建築設備,Building Services,70,True,arch-084,給湯設備,Hot water systems,高校 工業,2,40,check,,True
architecture,建築学,Architecture,29学問,True,architecture-field-07,建築設備,Building Services,70,True,arch-085,空気調和設備,Air conditioning systems,高校 工業,2,50,check,,True
architecture,建築学,Architecture,29学問,True,architecture-field-07,建築設備,Building Services,70,True,arch-086,換気設備,Ventilation systems,高校 工業,2,60,check,,True
architecture,建築学,Architecture,29学問,True,architecture-field-07,建築設備,Building Services,70,True,arch-087,電気設備,Electrical systems,高校 工業,2,70,check,,True
architecture,建築学,Architecture,29学問,True,architecture-field-07,建築設備,Building Services,70,True,arch-088,照明設備,Lighting systems,高校 工業,2,80,check,,True
architecture,建築学,Architecture,29学問,True,architecture-field-07,建築設備,Building Services,70,True,arch-089,通信設備,Communication systems,高校 工業,2,90,check,,True
architecture,建築学,Architecture,29学問,True,architecture-field-07,建築設備,Building Services,70,True,arch-090,防災設備,Fire and disaster protection systems,高校 工業,2,100,check,,True
architecture,建築学,Architecture,29学問,True,architecture-field-07,建築設備,Building Services,70,True,arch-091,エレベーター,Elevators,高校 工業,2,110,check,,True
architecture,建築学,Architecture,29学問,True,architecture-field-08,施工,Construction,80,True,arch-092,施工計画,Construction planning,高校 工業,2,10,check,,True
architecture,建築学,Architecture,29学問,True,architecture-field-08,施工,Construction,80,True,arch-093,仮設工事,Temporary works,高校 工業,2,20,check,,True
architecture,建築学,Architecture,29学問,True,architecture-field-08,施工,Construction,80,True,arch-094,土工事,Earthwork,高校 工業,2,30,check,,True
architecture,建築学,Architecture,29学問,True,architecture-field-08,施工,Construction,80,True,arch-095,基礎工事,Foundation work,高校 工業,2,40,check,,True
architecture,建築学,Architecture,29学問,True,architecture-field-08,施工,Construction,80,True,arch-096,躯体工事,Structural frame work,高校 工業,2,50,check,,True
architecture,建築学,Architecture,29学問,True,architecture-field-08,施工,Construction,80,True,arch-097,木工事,Carpentry work,高校 工業,2,60,check,,True
architecture,建築学,Architecture,29学問,True,architecture-field-08,施工,Construction,80,True,arch-098,仕上げ工事,Finishing work,高校 工業,2,70,check,,True
architecture,建築学,Architecture,29学問,True,architecture-field-08,施工,Construction,80,True,arch-099,設備工事,Building services installation,高校 工業,2,80,check,,True
architecture,建築学,Architecture,29学問,True,architecture-field-08,施工,Construction,80,True,arch-100,工程管理,Schedule management,高校 工業,2,90,check,,True
architecture,建築学,Architecture,29学問,True,architecture-field-08,施工,Construction,80,True,arch-101,品質管理,Quality control,高校 工業,2,100,check,,True
architecture,建築学,Architecture,29学問,True,architecture-field-08,施工,Construction,80,True,arch-102,安全管理,Safety management,高校 工業,2,110,check,,True
architecture,建築学,Architecture,29学問,True,architecture-field-08,施工,Construction,80,True,arch-103,建設機械,Construction machinery,高校 工業,2,120,check,,True
architecture,建築学,Architecture,29学問,True,architecture-field-09,法規,Building Codes,90,True,arch-104,建築基準法の目的,Purpose of the Building Standards Act,高校 工業,2,10,check,,True
architecture,建築学,Architecture,29学問,True,architecture-field-09,法規,Building Codes,90,True,arch-105,用途地域と建築,Zoning districts and buildings,高校 工業,2,20,check,,True
architecture,建築学,Architecture,29学問,True,architecture-field-09,法規,Building Codes,90,True,arch-106,建ぺい率,Building coverage ratio,高校 工業,2,30,check,,True
architecture,建築学,Architecture,29学問,True,architecture-field-09,法規,Building Codes,90,True,arch-107,容積率,Floor area ratio,高校 工業,2,40,check,,True
architecture,建築学,Architecture,29学問,True,architecture-field-09,法規,Building Codes,90,True,arch-108,高さ制限,Height restrictions,高校 工業,2,50,check,,True
architecture,建築学,Architecture,29学問,True,architecture-field-09,法規,Building Codes,90,True,arch-109-s1,採光・換気規定：採光規定,Daylighting and ventilation rules: daylighting,高校 工業,2,61,check,,True
architecture,建築学,Architecture,29学問,True,architecture-field-09,法規,Building Codes,90,True,arch-109-s2,採光・換気規定：換気規定,Daylighting and ventilation rules: ventilation,高校 工業,2,62,check,,True
architecture,建築学,Architecture,29学問,True,architecture-field-09,法規,Building Codes,90,True,arch-110,構造安全,Structural safety,高校 工業,2,70,check,,True
architecture,建築学,Architecture,29学問,True,architecture-field-09,法規,Building Codes,90,True,arch-111-s1,防火・避難：防火規定（耐火・準耐火建築物、防火地域）,"Fire safety and evacuation: fire-protection rules (fireproof buildings, fire districts)",高校 工業,2,81,check,,True
architecture,建築学,Architecture,29学問,True,architecture-field-09,法規,Building Codes,90,True,arch-111-s2,防火・避難：避難規定（避難経路・排煙・非常用照明）,"Fire safety and evacuation: evacuation rules (escape routes, smoke control, emergency lighting)",高校 工業,2,82,check,,True
architecture,建築学,Architecture,29学問,True,architecture-field-09,法規,Building Codes,90,True,arch-112,建築確認,Building confirmation (permit),高校 工業,2,90,check,,True
architecture,建築学,Architecture,29学問,True,architecture-field-09,法規,Building Codes,90,True,arch-113,都市計画法との関係,Relation to the City Planning Act,高校 工業,2,100,check,,True
architecture,建築学,Architecture,29学問,True,architecture-field-10,都市と建築,Cities and Architecture,100,True,arch-114,都市計画,Urban planning,高校 工業・大学教養,2,10,check,,True
architecture,建築学,Architecture,29学問,True,architecture-field-10,都市と建築,Cities and Architecture,100,True,arch-115,街路と街区,Streets and blocks,高校 工業・大学教養,2,20,check,,True
architecture,建築学,Architecture,29学問,True,architecture-field-10,都市と建築,Cities and Architecture,100,True,arch-116,土地利用,Land use,高校 工業・大学教養,2,30,check,,True
architecture,建築学,Architecture,29学問,True,architecture-field-10,都市と建築,Cities and Architecture,100,True,arch-117,公共空間,Public space,高校 工業・大学教養,2,40,check,,True
architecture,建築学,Architecture,29学問,True,architecture-field-10,都市と建築,Cities and Architecture,100,True,arch-118,都市景観,Urban landscape,高校 工業・大学教養,2,50,check,,True
architecture,建築学,Architecture,29学問,True,architecture-field-10,都市と建築,Cities and Architecture,100,True,arch-119,再開発,Redevelopment,高校 工業・大学教養,2,60,check,,True
architecture,建築学,Architecture,29学問,True,architecture-field-10,都市と建築,Cities and Architecture,100,True,arch-120,コンパクトシティ,Compact cities,高校 工業・大学教養,2,70,check,,True
architecture,建築学,Architecture,29学問,True,architecture-field-10,都市と建築,Cities and Architecture,100,True,arch-121,郊外化,Suburbanization,高校 工業・大学教養,2,80,check,,True
architecture,建築学,Architecture,29学問,True,architecture-field-10,都市と建築,Cities and Architecture,100,True,arch-122,都市の防災,Urban disaster prevention,高校 工業・大学教養,2,90,check,,True
architecture,建築学,Architecture,29学問,True,architecture-field-10,都市と建築,Cities and Architecture,100,True,arch-123,スマートシティ,Smart cities,高校 工業・大学教養,2,100,check,,True
architecture,建築学,Architecture,29学問,True,architecture-field-11,建築思想,Architectural Thought,110,True,arch-124,形態と機能,Form and function,大学教養,2,10,check,,True
architecture,建築学,Architecture,29学問,True,architecture-field-11,建築思想,Architectural Thought,110,True,arch-125,空間の経験,Experience of space,大学教養,2,20,check,,True
architecture,建築学,Architecture,29学問,True,architecture-field-11,建築思想,Architectural Thought,110,True,arch-126,場所性,Sense of place,大学教養,2,30,check,,True
architecture,建築学,Architecture,29学問,True,architecture-field-11,建築思想,Architectural Thought,110,True,arch-127,建築と権力,Architecture and power,大学教養,2,40,check,,True
architecture,建築学,Architecture,29学問,True,architecture-field-11,建築思想,Architectural Thought,110,True,arch-128,建築と社会,Architecture and society,大学教養,2,50,check,,True
architecture,建築学,Architecture,29学問,True,architecture-field-11,建築思想,Architectural Thought,110,True,arch-129,保存と再生,Preservation and regeneration,大学教養,2,60,check,,True
architecture,建築学,Architecture,29学問,True,architecture-field-11,建築思想,Architectural Thought,110,True,arch-130,リノベーション,Renovation,大学教養,2,70,check,,True
architecture,建築学,Architecture,29学問,True,architecture-field-11,建築思想,Architectural Thought,110,True,arch-131,サステナブル建築,Sustainable architecture,大学教養,2,80,check,,True
architecture,建築学,Architecture,29学問,True,architecture-field-11,建築思想,Architectural Thought,110,True,arch-132,建築批評,Architectural criticism,大学教養,2,90,check,,True
design,デザイン学,Design,29学問,True,design-field-01,デザイン基礎,Design Fundamentals,10,True,design-002,目的と制約,Goals and constraints,小学 図画工作・中学 美術・高校 美術,2,20,check,,True
design,デザイン学,Design,29学問,True,design-field-01,デザイン基礎,Design Fundamentals,10,True,design-003,観察,Observation,小学 図画工作・中学 美術・高校 美術,2,30,check,,True
design,デザイン学,Design,29学問,True,design-field-01,デザイン基礎,Design Fundamentals,10,True,design-004,発想,Ideation,小学 図画工作・中学 美術・高校 美術,2,40,check,,True
design,デザイン学,Design,29学問,True,design-field-01,デザイン基礎,Design Fundamentals,10,True,design-005,スケッチ,Sketching,小学 図画工作・中学 美術・高校 美術,2,50,check,,True
design,デザイン学,Design,29学問,True,design-field-01,デザイン基礎,Design Fundamentals,10,True,design-006,試作,Prototyping,小学 図画工作・中学 美術・高校 美術,2,60,check,,True
design,デザイン学,Design,29学問,True,design-field-01,デザイン基礎,Design Fundamentals,10,True,design-007,評価と改善,Evaluation and improvement,小学 図画工作・中学 美術・高校 美術,2,70,check,,True
design,デザイン学,Design,29学問,True,design-field-01,デザイン基礎,Design Fundamentals,10,True,design-008,デザインプロセス,The design process,小学 図画工作・中学 美術・高校 美術,2,80,check,,True
design,デザイン学,Design,29学問,True,design-field-01,デザイン基礎,Design Fundamentals,10,True,design-009,造形要素,Elements of form,小学 図画工作・中学 美術・高校 美術,2,90,check,,True
design,デザイン学,Design,29学問,True,design-field-02,形と構成,Form and Composition,20,True,design-010,点・線・面,"Point, line and plane",小学 図画工作・中学 美術,2,10,check,,True
design,デザイン学,Design,29学問,True,design-field-02,形と構成,Form and Composition,20,True,design-011,形態,Form,小学 図画工作・中学 美術,2,20,check,,True
design,デザイン学,Design,29学問,True,design-field-02,形と構成,Form and Composition,20,True,design-012,比率,Proportion,小学 図画工作・中学 美術,2,30,check,,True
design,デザイン学,Design,29学問,True,design-field-02,形と構成,Form and Composition,20,True,design-013,バランス,Balance,小学 図画工作・中学 美術,2,40,check,,True
design,デザイン学,Design,29学問,True,design-field-02,形と構成,Form and Composition,20,True,design-014,対称と非対称,Symmetry and asymmetry,小学 図画工作・中学 美術,2,50,check,,True
design,デザイン学,Design,29学問,True,design-field-02,形と構成,Form and Composition,20,True,design-015,リズム,Rhythm,小学 図画工作・中学 美術,2,60,check,,True
design,デザイン学,Design,29学問,True,design-field-02,形と構成,Form and Composition,20,True,design-016,反復,Repetition,小学 図画工作・中学 美術,2,70,check,,True
design,デザイン学,Design,29学問,True,design-field-02,形と構成,Form and Composition,20,True,design-017,階層,Hierarchy,小学 図画工作・中学 美術,2,80,check,,True
design,デザイン学,Design,29学問,True,design-field-02,形と構成,Form and Composition,20,True,design-018,余白,White space,小学 図画工作・中学 美術,2,90,check,,True
design,デザイン学,Design,29学問,True,design-field-02,形と構成,Form and Composition,20,True,design-019,ゲシュタルト原理,Gestalt principles,小学 図画工作・中学 美術,2,100,check,,True
design,デザイン学,Design,29学問,True,design-field-03,色彩,Color,30,True,design-020,色相,Hue,小学 図画工作・中学 美術・高校 美術,2,10,check,,True
design,デザイン学,Design,29学問,True,design-field-03,色彩,Color,30,True,design-021,明度,Value (lightness),小学 図画工作・中学 美術・高校 美術,2,20,check,,True
design,デザイン学,Design,29学問,True,design-field-03,色彩,Color,30,True,design-022,彩度,Saturation,小学 図画工作・中学 美術・高校 美術,2,30,check,,True
design,デザイン学,Design,29学問,True,design-field-03,色彩,Color,30,True,design-023,色相環,Color wheel,小学 図画工作・中学 美術・高校 美術,2,40,check,,True
design,デザイン学,Design,29学問,True,design-field-03,色彩,Color,30,True,design-024,補色,Complementary colors,小学 図画工作・中学 美術・高校 美術,2,50,check,,True
design,デザイン学,Design,29学問,True,design-field-03,色彩,Color,30,True,design-025,配色,Color schemes,小学 図画工作・中学 美術・高校 美術,2,60,check,,True
design,デザイン学,Design,29学問,True,design-field-03,色彩,Color,30,True,design-026,色の対比,Color contrast,小学 図画工作・中学 美術・高校 美術,2,70,check,,True
design,デザイン学,Design,29学問,True,design-field-03,色彩,Color,30,True,design-027,色彩心理,Color psychology,小学 図画工作・中学 美術・高校 美術,2,80,check,,True
design,デザイン学,Design,29学問,True,design-field-03,色彩,Color,30,True,design-028,色彩と文化,Color and culture,小学 図画工作・中学 美術・高校 美術,2,90,check,,True
design,デザイン学,Design,29学問,True,design-field-03,色彩,Color,30,True,design-029,カラーマネジメント,Color management,小学 図画工作・中学 美術・高校 美術,2,100,check,,True
design,デザイン学,Design,29学問,True,design-field-04,タイポグラフィ,Typography,40,True,design-030,文字の形,Letterforms,高校 美術・大学教養,2,10,check,,True
design,デザイン学,Design,29学問,True,design-field-04,タイポグラフィ,Typography,40,True,design-031,書体分類,Typeface classification,高校 美術・大学教養,2,20,check,,True
design,デザイン学,Design,29学問,True,design-field-04,タイポグラフィ,Typography,40,True,design-032,可読性,Readability,高校 美術・大学教養,2,30,check,,True
design,デザイン学,Design,29学問,True,design-field-04,タイポグラフィ,Typography,40,True,design-033,視認性,Legibility,高校 美術・大学教養,2,40,check,,True
design,デザイン学,Design,29学問,True,design-field-04,タイポグラフィ,Typography,40,True,design-034,字間,Letter spacing,高校 美術・大学教養,2,50,check,,True
design,デザイン学,Design,29学問,True,design-field-04,タイポグラフィ,Typography,40,True,design-035,行間,Line spacing,高校 美術・大学教養,2,60,check,,True
design,デザイン学,Design,29学問,True,design-field-04,タイポグラフィ,Typography,40,True,design-036,組版,Typesetting,高校 美術・大学教養,2,70,check,,True
design,デザイン学,Design,29学問,True,design-field-04,タイポグラフィ,Typography,40,True,design-037,文字による階層設計,Designing hierarchy with type,高校 美術・大学教養,2,80,check,,True
design,デザイン学,Design,29学問,True,design-field-04,タイポグラフィ,Typography,40,True,design-038,和文と欧文の組版,Japanese and Latin typesetting,高校 美術・大学教養,2,90,check,,True
design,デザイン学,Design,29学問,True,design-field-05,グラフィックデザイン,Graphic Design,50,True,design-039,ポスター,Posters,中学 美術・高校 美術・専門美術,2,10,check,,True
design,デザイン学,Design,29学問,True,design-field-05,グラフィックデザイン,Graphic Design,50,True,design-040,ロゴ,Logos,中学 美術・高校 美術・専門美術,2,20,check,,True
design,デザイン学,Design,29学問,True,design-field-05,グラフィックデザイン,Graphic Design,50,True,design-041,シンボル,Symbols,中学 美術・高校 美術・専門美術,2,30,check,,True
design,デザイン学,Design,29学問,True,design-field-05,グラフィックデザイン,Graphic Design,50,True,design-042,ピクトグラム,Pictograms,中学 美術・高校 美術・専門美術,2,40,check,,True
design,デザイン学,Design,29学問,True,design-field-05,グラフィックデザイン,Graphic Design,50,True,design-043,パッケージ,Packaging,中学 美術・高校 美術・専門美術,2,50,check,,True
design,デザイン学,Design,29学問,True,design-field-05,グラフィックデザイン,Graphic Design,50,True,design-044,エディトリアルデザイン,Editorial design,中学 美術・高校 美術・専門美術,2,60,check,,True
design,デザイン学,Design,29学問,True,design-field-05,グラフィックデザイン,Graphic Design,50,True,design-045,広告デザイン,Advertising design,中学 美術・高校 美術・専門美術,2,70,check,,True
design,デザイン学,Design,29学問,True,design-field-05,グラフィックデザイン,Graphic Design,50,True,design-046,インフォグラフィック,Infographics,中学 美術・高校 美術・専門美術,2,80,check,,True
design,デザイン学,Design,29学問,True,design-field-05,グラフィックデザイン,Graphic Design,50,True,design-047,写真とレイアウト,Photography and layout,中学 美術・高校 美術・専門美術,2,90,check,,True
design,デザイン学,Design,29学問,True,design-field-06,情報デザイン,Information Design,60,True,design-048,情報の構造化,Structuring information,高校 情報I,2,10,check,,True
design,デザイン学,Design,29学問,True,design-field-06,情報デザイン,Information Design,60,True,design-049,情報の可視化,Information visualization,高校 情報I,2,20,check,,True
design,デザイン学,Design,29学問,True,design-field-06,情報デザイン,Information Design,60,True,design-050,ユーザーに伝わる表現,Communicating clearly to users,高校 情報I,2,30,check,,True
design,デザイン学,Design,29学問,True,design-field-06,情報デザイン,Information Design,60,True,design-051,図解,Diagrams,高校 情報I,2,40,check,,True
design,デザイン学,Design,29学問,True,design-field-06,情報デザイン,Information Design,60,True,design-052,ナビゲーション,Navigation,高校 情報I,2,50,check,,True
design,デザイン学,Design,29学問,True,design-field-06,情報デザイン,Information Design,60,True,design-053,アクセシビリティ,Accessibility,高校 情報I,2,60,check,,True
design,デザイン学,Design,29学問,True,design-field-06,情報デザイン,Information Design,60,True,design-054,ユニバーサルデザイン,Universal design,高校 情報I,2,70,check,,True
design,デザイン学,Design,29学問,True,design-field-07,プロダクトデザイン,Product Design,70,True,design-055,機能と形,Function and form,高校 工芸・専門美術・工業,2,10,check,,True
design,デザイン学,Design,29学問,True,design-field-07,プロダクトデザイン,Product Design,70,True,design-056,人間工学,Ergonomics,高校 工芸・専門美術・工業,2,20,check,,True
design,デザイン学,Design,29学問,True,design-field-07,プロダクトデザイン,Product Design,70,True,design-057-s1,材料と加工：素材の種類と特性,Materials and processing: types and properties of materials,高校 工芸・専門美術・工業,2,31,check,,True
design,デザイン学,Design,29学問,True,design-field-07,プロダクトデザイン,Product Design,70,True,design-057-s2,材料と加工：加工法（成形・切削・接合）,"Materials and processing: processes (forming, cutting, joining)",高校 工芸・専門美術・工業,2,32,check,,True
design,デザイン学,Design,29学問,True,design-field-07,プロダクトデザイン,Product Design,70,True,design-058,量産と製造,Mass production and manufacturing,高校 工芸・専門美術・工業,2,40,check,,True
design,デザイン学,Design,29学問,True,design-field-07,プロダクトデザイン,Product Design,70,True,design-059,家具,Furniture,高校 工芸・専門美術・工業,2,50,check,,True
design,デザイン学,Design,29学問,True,design-field-07,プロダクトデザイン,Product Design,70,True,design-060,生活用品,Household goods,高校 工芸・専門美術・工業,2,60,check,,True
design,デザイン学,Design,29学問,True,design-field-07,プロダクトデザイン,Product Design,70,True,design-061,家電,Home appliances,高校 工芸・専門美術・工業,2,70,check,,True
design,デザイン学,Design,29学問,True,design-field-07,プロダクトデザイン,Product Design,70,True,design-062,モビリティ,Mobility,高校 工芸・専門美術・工業,2,80,check,,True
design,デザイン学,Design,29学問,True,design-field-07,プロダクトデザイン,Product Design,70,True,design-063,プロトタイピング,Prototyping,高校 工芸・専門美術・工業,2,90,check,,True
design,デザイン学,Design,29学問,True,design-field-07,プロダクトデザイン,Product Design,70,True,design-064,サステナブルプロダクト,Sustainable products,高校 工芸・専門美術・工業,2,100,check,,True
design,デザイン学,Design,29学問,True,design-field-08,空間デザイン,Spatial Design,80,True,design-065,空間構成,Spatial composition,高校 美術・工芸・工業,2,10,check,,True
design,デザイン学,Design,29学問,True,design-field-08,空間デザイン,Spatial Design,80,True,design-066,インテリア,Interiors,高校 美術・工芸・工業,2,20,check,,True
design,デザイン学,Design,29学問,True,design-field-08,空間デザイン,Spatial Design,80,True,design-067,家具配置,Furniture arrangement,高校 美術・工芸・工業,2,30,check,,True
design,デザイン学,Design,29学問,True,design-field-08,空間デザイン,Spatial Design,80,True,design-068,照明,Lighting,高校 美術・工芸・工業,2,40,check,,True
design,デザイン学,Design,29学問,True,design-field-08,空間デザイン,Spatial Design,80,True,design-069,展示デザイン,Exhibition design,高校 美術・工芸・工業,2,50,check,,True
design,デザイン学,Design,29学問,True,design-field-08,空間デザイン,Spatial Design,80,True,design-070,店舗デザイン,Retail design,高校 美術・工芸・工業,2,60,check,,True
design,デザイン学,Design,29学問,True,design-field-08,空間デザイン,Spatial Design,80,True,design-071,サイン計画,Signage planning,高校 美術・工芸・工業,2,70,check,,True
design,デザイン学,Design,29学問,True,design-field-08,空間デザイン,Spatial Design,80,True,design-072,ランドスケープ,Landscape,高校 美術・工芸・工業,2,80,check,,True
design,デザイン学,Design,29学問,True,design-field-08,空間デザイン,Spatial Design,80,True,design-073,空間と身体,Space and the body,高校 美術・工芸・工業,2,90,check,,True
design,デザイン学,Design,29学問,True,design-field-09,UI・UX,UI/UX,90,True,design-074,ユーザーインターフェース,User interfaces,高校 情報I・大学教養,2,10,check,,True
design,デザイン学,Design,29学問,True,design-field-09,UI・UX,UI/UX,90,True,design-075,ユーザー体験,User experience,高校 情報I・大学教養,2,20,check,,True
design,デザイン学,Design,29学問,True,design-field-09,UI・UX,UI/UX,90,True,design-076,ユーザー調査,User research,高校 情報I・大学教養,2,30,check,,True
design,デザイン学,Design,29学問,True,design-field-09,UI・UX,UI/UX,90,True,design-077,ペルソナ,Personas,高校 情報I・大学教養,2,40,check,,True
design,デザイン学,Design,29学問,True,design-field-09,UI・UX,UI/UX,90,True,design-078,カスタマージャーニー,Customer journeys,高校 情報I・大学教養,2,50,check,,True
design,デザイン学,Design,29学問,True,design-field-09,UI・UX,UI/UX,90,True,design-079,情報アーキテクチャ,Information architecture,高校 情報I・大学教養,2,60,check,,True
design,デザイン学,Design,29学問,True,design-field-09,UI・UX,UI/UX,90,True,design-080,ワイヤーフレーム,Wireframes,高校 情報I・大学教養,2,70,check,,True
design,デザイン学,Design,29学問,True,design-field-09,UI・UX,UI/UX,90,True,design-081,プロトタイプ,Prototypes,高校 情報I・大学教養,2,80,check,,True
design,デザイン学,Design,29学問,True,design-field-09,UI・UX,UI/UX,90,True,design-082,ユーザビリティテスト,Usability testing,高校 情報I・大学教養,2,90,check,,True
design,デザイン学,Design,29学問,True,design-field-09,UI・UX,UI/UX,90,True,design-083,アクセシブルUI,Accessible UI,高校 情報I・大学教養,2,100,check,,True
design,デザイン学,Design,29学問,True,design-field-10,サービスデザイン,Service Design,100,True,design-084,サービスとは何か,What is a service?,大学教養,2,10,check,,True
design,デザイン学,Design,29学問,True,design-field-10,サービスデザイン,Service Design,100,True,design-085,顧客体験,Customer experience,大学教養,2,20,check,,True
design,デザイン学,Design,29学問,True,design-field-10,サービスデザイン,Service Design,100,True,design-086,ステークホルダーマップ,Stakeholder maps,大学教養,2,30,check,,True
design,デザイン学,Design,29学問,True,design-field-10,サービスデザイン,Service Design,100,True,design-087,サービスブループリント,Service blueprints,大学教養,2,40,check,,True
design,デザイン学,Design,29学問,True,design-field-10,サービスデザイン,Service Design,100,True,design-088,タッチポイント,Touchpoints,大学教養,2,50,check,,True
design,デザイン学,Design,29学問,True,design-field-10,サービスデザイン,Service Design,100,True,design-089,共創,Co-creation,大学教養,2,60,check,,True
design,デザイン学,Design,29学問,True,design-field-10,サービスデザイン,Service Design,100,True,design-090,デザインリサーチ,Design research,大学教養,2,70,check,,True
design,デザイン学,Design,29学問,True,design-field-11,デザイン史,Design History,110,True,design-091,日本の伝統造形,Traditional Japanese craftsmanship,高校 工業・専門美術・大学教養,2,10,check,,True
design,デザイン学,Design,29学問,True,design-field-11,デザイン史,Design History,110,True,design-092,産業革命とデザイン,The Industrial Revolution and design,高校 工業・専門美術・大学教養,2,20,check,,True
design,デザイン学,Design,29学問,True,design-field-11,デザイン史,Design History,110,True,design-093,アーツ・アンド・クラフツ,Arts and Crafts,高校 工業・専門美術・大学教養,2,30,check,,True
design,デザイン学,Design,29学問,True,design-field-11,デザイン史,Design History,110,True,design-094,アール・ヌーヴォー,Art Nouveau,高校 工業・専門美術・大学教養,2,40,check,,True
design,デザイン学,Design,29学問,True,design-field-11,デザイン史,Design History,110,True,design-095,バウハウス,Bauhaus,高校 工業・専門美術・大学教養,2,50,check,,True
design,デザイン学,Design,29学問,True,design-field-11,デザイン史,Design History,110,True,design-096,モダニズム,Modernism,高校 工業・専門美術・大学教養,2,60,check,,True
design,デザイン学,Design,29学問,True,design-field-11,デザイン史,Design History,110,True,design-097,スイス・スタイル,Swiss Style,高校 工業・専門美術・大学教養,2,70,check,,True
design,デザイン学,Design,29学問,True,design-field-11,デザイン史,Design History,110,True,design-098,戦後日本デザイン,Postwar Japanese design,高校 工業・専門美術・大学教養,2,80,check,,True
design,デザイン学,Design,29学問,True,design-field-11,デザイン史,Design History,110,True,design-099,ポストモダン,Postmodernism,高校 工業・専門美術・大学教養,2,90,check,,True
design,デザイン学,Design,29学問,True,design-field-11,デザイン史,Design History,110,True,design-100,デジタル時代のデザイン,Design in the digital age,高校 工業・専門美術・大学教養,2,100,check,,True
design,デザイン学,Design,29学問,True,design-field-12,デザインと社会,Design and Society,120,True,design-101,デザイン倫理,Design ethics,中学 美術・高校 美術・大学教養,2,10,check,,True
design,デザイン学,Design,29学問,True,design-field-12,デザインと社会,Design and Society,120,True,design-102,ダークパターン,Dark patterns,中学 美術・高校 美術・大学教養,2,20,check,,True
design,デザイン学,Design,29学問,True,design-field-12,デザインと社会,Design and Society,120,True,design-103,インクルーシブデザイン,Inclusive design,中学 美術・高校 美術・大学教養,2,30,check,,True
design,デザイン学,Design,29学問,True,design-field-12,デザインと社会,Design and Society,120,True,design-104,環境とデザイン,Environment and design,中学 美術・高校 美術・大学教養,2,40,check,,True
design,デザイン学,Design,29学問,True,design-field-12,デザインと社会,Design and Society,120,True,design-105,社会課題とデザイン,Social issues and design,中学 美術・高校 美術・大学教養,2,50,check,,True
design,デザイン学,Design,29学問,True,design-field-12,デザインと社会,Design and Society,120,True,design-106,文化と記号,Culture and signs,中学 美術・高校 美術・大学教養,2,60,check,,True
design,デザイン学,Design,29学問,True,design-field-12,デザインと社会,Design and Society,120,True,design-107,デザインとブランド,Design and branding,中学 美術・高校 美術・大学教養,2,70,check,,True
design,デザイン学,Design,29学問,True,design-field-12,デザインと社会,Design and Society,120,True,design-108,知的財産,Intellectual property,中学 美術・高校 美術・大学教養,2,80,check,,True
agriculture,農学,Agricultural Science,29学問,True,agriculture-field-01,農学基礎,Agricultural Basics,10,True,agri-001,農業と人間生活,Agriculture and human life,高校 農業,2,10,check,,True
agriculture,農学,Agricultural Science,29学問,True,agriculture-field-01,農学基礎,Agricultural Basics,10,True,agri-002,農業の多面的機能,Multifunctionality of agriculture,高校 農業,2,20,check,,True
agriculture,農学,Agricultural Science,29学問,True,agriculture-field-01,農学基礎,Agricultural Basics,10,True,agri-003,食料生産,Food production,高校 農業,2,30,check,,True
agriculture,農学,Agricultural Science,29学問,True,agriculture-field-01,農学基礎,Agricultural Basics,10,True,agri-004,農業生態系,Agroecosystems,高校 農業,2,40,check,,True
agriculture,農学,Agricultural Science,29学問,True,agriculture-field-01,農学基礎,Agricultural Basics,10,True,agri-005,農業技術の発達,Development of agricultural technology,高校 農業,2,50,check,,True
agriculture,農学,Agricultural Science,29学問,True,agriculture-field-01,農学基礎,Agricultural Basics,10,True,agri-006,農業と地域社会,Agriculture and local communities,高校 農業,2,60,check,,True
agriculture,農学,Agricultural Science,29学問,True,agriculture-field-02,植物生産,Crop Production,20,True,agri-008,作物の生育,Crop growth,高校 農業,2,10,check,,True
agriculture,農学,Agricultural Science,29学問,True,agriculture-field-02,植物生産,Crop Production,20,True,agri-009,種子と発芽,Seeds and germination,高校 農業,2,20,check,,True
agriculture,農学,Agricultural Science,29学問,True,agriculture-field-02,植物生産,Crop Production,20,True,agri-010,栄養成長と生殖成長,Vegetative and reproductive growth,高校 農業,2,30,check,,True
agriculture,農学,Agricultural Science,29学問,True,agriculture-field-02,植物生産,Crop Production,20,True,agri-011,作付体系,Cropping systems,高校 農業,2,40,check,,True
agriculture,農学,Agricultural Science,29学問,True,agriculture-field-02,植物生産,Crop Production,20,True,agri-012,輪作,Crop rotation,高校 農業,2,50,check,,True
agriculture,農学,Agricultural Science,29学問,True,agriculture-field-02,植物生産,Crop Production,20,True,agri-013,水稲,Paddy rice,高校 農業,2,60,check,,True
agriculture,農学,Agricultural Science,29学問,True,agriculture-field-02,植物生産,Crop Production,20,True,agri-014,麦類,Wheat and barley,高校 農業,2,70,check,,True
agriculture,農学,Agricultural Science,29学問,True,agriculture-field-02,植物生産,Crop Production,20,True,agri-015,豆類,Legumes,高校 農業,2,80,check,,True
agriculture,農学,Agricultural Science,29学問,True,agriculture-field-02,植物生産,Crop Production,20,True,agri-016,いも類,Root and tuber crops,高校 農業,2,90,check,,True
agriculture,農学,Agricultural Science,29学問,True,agriculture-field-02,植物生産,Crop Production,20,True,agri-017,工芸作物,Industrial crops,高校 農業,2,100,check,,True
agriculture,農学,Agricultural Science,29学問,True,agriculture-field-02,植物生産,Crop Production,20,True,agri-018,飼料作物,Forage crops,高校 農業,2,110,check,,True
agriculture,農学,Agricultural Science,29学問,True,agriculture-field-03,園芸,Horticulture,30,True,agri-019,野菜生産,Vegetable production,高校 農業,2,10,check,,True
agriculture,農学,Agricultural Science,29学問,True,agriculture-field-03,園芸,Horticulture,30,True,agri-020,果樹生産,Fruit tree production,高校 農業,2,20,check,,True
agriculture,農学,Agricultural Science,29学問,True,agriculture-field-03,園芸,Horticulture,30,True,agri-021,草花生産,Flower production,高校 農業,2,30,check,,True
agriculture,農学,Agricultural Science,29学問,True,agriculture-field-03,園芸,Horticulture,30,True,agri-022,施設園芸,Protected (greenhouse) horticulture,高校 農業,2,40,check,,True
agriculture,農学,Agricultural Science,29学問,True,agriculture-field-03,園芸,Horticulture,30,True,agri-023,露地栽培,Open-field cultivation,高校 農業,2,50,check,,True
agriculture,農学,Agricultural Science,29学問,True,agriculture-field-03,園芸,Horticulture,30,True,agri-024,育苗,Raising seedlings,高校 農業,2,60,check,,True
agriculture,農学,Agricultural Science,29学問,True,agriculture-field-03,園芸,Horticulture,30,True,agri-025,整枝・剪定,Training and pruning,高校 農業,2,70,check,,True
agriculture,農学,Agricultural Science,29学問,True,agriculture-field-03,園芸,Horticulture,30,True,agri-026,受粉管理,Pollination management,高校 農業,2,80,check,,True
agriculture,農学,Agricultural Science,29学問,True,agriculture-field-03,園芸,Horticulture,30,True,agri-027,収穫と品質管理,Harvest and quality control,高校 農業,2,90,check,,True
agriculture,農学,Agricultural Science,29学問,True,agriculture-field-04,植物栄養・土壌,Plant Nutrition and Soil,40,True,agri-028,土壌の生成,Soil formation,高校 農業・大学教養,2,10,check,,True
agriculture,農学,Agricultural Science,29学問,True,agriculture-field-04,植物栄養・土壌,Plant Nutrition and Soil,40,True,agri-029,土壌の物理性,Physical properties of soil,高校 農業・大学教養,2,20,check,,True
agriculture,農学,Agricultural Science,29学問,True,agriculture-field-04,植物栄養・土壌,Plant Nutrition and Soil,40,True,agri-030,土壌の化学性,Chemical properties of soil,高校 農業・大学教養,2,30,check,,True
agriculture,農学,Agricultural Science,29学問,True,agriculture-field-04,植物栄養・土壌,Plant Nutrition and Soil,40,True,agri-031,土壌生物,Soil organisms,高校 農業・大学教養,2,40,check,,True
agriculture,農学,Agricultural Science,29学問,True,agriculture-field-04,植物栄養・土壌,Plant Nutrition and Soil,40,True,agri-032,肥料の三要素,Three major fertilizer nutrients,高校 農業・大学教養,2,50,check,,True
agriculture,農学,Agricultural Science,29学問,True,agriculture-field-04,植物栄養・土壌,Plant Nutrition and Soil,40,True,agri-033,施肥,Fertilizer application,高校 農業・大学教養,2,60,check,,True
agriculture,農学,Agricultural Science,29学問,True,agriculture-field-04,植物栄養・土壌,Plant Nutrition and Soil,40,True,agri-034,土壌pH,Soil pH,高校 農業・大学教養,2,70,check,,True
agriculture,農学,Agricultural Science,29学問,True,agriculture-field-04,植物栄養・土壌,Plant Nutrition and Soil,40,True,agri-035,土壌改良,Soil improvement,高校 農業・大学教養,2,80,check,,True
agriculture,農学,Agricultural Science,29学問,True,agriculture-field-04,植物栄養・土壌,Plant Nutrition and Soil,40,True,agri-036,養分循環,Nutrient cycling,高校 農業・大学教養,2,90,check,,True
agriculture,農学,Agricultural Science,29学問,True,agriculture-field-05,植物保護,Plant Protection,50,True,agri-037,病害,Plant diseases,高校 農業,2,10,check,,True
agriculture,農学,Agricultural Science,29学問,True,agriculture-field-05,植物保護,Plant Protection,50,True,agri-038,虫害,Insect pests,高校 農業,2,20,check,,True
agriculture,農学,Agricultural Science,29学問,True,agriculture-field-05,植物保護,Plant Protection,50,True,agri-039,雑草,Weeds,高校 農業,2,30,check,,True
agriculture,農学,Agricultural Science,29学問,True,agriculture-field-05,植物保護,Plant Protection,50,True,agri-040,農薬,Pesticides,高校 農業,2,40,check,,True
agriculture,農学,Agricultural Science,29学問,True,agriculture-field-05,植物保護,Plant Protection,50,True,agri-041,総合的病害虫管理,Integrated pest management,高校 農業,2,50,check,,True
agriculture,農学,Agricultural Science,29学問,True,agriculture-field-05,植物保護,Plant Protection,50,True,agri-042,防除と環境,Pest control and the environment,高校 農業,2,60,check,,True
agriculture,農学,Agricultural Science,29学問,True,agriculture-field-06,育種,Plant Breeding,60,True,agri-043,品種とは何か,What is a variety?,高校 農業・大学教養,2,10,check,,True
agriculture,農学,Agricultural Science,29学問,True,agriculture-field-06,育種,Plant Breeding,60,True,agri-044,選抜育種,Selection breeding,高校 農業・大学教養,2,20,check,,True
agriculture,農学,Agricultural Science,29学問,True,agriculture-field-06,育種,Plant Breeding,60,True,agri-045,交雑育種,Cross breeding,高校 農業・大学教養,2,30,check,,True
agriculture,農学,Agricultural Science,29学問,True,agriculture-field-06,育種,Plant Breeding,60,True,agri-046,雑種強勢,Hybrid vigor (heterosis),高校 農業・大学教養,2,40,check,,True
agriculture,農学,Agricultural Science,29学問,True,agriculture-field-06,育種,Plant Breeding,60,True,agri-047,遺伝資源,Genetic resources,高校 農業・大学教養,2,50,check,,True
agriculture,農学,Agricultural Science,29学問,True,agriculture-field-06,育種,Plant Breeding,60,True,agri-048,組織培養,Tissue culture,高校 農業・大学教養,2,60,check,,True
agriculture,農学,Agricultural Science,29学問,True,agriculture-field-06,育種,Plant Breeding,60,True,agri-049,遺伝子組換え作物,Genetically modified crops,高校 農業・大学教養,2,70,check,,True
agriculture,農学,Agricultural Science,29学問,True,agriculture-field-06,育種,Plant Breeding,60,True,agri-050,ゲノム編集育種,Genome-edited breeding,高校 農業・大学教養,2,80,check,,True
agriculture,農学,Agricultural Science,29学問,True,agriculture-field-07,畜産,Animal Husbandry,70,True,agri-051,家畜化,Domestication,高校 農業,2,10,check,,True
agriculture,農学,Agricultural Science,29学問,True,agriculture-field-07,畜産,Animal Husbandry,70,True,agri-052,牛,Cattle,高校 農業,2,20,check,,True
agriculture,農学,Agricultural Science,29学問,True,agriculture-field-07,畜産,Animal Husbandry,70,True,agri-053,豚,Pigs,高校 農業,2,30,check,,True
agriculture,農学,Agricultural Science,29学問,True,agriculture-field-07,畜産,Animal Husbandry,70,True,agri-054,鶏,Chickens,高校 農業,2,40,check,,True
agriculture,農学,Agricultural Science,29学問,True,agriculture-field-07,畜産,Animal Husbandry,70,True,agri-055,飼養管理,Livestock management,高校 農業,2,50,check,,True
agriculture,農学,Agricultural Science,29学問,True,agriculture-field-07,畜産,Animal Husbandry,70,True,agri-056,飼料,Feed,高校 農業,2,60,check,,True
agriculture,農学,Agricultural Science,29学問,True,agriculture-field-07,畜産,Animal Husbandry,70,True,agri-057,家畜栄養,Livestock nutrition,高校 農業,2,70,check,,True
agriculture,農学,Agricultural Science,29学問,True,agriculture-field-07,畜産,Animal Husbandry,70,True,agri-058,繁殖,Reproduction,高校 農業,2,80,check,,True
agriculture,農学,Agricultural Science,29学問,True,agriculture-field-07,畜産,Animal Husbandry,70,True,agri-059,育種,Animal breeding,高校 農業,2,90,check,,True
agriculture,農学,Agricultural Science,29学問,True,agriculture-field-07,畜産,Animal Husbandry,70,True,agri-060,畜産物,Livestock products,高校 農業,2,100,check,,True
agriculture,農学,Agricultural Science,29学問,True,agriculture-field-07,畜産,Animal Husbandry,70,True,agri-061,家畜衛生,Animal health,高校 農業,2,110,check,,True
agriculture,農学,Agricultural Science,29学問,True,agriculture-field-07,畜産,Animal Husbandry,70,True,agri-062,アニマルウェルフェア,Animal welfare,高校 農業,2,120,check,,True
agriculture,農学,Agricultural Science,29学問,True,agriculture-field-08,農業工学,Agricultural Engineering,80,True,agri-063,農業機械,Agricultural machinery,高校 農業,2,10,check,,True
agriculture,農学,Agricultural Science,29学問,True,agriculture-field-08,農業工学,Agricultural Engineering,80,True,agri-064,トラクタ,Tractors,高校 農業,2,20,check,,True
agriculture,農学,Agricultural Science,29学問,True,agriculture-field-08,農業工学,Agricultural Engineering,80,True,agri-065,作業機,Implements,高校 農業,2,30,check,,True
agriculture,農学,Agricultural Science,29学問,True,agriculture-field-08,農業工学,Agricultural Engineering,80,True,agri-066,農業施設,Agricultural facilities,高校 農業,2,40,check,,True
agriculture,農学,Agricultural Science,29学問,True,agriculture-field-08,農業工学,Agricultural Engineering,80,True,agri-067,灌漑,Irrigation,高校 農業,2,50,check,,True
agriculture,農学,Agricultural Science,29学問,True,agriculture-field-08,農業工学,Agricultural Engineering,80,True,agri-068,排水,Drainage,高校 農業,2,60,check,,True
agriculture,農学,Agricultural Science,29学問,True,agriculture-field-08,農業工学,Agricultural Engineering,80,True,agri-069,農地整備,Farmland consolidation,高校 農業,2,70,check,,True
agriculture,農学,Agricultural Science,29学問,True,agriculture-field-08,農業工学,Agricultural Engineering,80,True,agri-070,測量,Surveying,高校 農業,2,80,check,,True
agriculture,農学,Agricultural Science,29学問,True,agriculture-field-08,農業工学,Agricultural Engineering,80,True,agri-071,農業土木,Agricultural civil engineering,高校 農業,2,90,check,,True
agriculture,農学,Agricultural Science,29学問,True,agriculture-field-08,農業工学,Agricultural Engineering,80,True,agri-072,スマート農業,Smart agriculture,高校 農業,2,100,check,,True
agriculture,農学,Agricultural Science,29学問,True,agriculture-field-08,農業工学,Agricultural Engineering,80,True,agri-073,センサーと自動化,Sensors and automation,高校 農業,2,110,check,,True
agriculture,農学,Agricultural Science,29学問,True,agriculture-field-09,森林科学,Forest Science,90,True,agri-074,森林の機能,Functions of forests,高校 農業,2,10,check,,True
agriculture,農学,Agricultural Science,29学問,True,agriculture-field-09,森林科学,Forest Science,90,True,agri-075,森林生態,Forest ecology,高校 農業,2,20,check,,True
agriculture,農学,Agricultural Science,29学問,True,agriculture-field-09,森林科学,Forest Science,90,True,agri-076,造林,Reforestation,高校 農業,2,30,check,,True
agriculture,農学,Agricultural Science,29学問,True,agriculture-field-09,森林科学,Forest Science,90,True,agri-077,育林,Silviculture (stand tending),高校 農業,2,40,check,,True
agriculture,農学,Agricultural Science,29学問,True,agriculture-field-09,森林科学,Forest Science,90,True,agri-078,森林経営,Forest management,高校 農業,2,50,check,,True
agriculture,農学,Agricultural Science,29学問,True,agriculture-field-09,森林科学,Forest Science,90,True,agri-079,木材生産,Timber production,高校 農業,2,60,check,,True
agriculture,農学,Agricultural Science,29学問,True,agriculture-field-09,森林科学,Forest Science,90,True,agri-080,森林保全,Forest conservation,高校 農業,2,70,check,,True
agriculture,農学,Agricultural Science,29学問,True,agriculture-field-09,森林科学,Forest Science,90,True,agri-081,治山,Erosion control (chisan),高校 農業,2,80,check,,True
agriculture,農学,Agricultural Science,29学問,True,agriculture-field-09,森林科学,Forest Science,90,True,agri-082,林業と地域,Forestry and local communities,高校 農業,2,90,check,,True
agriculture,農学,Agricultural Science,29学問,True,agriculture-field-10,造園,Landscape Architecture,100,True,agri-083,造園計画,Landscape planning,高校 農業,2,10,check,,True
agriculture,農学,Agricultural Science,29学問,True,agriculture-field-10,造園,Landscape Architecture,100,True,agri-084-s1,庭園史：日本庭園史,Garden history: Japanese garden history,高校 農業,2,21,check,,True
agriculture,農学,Agricultural Science,29学問,True,agriculture-field-10,造園,Landscape Architecture,100,True,agri-084-s2,庭園史：西洋庭園史,Garden history: Western garden history,高校 農業,2,22,check,,True
agriculture,農学,Agricultural Science,29学問,True,agriculture-field-10,造園,Landscape Architecture,100,True,agri-085,植栽,Planting,高校 農業,2,30,check,,True
agriculture,農学,Agricultural Science,29学問,True,agriculture-field-10,造園,Landscape Architecture,100,True,agri-086,景観,Landscape,高校 農業,2,40,check,,True
agriculture,農学,Agricultural Science,29学問,True,agriculture-field-10,造園,Landscape Architecture,100,True,agri-087,公園,Parks,高校 農業,2,50,check,,True
agriculture,農学,Agricultural Science,29学問,True,agriculture-field-10,造園,Landscape Architecture,100,True,agri-088,緑地管理,Green space management,高校 農業,2,60,check,,True
agriculture,農学,Agricultural Science,29学問,True,agriculture-field-10,造園,Landscape Architecture,100,True,agri-089,造園施工,Landscape construction,高校 農業,2,70,check,,True
agriculture,農学,Agricultural Science,29学問,True,agriculture-field-11,食品科学,Food Science,110,True,agri-090,食品成分,Food components,高校 農業,2,10,check,,True
agriculture,農学,Agricultural Science,29学問,True,agriculture-field-11,食品科学,Food Science,110,True,agri-091-s1,食品化学：食品成分の化学変化（褐変・脂質酸化）,"Food chemistry: chemical changes in food (browning, lipid oxidation)",高校 農業,2,21,check,,True
agriculture,農学,Agricultural Science,29学問,True,agriculture-field-11,食品科学,Food Science,110,True,agri-091-s2,食品化学：色・香り・味の化学,"Food chemistry: chemistry of color, aroma and taste",高校 農業,2,22,check,,True
agriculture,農学,Agricultural Science,29学問,True,agriculture-field-11,食品科学,Food Science,110,True,agri-091-s3,食品化学：食品のテクスチャーと物性,Food chemistry: food texture and physical properties,高校 農業,2,23,check,,True
agriculture,農学,Agricultural Science,29学問,True,agriculture-field-11,食品科学,Food Science,110,True,agri-092,食品微生物,Food microbiology,高校 農業,2,30,check,,True
agriculture,農学,Agricultural Science,29学問,True,agriculture-field-11,食品科学,Food Science,110,True,agri-093,食品加工,Food processing,高校 農業,2,40,check,,True
agriculture,農学,Agricultural Science,29学問,True,agriculture-field-11,食品科学,Food Science,110,True,agri-094,発酵食品,Fermented foods,高校 農業,2,50,check,,True
agriculture,農学,Agricultural Science,29学問,True,agriculture-field-11,食品科学,Food Science,110,True,agri-095,保存,Food preservation,高校 農業,2,60,check,,True
agriculture,農学,Agricultural Science,29学問,True,agriculture-field-11,食品科学,Food Science,110,True,agri-096,品質管理,Quality control,高校 農業,2,70,check,,True
agriculture,農学,Agricultural Science,29学問,True,agriculture-field-11,食品科学,Food Science,110,True,agri-097,食品衛生,Food hygiene,高校 農業,2,80,check,,True
agriculture,農学,Agricultural Science,29学問,True,agriculture-field-11,食品科学,Food Science,110,True,agri-098,食品安全,Food safety,高校 農業,2,90,check,,True
agriculture,農学,Agricultural Science,29学問,True,agriculture-field-12,食品流通,Food Distribution,120,True,agri-099,農産物流通,Distribution of agricultural products,高校 農業,2,10,check,,True
agriculture,農学,Agricultural Science,29学問,True,agriculture-field-12,食品流通,Food Distribution,120,True,agri-100,卸売市場,Wholesale markets,高校 農業,2,20,check,,True
agriculture,農学,Agricultural Science,29学問,True,agriculture-field-12,食品流通,Food Distribution,120,True,agri-101,サプライチェーン,Supply chains,高校 農業,2,30,check,,True
agriculture,農学,Agricultural Science,29学問,True,agriculture-field-12,食品流通,Food Distribution,120,True,agri-102,食品表示,Food labeling,高校 農業,2,40,check,,True
agriculture,農学,Agricultural Science,29学問,True,agriculture-field-12,食品流通,Food Distribution,120,True,agri-103,コールドチェーン,Cold chain,高校 農業,2,50,check,,True
agriculture,農学,Agricultural Science,29学問,True,agriculture-field-12,食品流通,Food Distribution,120,True,agri-104,フードシステム,Food systems,高校 農業,2,60,check,,True
agriculture,農学,Agricultural Science,29学問,True,agriculture-field-13,農業経営,Farm Management,130,True,agri-105,農業経営とは何か,What is farm management?,高校 農業,2,10,check,,True
agriculture,農学,Agricultural Science,29学問,True,agriculture-field-13,農業経営,Farm Management,130,True,agri-106,生産費,Production costs,高校 農業,2,20,check,,True
agriculture,農学,Agricultural Science,29学問,True,agriculture-field-13,農業経営,Farm Management,130,True,agri-107,収益,Revenue,高校 農業,2,30,check,,True
agriculture,農学,Agricultural Science,29学問,True,agriculture-field-13,農業経営,Farm Management,130,True,agri-108,経営分析,Business analysis,高校 農業,2,40,check,,True
agriculture,農学,Agricultural Science,29学問,True,agriculture-field-13,農業経営,Farm Management,130,True,agri-109,農業簿記,Farm bookkeeping,高校 農業,2,50,check,,True
agriculture,農学,Agricultural Science,29学問,True,agriculture-field-13,農業経営,Farm Management,130,True,agri-110,家族経営,Family farming,高校 農業,2,60,check,,True
agriculture,農学,Agricultural Science,29学問,True,agriculture-field-13,農業経営,Farm Management,130,True,agri-111,法人経営,Corporate farming,高校 農業,2,70,check,,True
agriculture,農学,Agricultural Science,29学問,True,agriculture-field-13,農業経営,Farm Management,130,True,agri-112,農協,Agricultural cooperatives (JA),高校 農業,2,80,check,,True
agriculture,農学,Agricultural Science,29学問,True,agriculture-field-13,農業経営,Farm Management,130,True,agri-113,六次産業化,Sixth-sector industrialization,高校 農業,2,90,check,,True
agriculture,農学,Agricultural Science,29学問,True,agriculture-field-13,農業経営,Farm Management,130,True,agri-114,農業マーケティング,Agricultural marketing,高校 農業,2,100,check,,True
agriculture,農学,Agricultural Science,29学問,True,agriculture-field-14,農業政策,Agricultural Policy,140,True,agri-115,食料安全保障,Food security,高校 農業・大学教養,2,10,check,,True
agriculture,農学,Agricultural Science,29学問,True,agriculture-field-14,農業政策,Agricultural Policy,140,True,agri-116,農地制度,Farmland system,高校 農業・大学教養,2,20,check,,True
agriculture,農学,Agricultural Science,29学問,True,agriculture-field-14,農業政策,Agricultural Policy,140,True,agri-117-s1,農業政策：戦後農政の展開（農業基本法から食料・農業・農村基本法まで）,"Agricultural policy: postwar developments (from the Agricultural Basic Act to the Food, Agriculture and Rural Areas Basic Act)",高校 農業・大学教養,2,31,check,,True
agriculture,農学,Agricultural Science,29学問,True,agriculture-field-14,農業政策,Agricultural Policy,140,True,agri-117-s2,農業政策：生産調整（減反）政策,Agricultural policy: rice production adjustment (gentan),高校 農業・大学教養,2,32,check,,True
agriculture,農学,Agricultural Science,29学問,True,agriculture-field-14,農業政策,Agricultural Policy,140,True,agri-117-s3,農業政策：直接支払制度,Agricultural policy: direct payment systems,高校 農業・大学教養,2,33,check,,True
agriculture,農学,Agricultural Science,29学問,True,agriculture-field-14,農業政策,Agricultural Policy,140,True,agri-118,価格支持,Price supports,高校 農業・大学教養,2,40,check,,True
agriculture,農学,Agricultural Science,29学問,True,agriculture-field-14,農業政策,Agricultural Policy,140,True,agri-119,貿易と農業,Trade and agriculture,高校 農業・大学教養,2,50,check,,True
agriculture,農学,Agricultural Science,29学問,True,agriculture-field-14,農業政策,Agricultural Policy,140,True,agri-120,食料自給率,Food self-sufficiency ratio,高校 農業・大学教養,2,60,check,,True
agriculture,農学,Agricultural Science,29学問,True,agriculture-field-14,農業政策,Agricultural Policy,140,True,agri-121,農村振興,Rural revitalization,高校 農業・大学教養,2,70,check,,True
agriculture,農学,Agricultural Science,29学問,True,agriculture-field-15,持続可能な農業,Sustainable Agriculture,150,True,agri-122,有機農業,Organic farming,高校 農業・大学教養,2,10,check,,True
agriculture,農学,Agricultural Science,29学問,True,agriculture-field-15,持続可能な農業,Sustainable Agriculture,150,True,agri-123,環境保全型農業,Environmentally friendly farming,高校 農業・大学教養,2,20,check,,True
agriculture,農学,Agricultural Science,29学問,True,agriculture-field-15,持続可能な農業,Sustainable Agriculture,150,True,agri-124,土壌保全,Soil conservation,高校 農業・大学教養,2,30,check,,True
agriculture,農学,Agricultural Science,29学問,True,agriculture-field-15,持続可能な農業,Sustainable Agriculture,150,True,agri-125,水資源,Water resources,高校 農業・大学教養,2,40,check,,True
agriculture,農学,Agricultural Science,29学問,True,agriculture-field-15,持続可能な農業,Sustainable Agriculture,150,True,agri-126,生物多様性,Biodiversity,高校 農業・大学教養,2,50,check,,True
agriculture,農学,Agricultural Science,29学問,True,agriculture-field-15,持続可能な農業,Sustainable Agriculture,150,True,agri-127,温室効果ガスと農業,Greenhouse gases and agriculture,高校 農業・大学教養,2,60,check,,True
agriculture,農学,Agricultural Science,29学問,True,agriculture-field-15,持続可能な農業,Sustainable Agriculture,150,True,agri-128,気候変動適応,Climate change adaptation,高校 農業・大学教養,2,70,check,,True
agriculture,農学,Agricultural Science,29学問,True,agriculture-field-15,持続可能な農業,Sustainable Agriculture,150,True,agri-129,アグロエコロジー,Agroecology,高校 農業・大学教養,2,80,check,,True
medicine,医学,Medicine,29学問,True,medicine-field-01,医学の基礎,Foundations of Medicine,10,True,med-002,基礎医学と臨床医学,Basic and clinical medicine,高校 保健・大学教養,2,20,check,,True
medicine,医学,Medicine,29学問,True,medicine-field-01,医学の基礎,Foundations of Medicine,10,True,med-003,健康と病気,Health and disease,高校 保健・大学教養,2,30,check,,True
medicine,医学,Medicine,29学問,True,medicine-field-01,医学の基礎,Foundations of Medicine,10,True,med-004,恒常性,Homeostasis,高校 保健・大学教養,2,40,check,,True
medicine,医学,Medicine,29学問,True,medicine-field-01,医学の基礎,Foundations of Medicine,10,True,med-005,医学研究,Medical research,高校 保健・大学教養,2,50,check,,True
medicine,医学,Medicine,29学問,True,medicine-field-01,医学の基礎,Foundations of Medicine,10,True,med-006,エビデンスに基づく医療,Evidence-based medicine,高校 保健・大学教養,2,60,check,,True
medicine,医学,Medicine,29学問,True,medicine-field-01,医学の基礎,Foundations of Medicine,10,True,med-007,医療倫理,Medical ethics,高校 保健・大学教養,2,70,check,,True
medicine,医学,Medicine,29学問,True,medicine-field-01,医学の基礎,Foundations of Medicine,10,True,med-008,インフォームドコンセント,Informed consent,高校 保健・大学教養,2,80,check,,True
medicine,医学,Medicine,29学問,True,medicine-field-02,人体の構造,Structure of the Human Body,20,True,med-009,細胞と組織,Cells and tissues,中学理科・高校 生物,2,10,check,,True
medicine,医学,Medicine,29学問,True,medicine-field-02,人体の構造,Structure of the Human Body,20,True,med-010,上皮組織,Epithelial tissue,中学理科・高校 生物,2,20,check,,True
medicine,医学,Medicine,29学問,True,medicine-field-02,人体の構造,Structure of the Human Body,20,True,med-011,結合組織,Connective tissue,中学理科・高校 生物,2,30,check,,True
medicine,医学,Medicine,29学問,True,medicine-field-02,人体の構造,Structure of the Human Body,20,True,med-012,筋組織,Muscle tissue,中学理科・高校 生物,2,40,check,,True
medicine,医学,Medicine,29学問,True,medicine-field-02,人体の構造,Structure of the Human Body,20,True,med-013,神経組織,Nervous tissue,中学理科・高校 生物,2,50,check,,True
medicine,医学,Medicine,29学問,True,medicine-field-02,人体の構造,Structure of the Human Body,20,True,med-014,器官と器官系,Organs and organ systems,中学理科・高校 生物,2,60,check,,True
medicine,医学,Medicine,29学問,True,medicine-field-02,人体の構造,Structure of the Human Body,20,True,med-015,皮膚,Skin,中学理科・高校 生物,2,70,check,,True
medicine,医学,Medicine,29学問,True,medicine-field-02,人体の構造,Structure of the Human Body,20,True,med-016,骨格,Skeleton,中学理科・高校 生物,2,80,check,,True
medicine,医学,Medicine,29学問,True,medicine-field-02,人体の構造,Structure of the Human Body,20,True,med-017,骨格筋の配置,Arrangement of skeletal muscles,中学理科・高校 生物,2,90,check,,True
medicine,医学,Medicine,29学問,True,medicine-field-03,人体の機能,Functions of the Human Body,30,True,med-018,神経による調節,Neural regulation,高校 生物・保健,2,10,check,,True
medicine,医学,Medicine,29学問,True,medicine-field-03,人体の機能,Functions of the Human Body,30,True,med-019,内分泌による調節,Endocrine regulation,高校 生物・保健,2,20,check,,True
medicine,医学,Medicine,29学問,True,medicine-field-03,人体の機能,Functions of the Human Body,30,True,med-020,体温調節,Thermoregulation,高校 生物・保健,2,30,check,,True
medicine,医学,Medicine,29学問,True,medicine-field-03,人体の機能,Functions of the Human Body,30,True,med-021,体液,Body fluids,高校 生物・保健,2,40,check,,True
medicine,医学,Medicine,29学問,True,medicine-field-03,人体の機能,Functions of the Human Body,30,True,med-022,血液循環,Blood circulation,高校 生物・保健,2,50,check,,True
medicine,医学,Medicine,29学問,True,medicine-field-03,人体の機能,Functions of the Human Body,30,True,med-023,呼吸,Respiration,高校 生物・保健,2,60,check,,True
medicine,医学,Medicine,29学問,True,medicine-field-03,人体の機能,Functions of the Human Body,30,True,med-024,消化と吸収,Digestion and absorption,高校 生物・保健,2,70,check,,True
medicine,医学,Medicine,29学問,True,medicine-field-03,人体の機能,Functions of the Human Body,30,True,med-025,排泄,Excretion,高校 生物・保健,2,80,check,,True
medicine,医学,Medicine,29学問,True,medicine-field-03,人体の機能,Functions of the Human Body,30,True,med-026-s1,免疫：自然免疫,Immunity: innate immunity,高校 生物・保健,2,91,check,,True
medicine,医学,Medicine,29学問,True,medicine-field-03,人体の機能,Functions of the Human Body,30,True,med-026-s2,免疫：獲得免疫（液性免疫・細胞性免疫）,Immunity: adaptive immunity (humoral and cell-mediated),高校 生物・保健,2,92,check,,True
medicine,医学,Medicine,29学問,True,medicine-field-03,人体の機能,Functions of the Human Body,30,True,med-026-s3,免疫：抗体と免疫記憶,Immunity: antibodies and immune memory,高校 生物・保健,2,93,check,,True
medicine,医学,Medicine,29学問,True,medicine-field-04,病気の成り立ち,Pathogenesis,40,True,med-027,病因,Causes of disease,高校 保健・大学教養,2,10,check,,True
medicine,医学,Medicine,29学問,True,medicine-field-04,病気の成り立ち,Pathogenesis,40,True,med-028,炎症,Inflammation,高校 保健・大学教養,2,20,check,,True
medicine,医学,Medicine,29学問,True,medicine-field-04,病気の成り立ち,Pathogenesis,40,True,med-029,感染,Infection,高校 保健・大学教養,2,30,check,,True
medicine,医学,Medicine,29学問,True,medicine-field-04,病気の成り立ち,Pathogenesis,40,True,med-030-s1,腫瘍：良性腫瘍と悪性腫瘍,Tumors: benign and malignant tumors,高校 保健・大学教養,2,41,check,,True
medicine,医学,Medicine,29学問,True,medicine-field-04,病気の成り立ち,Pathogenesis,40,True,med-030-s2,腫瘍：発がんのしくみ,Tumors: mechanisms of carcinogenesis,高校 保健・大学教養,2,42,check,,True
medicine,医学,Medicine,29学問,True,medicine-field-04,病気の成り立ち,Pathogenesis,40,True,med-030-s3,腫瘍：浸潤と転移,Tumors: invasion and metastasis,高校 保健・大学教養,2,43,check,,True
medicine,医学,Medicine,29学問,True,medicine-field-04,病気の成り立ち,Pathogenesis,40,True,med-030-s4,腫瘍：がんの病期分類,Tumors: cancer staging,高校 保健・大学教養,2,44,check,,True
medicine,医学,Medicine,29学問,True,medicine-field-04,病気の成り立ち,Pathogenesis,40,True,med-031,遺伝性疾患,Hereditary diseases,高校 保健・大学教養,2,50,check,,True
medicine,医学,Medicine,29学問,True,medicine-field-04,病気の成り立ち,Pathogenesis,40,True,med-032,生活習慣病,Lifestyle diseases,高校 保健・大学教養,2,60,check,,True
medicine,医学,Medicine,29学問,True,medicine-field-04,病気の成り立ち,Pathogenesis,40,True,med-033,自己免疫,Autoimmunity,高校 保健・大学教養,2,70,check,,True
medicine,医学,Medicine,29学問,True,medicine-field-04,病気の成り立ち,Pathogenesis,40,True,med-034,アレルギー,Allergies,高校 保健・大学教養,2,80,check,,True
medicine,医学,Medicine,29学問,True,medicine-field-04,病気の成り立ち,Pathogenesis,40,True,med-035,老化と病気,Aging and disease,高校 保健・大学教養,2,90,check,,True
medicine,医学,Medicine,29学問,True,medicine-field-05,診断,Diagnosis,50,True,med-036,問診,Medical interview,高校 保健・大学教養,2,10,check,,True
medicine,医学,Medicine,29学問,True,medicine-field-05,診断,Diagnosis,50,True,med-037,身体診察,Physical examination,高校 保健・大学教養,2,20,check,,True
medicine,医学,Medicine,29学問,True,medicine-field-05,診断,Diagnosis,50,True,med-038,バイタルサイン,Vital signs,高校 保健・大学教養,2,30,check,,True
medicine,医学,Medicine,29学問,True,medicine-field-05,診断,Diagnosis,50,True,med-039,血液検査,Blood tests,高校 保健・大学教養,2,40,check,,True
medicine,医学,Medicine,29学問,True,medicine-field-05,診断,Diagnosis,50,True,med-040,尿検査,Urinalysis,高校 保健・大学教養,2,50,check,,True
medicine,医学,Medicine,29学問,True,medicine-field-05,診断,Diagnosis,50,True,med-041,画像診断,Diagnostic imaging,高校 保健・大学教養,2,60,check,,True
medicine,医学,Medicine,29学問,True,medicine-field-05,診断,Diagnosis,50,True,med-042,X線,X-ray,高校 保健・大学教養,2,70,check,,True
medicine,医学,Medicine,29学問,True,medicine-field-05,診断,Diagnosis,50,True,med-043,CT,CT,高校 保健・大学教養,2,80,check,,True
medicine,医学,Medicine,29学問,True,medicine-field-05,診断,Diagnosis,50,True,med-044,MRI,MRI,高校 保健・大学教養,2,90,check,,True
medicine,医学,Medicine,29学問,True,medicine-field-05,診断,Diagnosis,50,True,med-045,超音波検査,Ultrasound,高校 保健・大学教養,2,100,check,,True
medicine,医学,Medicine,29学問,True,medicine-field-06,治療,Treatment,60,True,med-046,薬物療法,Drug therapy,高校 保健・大学教養,2,10,check,,True
medicine,医学,Medicine,29学問,True,medicine-field-06,治療,Treatment,60,True,med-047,手術,Surgery,高校 保健・大学教養,2,20,check,,True
medicine,医学,Medicine,29学問,True,medicine-field-06,治療,Treatment,60,True,med-048,放射線治療,Radiation therapy,高校 保健・大学教養,2,30,check,,True
medicine,医学,Medicine,29学問,True,medicine-field-06,治療,Treatment,60,True,med-049,リハビリテーション,Rehabilitation,高校 保健・大学教養,2,40,check,,True
medicine,医学,Medicine,29学問,True,medicine-field-06,治療,Treatment,60,True,med-050,栄養療法,Nutritional therapy,高校 保健・大学教養,2,50,check,,True
medicine,医学,Medicine,29学問,True,medicine-field-06,治療,Treatment,60,True,med-051,輸血,Blood transfusion,高校 保健・大学教養,2,60,check,,True
medicine,医学,Medicine,29学問,True,medicine-field-06,治療,Treatment,60,True,med-052,移植医療,Transplant medicine,高校 保健・大学教養,2,70,check,,True
medicine,医学,Medicine,29学問,True,medicine-field-06,治療,Treatment,60,True,med-053,緩和ケア,Palliative care,高校 保健・大学教養,2,80,check,,True
medicine,医学,Medicine,29学問,True,medicine-field-07,感染症,Infectious Diseases,70,True,med-054,細菌感染症,Bacterial infections,高校 保健・大学教養,2,10,check,,True
medicine,医学,Medicine,29学問,True,medicine-field-07,感染症,Infectious Diseases,70,True,med-055,ウイルス感染症,Viral infections,高校 保健・大学教養,2,20,check,,True
medicine,医学,Medicine,29学問,True,medicine-field-07,感染症,Infectious Diseases,70,True,med-056,真菌感染症,Fungal infections,高校 保健・大学教養,2,30,check,,True
medicine,医学,Medicine,29学問,True,medicine-field-07,感染症,Infectious Diseases,70,True,med-057,寄生虫感染症,Parasitic infections,高校 保健・大学教養,2,40,check,,True
medicine,医学,Medicine,29学問,True,medicine-field-07,感染症,Infectious Diseases,70,True,med-058,感染経路,Routes of infection,高校 保健・大学教養,2,50,check,,True
medicine,医学,Medicine,29学問,True,medicine-field-07,感染症,Infectious Diseases,70,True,med-059,抗菌薬,Antibacterial drugs,高校 保健・大学教養,2,60,check,,True
medicine,医学,Medicine,29学問,True,medicine-field-07,感染症,Infectious Diseases,70,True,med-060,薬剤耐性,Drug resistance,高校 保健・大学教養,2,70,check,,True
medicine,医学,Medicine,29学問,True,medicine-field-07,感染症,Infectious Diseases,70,True,med-061,ワクチン,Vaccines,高校 保健・大学教養,2,80,check,,True
medicine,医学,Medicine,29学問,True,medicine-field-07,感染症,Infectious Diseases,70,True,med-062,院内感染,Hospital-acquired infections,高校 保健・大学教養,2,90,check,,True
medicine,医学,Medicine,29学問,True,medicine-field-07,感染症,Infectious Diseases,70,True,med-063,新興・再興感染症,Emerging and re-emerging infections,高校 保健・大学教養,2,100,check,,True
medicine,医学,Medicine,29学問,True,medicine-field-08,循環器,Cardiovascular System,80,True,med-064,心臓の構造,Structure of the heart,高校 生物・保健,2,10,check,,True
medicine,医学,Medicine,29学問,True,medicine-field-08,循環器,Cardiovascular System,80,True,med-065,心電図,Electrocardiogram,高校 生物・保健,2,20,check,,True
medicine,医学,Medicine,29学問,True,medicine-field-08,循環器,Cardiovascular System,80,True,med-066,高血圧,Hypertension,高校 生物・保健,2,30,check,,True
medicine,医学,Medicine,29学問,True,medicine-field-08,循環器,Cardiovascular System,80,True,med-067,動脈硬化,Arteriosclerosis,高校 生物・保健,2,40,check,,True
medicine,医学,Medicine,29学問,True,medicine-field-08,循環器,Cardiovascular System,80,True,med-068,虚血性心疾患,Ischemic heart disease,高校 生物・保健,2,50,check,,True
medicine,医学,Medicine,29学問,True,medicine-field-08,循環器,Cardiovascular System,80,True,med-069,心不全,Heart failure,高校 生物・保健,2,60,check,,True
medicine,医学,Medicine,29学問,True,medicine-field-08,循環器,Cardiovascular System,80,True,med-070,不整脈,Arrhythmias,高校 生物・保健,2,70,check,,True
medicine,医学,Medicine,29学問,True,medicine-field-08,循環器,Cardiovascular System,80,True,med-071,脳血管障害,Cerebrovascular disease,高校 生物・保健,2,80,check,,True
medicine,医学,Medicine,29学問,True,medicine-field-09,呼吸器,Respiratory System,90,True,med-072,気道と肺,Airways and lungs,高校 生物・保健,2,10,check,,True
medicine,医学,Medicine,29学問,True,medicine-field-09,呼吸器,Respiratory System,90,True,med-073,肺換気,Pulmonary ventilation,高校 生物・保健,2,20,check,,True
medicine,医学,Medicine,29学問,True,medicine-field-09,呼吸器,Respiratory System,90,True,med-074,喘息,Asthma,高校 生物・保健,2,30,check,,True
medicine,医学,Medicine,29学問,True,medicine-field-09,呼吸器,Respiratory System,90,True,med-075,COPD,COPD,高校 生物・保健,2,40,check,,True
medicine,医学,Medicine,29学問,True,medicine-field-09,呼吸器,Respiratory System,90,True,med-076,肺炎,Pneumonia,高校 生物・保健,2,50,check,,True
medicine,医学,Medicine,29学問,True,medicine-field-09,呼吸器,Respiratory System,90,True,med-077,肺がん,Lung cancer,高校 生物・保健,2,60,check,,True
medicine,医学,Medicine,29学問,True,medicine-field-09,呼吸器,Respiratory System,90,True,med-078,呼吸不全,Respiratory failure,高校 生物・保健,2,70,check,,True
medicine,医学,Medicine,29学問,True,medicine-field-10,消化器,Digestive System,100,True,med-079-s1,消化管：食道・胃,Gastrointestinal tract: esophagus and stomach,高校 生物・保健,2,11,check,,True
medicine,医学,Medicine,29学問,True,medicine-field-10,消化器,Digestive System,100,True,med-079-s2,消化管：小腸,Gastrointestinal tract: small intestine,高校 生物・保健,2,12,check,,True
medicine,医学,Medicine,29学問,True,medicine-field-10,消化器,Digestive System,100,True,med-079-s3,消化管：大腸,Gastrointestinal tract: large intestine,高校 生物・保健,2,13,check,,True
medicine,医学,Medicine,29学問,True,medicine-field-10,消化器,Digestive System,100,True,med-080,肝臓,Liver,高校 生物・保健,2,20,check,,True
medicine,医学,Medicine,29学問,True,medicine-field-10,消化器,Digestive System,100,True,med-081,胆道,Biliary tract,高校 生物・保健,2,30,check,,True
medicine,医学,Medicine,29学問,True,medicine-field-10,消化器,Digestive System,100,True,med-082,膵臓,Pancreas,高校 生物・保健,2,40,check,,True
medicine,医学,Medicine,29学問,True,medicine-field-10,消化器,Digestive System,100,True,med-083,胃潰瘍,Gastric ulcer,高校 生物・保健,2,50,check,,True
medicine,医学,Medicine,29学問,True,medicine-field-10,消化器,Digestive System,100,True,med-084,肝炎,Hepatitis,高校 生物・保健,2,60,check,,True
medicine,医学,Medicine,29学問,True,medicine-field-10,消化器,Digestive System,100,True,med-085,肝硬変,Liver cirrhosis,高校 生物・保健,2,70,check,,True
medicine,医学,Medicine,29学問,True,medicine-field-10,消化器,Digestive System,100,True,med-086-s1,消化器がん：胃がん,Digestive cancers: gastric cancer,高校 生物・保健,2,81,check,,True
medicine,医学,Medicine,29学問,True,medicine-field-10,消化器,Digestive System,100,True,med-086-s2,消化器がん：大腸がん,Digestive cancers: colorectal cancer,高校 生物・保健,2,82,check,,True
medicine,医学,Medicine,29学問,True,medicine-field-10,消化器,Digestive System,100,True,med-086-s3,消化器がん：肝がん・膵がん,Digestive cancers: liver and pancreatic cancer,高校 生物・保健,2,83,check,,True
medicine,医学,Medicine,29学問,True,medicine-field-11,腎・泌尿器,Kidney and Urology,110,True,med-087,腎臓の構造,Structure of the kidney,高校 生物・保健,2,10,check,,True
medicine,医学,Medicine,29学問,True,medicine-field-11,腎・泌尿器,Kidney and Urology,110,True,med-088,腎機能,Kidney function,高校 生物・保健,2,20,check,,True
medicine,医学,Medicine,29学問,True,medicine-field-11,腎・泌尿器,Kidney and Urology,110,True,med-089,腎不全,Kidney failure,高校 生物・保健,2,30,check,,True
medicine,医学,Medicine,29学問,True,medicine-field-11,腎・泌尿器,Kidney and Urology,110,True,med-090,透析,Dialysis,高校 生物・保健,2,40,check,,True
medicine,医学,Medicine,29学問,True,medicine-field-11,腎・泌尿器,Kidney and Urology,110,True,med-091,尿路感染症,Urinary tract infections,高校 生物・保健,2,50,check,,True
medicine,医学,Medicine,29学問,True,medicine-field-12,内分泌・代謝,Endocrinology and Metabolism,120,True,med-092,ホルモン,Hormones,高校 生物・保健,2,10,check,,True
medicine,医学,Medicine,29学問,True,medicine-field-12,内分泌・代謝,Endocrinology and Metabolism,120,True,med-093,糖尿病,Diabetes,高校 生物・保健,2,20,check,,True
medicine,医学,Medicine,29学問,True,medicine-field-12,内分泌・代謝,Endocrinology and Metabolism,120,True,med-094,甲状腺疾患,Thyroid diseases,高校 生物・保健,2,30,check,,True
medicine,医学,Medicine,29学問,True,medicine-field-12,内分泌・代謝,Endocrinology and Metabolism,120,True,med-095,副腎疾患,Adrenal diseases,高校 生物・保健,2,40,check,,True
medicine,医学,Medicine,29学問,True,medicine-field-12,内分泌・代謝,Endocrinology and Metabolism,120,True,med-096,肥満,Obesity,高校 生物・保健,2,50,check,,True
medicine,医学,Medicine,29学問,True,medicine-field-12,内分泌・代謝,Endocrinology and Metabolism,120,True,med-097,脂質異常症,Dyslipidemia,高校 生物・保健,2,60,check,,True
medicine,医学,Medicine,29学問,True,medicine-field-12,内分泌・代謝,Endocrinology and Metabolism,120,True,med-098,メタボリックシンドローム,Metabolic syndrome,高校 生物・保健,2,70,check,,True
medicine,医学,Medicine,29学問,True,medicine-field-13,神経,Neurology,130,True,med-099-s1,中枢神経系：大脳,Central nervous system: cerebrum,高校 生物・保健,2,11,check,,True
medicine,医学,Medicine,29学問,True,medicine-field-13,神経,Neurology,130,True,med-099-s2,中枢神経系：間脳・脳幹・小脳,"Central nervous system: diencephalon, brainstem and cerebellum",高校 生物・保健,2,12,check,,True
medicine,医学,Medicine,29学問,True,medicine-field-13,神経,Neurology,130,True,med-099-s3,中枢神経系：脊髄,Central nervous system: spinal cord,高校 生物・保健,2,13,check,,True
medicine,医学,Medicine,29学問,True,medicine-field-13,神経,Neurology,130,True,med-100-s1,末梢神経系：体性神経系,Peripheral nervous system: somatic nervous system,高校 生物・保健,2,21,check,,True
medicine,医学,Medicine,29学問,True,medicine-field-13,神経,Neurology,130,True,med-100-s2,末梢神経系：自律神経系（交感・副交感）,"Peripheral nervous system: autonomic nervous system (sympathetic, parasympathetic)",高校 生物・保健,2,22,check,,True
medicine,医学,Medicine,29学問,True,medicine-field-13,神経,Neurology,130,True,med-101,脳卒中,Stroke,高校 生物・保健,2,30,check,,True
medicine,医学,Medicine,29学問,True,medicine-field-13,神経,Neurology,130,True,med-102,てんかん,Epilepsy,高校 生物・保健,2,40,check,,True
medicine,医学,Medicine,29学問,True,medicine-field-13,神経,Neurology,130,True,med-103,認知症,Dementia,高校 生物・保健,2,50,check,,True
medicine,医学,Medicine,29学問,True,medicine-field-13,神経,Neurology,130,True,med-104,パーキンソン病,Parkinson's disease,高校 生物・保健,2,60,check,,True
medicine,医学,Medicine,29学問,True,medicine-field-13,神経,Neurology,130,True,med-105,頭痛,Headache,高校 生物・保健,2,70,check,,True
medicine,医学,Medicine,29学問,True,medicine-field-14,運動器,Musculoskeletal System,140,True,med-106,骨,Bones,高校 生物・保健,2,10,check,,True
medicine,医学,Medicine,29学問,True,medicine-field-14,運動器,Musculoskeletal System,140,True,med-107,関節,Joints,高校 生物・保健,2,20,check,,True
medicine,医学,Medicine,29学問,True,medicine-field-14,運動器,Musculoskeletal System,140,True,med-108,筋肉,Muscles,高校 生物・保健,2,30,check,,True
medicine,医学,Medicine,29学問,True,medicine-field-14,運動器,Musculoskeletal System,140,True,med-109,骨折,Fractures,高校 生物・保健,2,40,check,,True
medicine,医学,Medicine,29学問,True,medicine-field-14,運動器,Musculoskeletal System,140,True,med-110,変形性関節症,Osteoarthritis,高校 生物・保健,2,50,check,,True
medicine,医学,Medicine,29学問,True,medicine-field-14,運動器,Musculoskeletal System,140,True,med-111,骨粗鬆症,Osteoporosis,高校 生物・保健,2,60,check,,True
medicine,医学,Medicine,29学問,True,medicine-field-14,運動器,Musculoskeletal System,140,True,med-112,腰痛,Low back pain,高校 生物・保健,2,70,check,,True
medicine,医学,Medicine,29学問,True,medicine-field-15,血液・免疫,Hematology and Immunology,150,True,med-113,血球,Blood cells,高校 生物・保健,2,10,check,,True
medicine,医学,Medicine,29学問,True,medicine-field-15,血液・免疫,Hematology and Immunology,150,True,med-114,貧血,Anemia,高校 生物・保健,2,20,check,,True
medicine,医学,Medicine,29学問,True,medicine-field-15,血液・免疫,Hematology and Immunology,150,True,med-115,白血病,Leukemia,高校 生物・保健,2,30,check,,True
medicine,医学,Medicine,29学問,True,medicine-field-15,血液・免疫,Hematology and Immunology,150,True,med-116,リンパ腫,Lymphoma,高校 生物・保健,2,40,check,,True
medicine,医学,Medicine,29学問,True,medicine-field-15,血液・免疫,Hematology and Immunology,150,True,med-117,免疫不全,Immunodeficiency,高校 生物・保健,2,50,check,,True
medicine,医学,Medicine,29学問,True,medicine-field-15,血液・免疫,Hematology and Immunology,150,True,med-118,自己免疫疾患,Autoimmune diseases,高校 生物・保健,2,60,check,,True
medicine,医学,Medicine,29学問,True,medicine-field-15,血液・免疫,Hematology and Immunology,150,True,med-119,アレルギー疾患,Allergic diseases,高校 生物・保健,2,70,check,,True
medicine,医学,Medicine,29学問,True,medicine-field-16,生殖・産婦人科,"Reproduction, Obstetrics and Gynecology",160,True,med-120,生殖器官,Reproductive organs,高校 生物・保健,2,10,check,,True
medicine,医学,Medicine,29学問,True,medicine-field-16,生殖・産婦人科,"Reproduction, Obstetrics and Gynecology",160,True,med-121,妊娠,Pregnancy,高校 生物・保健,2,20,check,,True
medicine,医学,Medicine,29学問,True,medicine-field-16,生殖・産婦人科,"Reproduction, Obstetrics and Gynecology",160,True,med-122,出産,Childbirth,高校 生物・保健,2,30,check,,True
medicine,医学,Medicine,29学問,True,medicine-field-16,生殖・産婦人科,"Reproduction, Obstetrics and Gynecology",160,True,med-123,避妊,Contraception,高校 生物・保健,2,40,check,,True
medicine,医学,Medicine,29学問,True,medicine-field-16,生殖・産婦人科,"Reproduction, Obstetrics and Gynecology",160,True,med-124,性感染症,Sexually transmitted infections,高校 生物・保健,2,50,check,,True
medicine,医学,Medicine,29学問,True,medicine-field-16,生殖・産婦人科,"Reproduction, Obstetrics and Gynecology",160,True,med-125,不妊,Infertility,高校 生物・保健,2,60,check,,True
medicine,医学,Medicine,29学問,True,medicine-field-16,生殖・産婦人科,"Reproduction, Obstetrics and Gynecology",160,True,med-126-s1,婦人科疾患：月経異常,Gynecologic diseases: menstrual disorders,高校 生物・保健,2,71,check,,True
medicine,医学,Medicine,29学問,True,medicine-field-16,生殖・産婦人科,"Reproduction, Obstetrics and Gynecology",160,True,med-126-s2,婦人科疾患：子宮筋腫・子宮内膜症,Gynecologic diseases: uterine fibroids and endometriosis,高校 生物・保健,2,72,check,,True
medicine,医学,Medicine,29学問,True,medicine-field-16,生殖・産婦人科,"Reproduction, Obstetrics and Gynecology",160,True,med-126-s3,婦人科疾患：子宮頸がん・子宮体がん,Gynecologic diseases: cervical and endometrial cancer,高校 生物・保健,2,73,check,,True
medicine,医学,Medicine,29学問,True,medicine-field-16,生殖・産婦人科,"Reproduction, Obstetrics and Gynecology",160,True,med-126-s4,婦人科疾患：卵巣腫瘍,Gynecologic diseases: ovarian tumors,高校 生物・保健,2,74,check,,True
medicine,医学,Medicine,29学問,True,medicine-field-17,小児医学,Pediatrics,170,True,med-127,成長と発達,Growth and development,高校 保健・大学教養,2,10,check,,True
medicine,医学,Medicine,29学問,True,medicine-field-17,小児医学,Pediatrics,170,True,med-128,新生児,Newborns,高校 保健・大学教養,2,20,check,,True
medicine,医学,Medicine,29学問,True,medicine-field-17,小児医学,Pediatrics,170,True,med-129,乳幼児,Infants and toddlers,高校 保健・大学教養,2,30,check,,True
medicine,医学,Medicine,29学問,True,medicine-field-17,小児医学,Pediatrics,170,True,med-130,小児感染症,Pediatric infections,高校 保健・大学教養,2,40,check,,True
medicine,医学,Medicine,29学問,True,medicine-field-17,小児医学,Pediatrics,170,True,med-131,予防接種,Immunization,高校 保健・大学教養,2,50,check,,True
medicine,医学,Medicine,29学問,True,medicine-field-17,小児医学,Pediatrics,170,True,med-132-s1,先天性疾患：染色体異常,Congenital diseases: chromosomal abnormalities,高校 保健・大学教養,2,61,check,,True
medicine,医学,Medicine,29学問,True,medicine-field-17,小児医学,Pediatrics,170,True,med-132-s2,先天性疾患：先天性心疾患,Congenital diseases: congenital heart disease,高校 保健・大学教養,2,62,check,,True
medicine,医学,Medicine,29学問,True,medicine-field-17,小児医学,Pediatrics,170,True,med-132-s3,先天性疾患：先天代謝異常,Congenital diseases: inborn errors of metabolism,高校 保健・大学教養,2,63,check,,True
medicine,医学,Medicine,29学問,True,medicine-field-18,精神医学,Psychiatry,180,True,med-133,精神の健康,Mental health,高校 保健・大学教養,2,10,check,,True
medicine,医学,Medicine,29学問,True,medicine-field-18,精神医学,Psychiatry,180,True,med-134,ストレス,Stress,高校 保健・大学教養,2,20,check,,True
medicine,医学,Medicine,29学問,True,medicine-field-18,精神医学,Psychiatry,180,True,med-135,うつ病,Depression,高校 保健・大学教養,2,30,check,,True
medicine,医学,Medicine,29学問,True,medicine-field-18,精神医学,Psychiatry,180,True,med-136,不安症,Anxiety disorders,高校 保健・大学教養,2,40,check,,True
medicine,医学,Medicine,29学問,True,medicine-field-18,精神医学,Psychiatry,180,True,med-137,統合失調症,Schizophrenia,高校 保健・大学教養,2,50,check,,True
medicine,医学,Medicine,29学問,True,medicine-field-18,精神医学,Psychiatry,180,True,med-138,依存症,Addiction,高校 保健・大学教養,2,60,check,,True
medicine,医学,Medicine,29学問,True,medicine-field-18,精神医学,Psychiatry,180,True,med-139,睡眠障害,Sleep disorders,高校 保健・大学教養,2,70,check,,True
medicine,医学,Medicine,29学問,True,medicine-field-19,救急・集中治療,Emergency and Critical Care,190,True,med-140,救急医療,Emergency medicine,高校 保健・大学教養,2,10,check,,True
medicine,医学,Medicine,29学問,True,medicine-field-19,救急・集中治療,Emergency and Critical Care,190,True,med-141,心肺蘇生,Cardiopulmonary resuscitation,高校 保健・大学教養,2,20,check,,True
medicine,医学,Medicine,29学問,True,medicine-field-19,救急・集中治療,Emergency and Critical Care,190,True,med-142,AED,AED,高校 保健・大学教養,2,30,check,,True
medicine,医学,Medicine,29学問,True,medicine-field-19,救急・集中治療,Emergency and Critical Care,190,True,med-143,外傷,Trauma,高校 保健・大学教養,2,40,check,,True
medicine,医学,Medicine,29学問,True,medicine-field-19,救急・集中治療,Emergency and Critical Care,190,True,med-144,ショック,Shock,高校 保健・大学教養,2,50,check,,True
medicine,医学,Medicine,29学問,True,medicine-field-19,救急・集中治療,Emergency and Critical Care,190,True,med-145,集中治療,Intensive care,高校 保健・大学教養,2,60,check,,True
medicine,医学,Medicine,29学問,True,medicine-field-20,予防医学・公衆衛生,Preventive Medicine and Public Health,200,True,med-146,予防医学,Preventive medicine,高校 保健・大学教養,2,10,check,,True
medicine,医学,Medicine,29学問,True,medicine-field-20,予防医学・公衆衛生,Preventive Medicine and Public Health,200,True,med-147,健康診断,Health checkups,高校 保健・大学教養,2,20,check,,True
medicine,医学,Medicine,29学問,True,medicine-field-20,予防医学・公衆衛生,Preventive Medicine and Public Health,200,True,med-148,疫学,Epidemiology,高校 保健・大学教養,2,30,check,,True
medicine,医学,Medicine,29学問,True,medicine-field-20,予防医学・公衆衛生,Preventive Medicine and Public Health,200,True,med-149,一次予防,Primary prevention,高校 保健・大学教養,2,40,check,,True
medicine,医学,Medicine,29学問,True,medicine-field-20,予防医学・公衆衛生,Preventive Medicine and Public Health,200,True,med-150,二次予防,Secondary prevention,高校 保健・大学教養,2,50,check,,True
medicine,医学,Medicine,29学問,True,medicine-field-20,予防医学・公衆衛生,Preventive Medicine and Public Health,200,True,med-151,三次予防,Tertiary prevention,高校 保健・大学教養,2,60,check,,True
medicine,医学,Medicine,29学問,True,medicine-field-20,予防医学・公衆衛生,Preventive Medicine and Public Health,200,True,med-152,健康教育,Health education,高校 保健・大学教養,2,70,check,,True
medicine,医学,Medicine,29学問,True,medicine-field-20,予防医学・公衆衛生,Preventive Medicine and Public Health,200,True,med-153,母子保健,Maternal and child health,高校 保健・大学教養,2,80,check,,True
medicine,医学,Medicine,29学問,True,medicine-field-20,予防医学・公衆衛生,Preventive Medicine and Public Health,200,True,med-154,学校保健,School health,高校 保健・大学教養,2,90,check,,True
medicine,医学,Medicine,29学問,True,medicine-field-20,予防医学・公衆衛生,Preventive Medicine and Public Health,200,True,med-155,産業保健,Occupational health,高校 保健・大学教養,2,100,check,,True
medicine,医学,Medicine,29学問,True,medicine-field-21,医療と社会,Medicine and Society,210,True,med-156,医療制度,Healthcare system,高校 保健・大学教養,2,10,check,,True
medicine,医学,Medicine,29学問,True,medicine-field-21,医療と社会,Medicine and Society,210,True,med-157,医療保険,Health insurance,高校 保健・大学教養,2,20,check,,True
medicine,医学,Medicine,29学問,True,medicine-field-21,医療と社会,Medicine and Society,210,True,med-158,医療アクセス,Access to care,高校 保健・大学教養,2,30,check,,True
medicine,医学,Medicine,29学問,True,medicine-field-21,医療と社会,Medicine and Society,210,True,med-159,医療資源,Medical resources,高校 保健・大学教養,2,40,check,,True
medicine,医学,Medicine,29学問,True,medicine-field-21,医療と社会,Medicine and Society,210,True,med-160,地域医療,Community medicine,高校 保健・大学教養,2,50,check,,True
medicine,医学,Medicine,29学問,True,medicine-field-21,医療と社会,Medicine and Society,210,True,med-161,チーム医療,Team-based care,高校 保健・大学教養,2,60,check,,True
medicine,医学,Medicine,29学問,True,medicine-field-21,医療と社会,Medicine and Society,210,True,med-162,医師と他職種,Physicians and other professions,高校 保健・大学教養,2,70,check,,True
medicine,医学,Medicine,29学問,True,medicine-field-21,医療と社会,Medicine and Society,210,True,med-163,患者安全,Patient safety,高校 保健・大学教養,2,80,check,,True
medicine,医学,Medicine,29学問,True,medicine-field-21,医療と社会,Medicine and Society,210,True,med-164,医療事故,Medical accidents,高校 保健・大学教養,2,90,check,,True
medicine,医学,Medicine,29学問,True,medicine-field-21,医療と社会,Medicine and Society,210,True,med-165,終末期医療,End-of-life care,高校 保健・大学教養,2,100,check,,True
medicine,医学,Medicine,29学問,True,medicine-field-21,医療と社会,Medicine and Society,210,True,med-166,尊厳死,Death with dignity,高校 保健・大学教養,2,110,check,,True
medicine,医学,Medicine,29学問,True,medicine-field-21,医療と社会,Medicine and Society,210,True,med-167,臓器移植と倫理,Organ transplantation and ethics,高校 保健・大学教養,2,120,check,,True
medicine,医学,Medicine,29学問,True,medicine-field-21,医療と社会,Medicine and Society,210,True,med-168,生殖医療と倫理,Reproductive medicine and ethics,高校 保健・大学教養,2,130,check,,True
medicine,医学,Medicine,29学問,True,medicine-field-21,医療と社会,Medicine and Society,210,True,med-169,遺伝医療と倫理,Genetic medicine and ethics,高校 保健・大学教養,2,140,check,,True
medicine,医学,Medicine,29学問,True,medicine-field-21,医療と社会,Medicine and Society,210,True,med-170,医療AI,Medical AI,高校 保健・大学教養,2,150,check,,True
medicine,医学,Medicine,29学問,True,medicine-field-21,医療と社会,Medicine and Society,210,True,med-171,医療と格差,Health inequality,高校 保健・大学教養,2,160,check,,True
medicine,医学,Medicine,29学問,True,medicine-field-21,医療と社会,Medicine and Society,210,True,med-172,グローバルヘルス,Global health,高校 保健・大学教養,2,170,check,,True
dentistry,歯学,Dentistry,29学問,True,dentistry-field-01,口腔の基礎,Oral Basics,10,True,dent-001,口腔の役割,Roles of the mouth,中学理科・高校 保健・大学教養,2,10,check,,True
dentistry,歯学,Dentistry,29学問,True,dentistry-field-01,口腔の基礎,Oral Basics,10,True,dent-002,歯の種類,Types of teeth,中学理科・高校 保健・大学教養,2,20,check,,True
dentistry,歯学,Dentistry,29学問,True,dentistry-field-01,口腔の基礎,Oral Basics,10,True,dent-003,乳歯と永久歯,Primary and permanent teeth,中学理科・高校 保健・大学教養,2,30,check,,True
dentistry,歯学,Dentistry,29学問,True,dentistry-field-01,口腔の基礎,Oral Basics,10,True,dent-004,歯の構造,Tooth structure,中学理科・高校 保健・大学教養,2,40,check,,True
dentistry,歯学,Dentistry,29学問,True,dentistry-field-01,口腔の基礎,Oral Basics,10,True,dent-005,エナメル質,Enamel,中学理科・高校 保健・大学教養,2,50,check,,True
dentistry,歯学,Dentistry,29学問,True,dentistry-field-01,口腔の基礎,Oral Basics,10,True,dent-006,象牙質,Dentin,中学理科・高校 保健・大学教養,2,60,check,,True
dentistry,歯学,Dentistry,29学問,True,dentistry-field-01,口腔の基礎,Oral Basics,10,True,dent-007,歯髄,Dental pulp,中学理科・高校 保健・大学教養,2,70,check,,True
dentistry,歯学,Dentistry,29学問,True,dentistry-field-01,口腔の基礎,Oral Basics,10,True,dent-008,歯根膜,Periodontal ligament,中学理科・高校 保健・大学教養,2,80,check,,True
dentistry,歯学,Dentistry,29学問,True,dentistry-field-01,口腔の基礎,Oral Basics,10,True,dent-009,歯槽骨,Alveolar bone,中学理科・高校 保健・大学教養,2,90,check,,True
dentistry,歯学,Dentistry,29学問,True,dentistry-field-01,口腔の基礎,Oral Basics,10,True,dent-010,歯肉,Gingiva,中学理科・高校 保健・大学教養,2,100,check,,True
dentistry,歯学,Dentistry,29学問,True,dentistry-field-02,口腔解剖,Oral Anatomy,20,True,dent-011,顎骨,Jawbones,大学教養,2,10,check,,True
dentistry,歯学,Dentistry,29学問,True,dentistry-field-02,口腔解剖,Oral Anatomy,20,True,dent-012,顎関節,Temporomandibular joint,大学教養,2,20,check,,True
dentistry,歯学,Dentistry,29学問,True,dentistry-field-02,口腔解剖,Oral Anatomy,20,True,dent-013,咀嚼筋,Masticatory muscles,大学教養,2,30,check,,True
dentistry,歯学,Dentistry,29学問,True,dentistry-field-02,口腔解剖,Oral Anatomy,20,True,dent-014,舌,Tongue,大学教養,2,40,check,,True
dentistry,歯学,Dentistry,29学問,True,dentistry-field-02,口腔解剖,Oral Anatomy,20,True,dent-015,唾液腺,Salivary glands,大学教養,2,50,check,,True
dentistry,歯学,Dentistry,29学問,True,dentistry-field-02,口腔解剖,Oral Anatomy,20,True,dent-016,口腔粘膜,Oral mucosa,大学教養,2,60,check,,True
dentistry,歯学,Dentistry,29学問,True,dentistry-field-02,口腔解剖,Oral Anatomy,20,True,dent-017,咬合,Occlusion,大学教養,2,70,check,,True
dentistry,歯学,Dentistry,29学問,True,dentistry-field-03,歯の発生,Tooth Development,30,True,dent-018,歯の発生とは何か,What is tooth development?,高校 生物・大学教養,2,10,check,,True
dentistry,歯学,Dentistry,29学問,True,dentistry-field-03,歯の発生,Tooth Development,30,True,dent-019,萌出,Tooth eruption,高校 生物・大学教養,2,20,check,,True
dentistry,歯学,Dentistry,29学問,True,dentistry-field-03,歯の発生,Tooth Development,30,True,dent-020,歯列の発達,Development of the dentition,高校 生物・大学教養,2,30,check,,True
dentistry,歯学,Dentistry,29学問,True,dentistry-field-03,歯の発生,Tooth Development,30,True,dent-021,顎顔面の発生,Craniofacial development,高校 生物・大学教養,2,40,check,,True
dentistry,歯学,Dentistry,29学問,True,dentistry-field-04,口腔生理,Oral Physiology,40,True,dent-022,咀嚼,Mastication,大学教養,2,10,check,,True
dentistry,歯学,Dentistry,29学問,True,dentistry-field-04,口腔生理,Oral Physiology,40,True,dent-023,嚥下,Swallowing,大学教養,2,20,check,,True
dentistry,歯学,Dentistry,29学問,True,dentistry-field-04,口腔生理,Oral Physiology,40,True,dent-024,唾液,Saliva,大学教養,2,30,check,,True
dentistry,歯学,Dentistry,29学問,True,dentistry-field-04,口腔生理,Oral Physiology,40,True,dent-025,味覚,Taste,大学教養,2,40,check,,True
dentistry,歯学,Dentistry,29学問,True,dentistry-field-04,口腔生理,Oral Physiology,40,True,dent-026,咬合機能,Occlusal function,大学教養,2,50,check,,True
dentistry,歯学,Dentistry,29学問,True,dentistry-field-05,う蝕,Dental Caries,50,True,dent-027,むし歯の成立,How cavities form,小学 体育（保健領域）・中学 保健・大学教養,2,10,check,,True
dentistry,歯学,Dentistry,29学問,True,dentistry-field-05,う蝕,Dental Caries,50,True,dent-028,口腔細菌,Oral bacteria,小学 体育（保健領域）・中学 保健・大学教養,2,20,check,,True
dentistry,歯学,Dentistry,29学問,True,dentistry-field-05,う蝕,Dental Caries,50,True,dent-029,プラーク,Dental plaque,小学 体育（保健領域）・中学 保健・大学教養,2,30,check,,True
dentistry,歯学,Dentistry,29学問,True,dentistry-field-05,う蝕,Dental Caries,50,True,dent-030,糖とう蝕,Sugar and caries,小学 体育（保健領域）・中学 保健・大学教養,2,40,check,,True
dentistry,歯学,Dentistry,29学問,True,dentistry-field-05,う蝕,Dental Caries,50,True,dent-031,脱灰と再石灰化,Demineralization and remineralization,小学 体育（保健領域）・中学 保健・大学教養,2,50,check,,True
dentistry,歯学,Dentistry,29学問,True,dentistry-field-05,う蝕,Dental Caries,50,True,dent-032,う蝕予防,Caries prevention,小学 体育（保健領域）・中学 保健・大学教養,2,60,check,,True
dentistry,歯学,Dentistry,29学問,True,dentistry-field-05,う蝕,Dental Caries,50,True,dent-033,フッ化物,Fluoride,小学 体育（保健領域）・中学 保健・大学教養,2,70,check,,True
dentistry,歯学,Dentistry,29学問,True,dentistry-field-06,歯周病,Periodontal Disease,60,True,dent-034,歯周組織,Periodontal tissues,中学 保健・大学教養,2,10,check,,True
dentistry,歯学,Dentistry,29学問,True,dentistry-field-06,歯周病,Periodontal Disease,60,True,dent-035,歯肉炎,Gingivitis,中学 保健・大学教養,2,20,check,,True
dentistry,歯学,Dentistry,29学問,True,dentistry-field-06,歯周病,Periodontal Disease,60,True,dent-036,歯周炎,Periodontitis,中学 保健・大学教養,2,30,check,,True
dentistry,歯学,Dentistry,29学問,True,dentistry-field-06,歯周病,Periodontal Disease,60,True,dent-037,歯周病のリスク因子,Risk factors for periodontal disease,中学 保健・大学教養,2,40,check,,True
dentistry,歯学,Dentistry,29学問,True,dentistry-field-06,歯周病,Periodontal Disease,60,True,dent-038,歯周病予防,Preventing periodontal disease,中学 保健・大学教養,2,50,check,,True
dentistry,歯学,Dentistry,29学問,True,dentistry-field-07,予防歯科,Preventive Dentistry,70,True,dent-039,歯磨き,Toothbrushing,小学 体育（保健領域）・中学 保健・大学教養,2,10,check,,True
dentistry,歯学,Dentistry,29学問,True,dentistry-field-07,予防歯科,Preventive Dentistry,70,True,dent-040,歯間清掃,Interdental cleaning,小学 体育（保健領域）・中学 保健・大学教養,2,20,check,,True
dentistry,歯学,Dentistry,29学問,True,dentistry-field-07,予防歯科,Preventive Dentistry,70,True,dent-041,定期歯科健診,Regular dental checkups,小学 体育（保健領域）・中学 保健・大学教養,2,30,check,,True
dentistry,歯学,Dentistry,29学問,True,dentistry-field-07,予防歯科,Preventive Dentistry,70,True,dent-042,食生活と口腔健康,Diet and oral health,小学 体育（保健領域）・中学 保健・大学教養,2,40,check,,True
dentistry,歯学,Dentistry,29学問,True,dentistry-field-07,予防歯科,Preventive Dentistry,70,True,dent-043,フッ化物応用,Fluoride application,小学 体育（保健領域）・中学 保健・大学教養,2,50,check,,True
dentistry,歯学,Dentistry,29学問,True,dentistry-field-07,予防歯科,Preventive Dentistry,70,True,dent-044,シーラント,Sealants,小学 体育（保健領域）・中学 保健・大学教養,2,60,check,,True
dentistry,歯学,Dentistry,29学問,True,dentistry-field-08,保存修復,Operative Dentistry,80,True,dent-045,歯の修復,Tooth restoration,大学教養,2,10,check,,True
dentistry,歯学,Dentistry,29学問,True,dentistry-field-08,保存修復,Operative Dentistry,80,True,dent-046,充填材料,Filling materials,大学教養,2,20,check,,True
dentistry,歯学,Dentistry,29学問,True,dentistry-field-08,保存修復,Operative Dentistry,80,True,dent-047,接着歯学,Adhesive dentistry,大学教養,2,30,check,,True
dentistry,歯学,Dentistry,29学問,True,dentistry-field-08,保存修復,Operative Dentistry,80,True,dent-048,根管治療,Root canal treatment,大学教養,2,40,check,,True
dentistry,歯学,Dentistry,29学問,True,dentistry-field-09,補綴,Prosthodontics,90,True,dent-049,クラウン,Crowns,大学教養,2,10,check,,True
dentistry,歯学,Dentistry,29学問,True,dentistry-field-09,補綴,Prosthodontics,90,True,dent-050,ブリッジ,Bridges,大学教養,2,20,check,,True
dentistry,歯学,Dentistry,29学問,True,dentistry-field-09,補綴,Prosthodontics,90,True,dent-051,部分床義歯,Removable partial dentures,大学教養,2,30,check,,True
dentistry,歯学,Dentistry,29学問,True,dentistry-field-09,補綴,Prosthodontics,90,True,dent-052,全部床義歯,Complete dentures,大学教養,2,40,check,,True
dentistry,歯学,Dentistry,29学問,True,dentistry-field-09,補綴,Prosthodontics,90,True,dent-053,インプラント,Implants,大学教養,2,50,check,,True
dentistry,歯学,Dentistry,29学問,True,dentistry-field-09,補綴,Prosthodontics,90,True,dent-054,咬合再建,Occlusal reconstruction,大学教養,2,60,check,,True
dentistry,歯学,Dentistry,29学問,True,dentistry-field-10,口腔外科,Oral Surgery,100,True,dent-055,抜歯,Tooth extraction,大学教養,2,10,check,,True
dentistry,歯学,Dentistry,29学問,True,dentistry-field-10,口腔外科,Oral Surgery,100,True,dent-056,埋伏歯,Impacted teeth,大学教養,2,20,check,,True
dentistry,歯学,Dentistry,29学問,True,dentistry-field-10,口腔外科,Oral Surgery,100,True,dent-057,顎顔面外傷,Maxillofacial trauma,大学教養,2,30,check,,True
dentistry,歯学,Dentistry,29学問,True,dentistry-field-10,口腔外科,Oral Surgery,100,True,dent-058,口腔感染症,Oral infections,大学教養,2,40,check,,True
dentistry,歯学,Dentistry,29学問,True,dentistry-field-10,口腔外科,Oral Surgery,100,True,dent-059,顎変形症,Jaw deformities,大学教養,2,50,check,,True
dentistry,歯学,Dentistry,29学問,True,dentistry-field-10,口腔外科,Oral Surgery,100,True,dent-060,口腔がん,Oral cancer,大学教養,2,60,check,,True
dentistry,歯学,Dentistry,29学問,True,dentistry-field-11,矯正,Orthodontics,110,True,dent-061,不正咬合,Malocclusion,大学教養,2,10,check,,True
dentistry,歯学,Dentistry,29学問,True,dentistry-field-11,矯正,Orthodontics,110,True,dent-062,歯列矯正,Orthodontic treatment,大学教養,2,20,check,,True
dentistry,歯学,Dentistry,29学問,True,dentistry-field-11,矯正,Orthodontics,110,True,dent-063,成長と矯正,Growth and orthodontics,大学教養,2,30,check,,True
dentistry,歯学,Dentistry,29学問,True,dentistry-field-11,矯正,Orthodontics,110,True,dent-064,保定,Retention,大学教養,2,40,check,,True
dentistry,歯学,Dentistry,29学問,True,dentistry-field-12,小児歯科,Pediatric Dentistry,120,True,dent-065,乳歯の管理,Care of primary teeth,大学教養,2,10,check,,True
dentistry,歯学,Dentistry,29学問,True,dentistry-field-12,小児歯科,Pediatric Dentistry,120,True,dent-066,小児う蝕,Childhood caries,大学教養,2,20,check,,True
dentistry,歯学,Dentistry,29学問,True,dentistry-field-12,小児歯科,Pediatric Dentistry,120,True,dent-067,歯の外傷,Dental trauma,大学教養,2,30,check,,True
dentistry,歯学,Dentistry,29学問,True,dentistry-field-12,小児歯科,Pediatric Dentistry,120,True,dent-068,小児の咬合,Occlusion in children,大学教養,2,40,check,,True
dentistry,歯学,Dentistry,29学問,True,dentistry-field-13,高齢者歯科,Geriatric Dentistry,130,True,dent-069,加齢と口腔,Aging and the mouth,高校 保健・大学教養,2,10,check,,True
dentistry,歯学,Dentistry,29学問,True,dentistry-field-13,高齢者歯科,Geriatric Dentistry,130,True,dent-070,口腔機能低下,Oral hypofunction,高校 保健・大学教養,2,20,check,,True
dentistry,歯学,Dentistry,29学問,True,dentistry-field-13,高齢者歯科,Geriatric Dentistry,130,True,dent-071,義歯管理,Denture care,高校 保健・大学教養,2,30,check,,True
dentistry,歯学,Dentistry,29学問,True,dentistry-field-13,高齢者歯科,Geriatric Dentistry,130,True,dent-072,誤嚥性肺炎と口腔ケア,Aspiration pneumonia and oral care,高校 保健・大学教養,2,40,check,,True
dentistry,歯学,Dentistry,29学問,True,dentistry-field-14,歯科材料,Dental Materials,140,True,dent-073,金属材料,Metallic materials,大学教養,2,10,check,,True
dentistry,歯学,Dentistry,29学問,True,dentistry-field-14,歯科材料,Dental Materials,140,True,dent-074,レジン,Resins,大学教養,2,20,check,,True
dentistry,歯学,Dentistry,29学問,True,dentistry-field-14,歯科材料,Dental Materials,140,True,dent-075,セラミックス,Ceramics,大学教養,2,30,check,,True
dentistry,歯学,Dentistry,29学問,True,dentistry-field-14,歯科材料,Dental Materials,140,True,dent-076,印象材料,Impression materials,大学教養,2,40,check,,True
dentistry,歯学,Dentistry,29学問,True,dentistry-field-14,歯科材料,Dental Materials,140,True,dent-077,生体適合性,Biocompatibility,大学教養,2,50,check,,True
dentistry,歯学,Dentistry,29学問,True,dentistry-field-15,歯科画像,Dental Imaging,150,True,dent-078,歯科X線,Dental X-rays,大学教養,2,10,check,,True
dentistry,歯学,Dentistry,29学問,True,dentistry-field-15,歯科画像,Dental Imaging,150,True,dent-079,パノラマ撮影,Panoramic radiography,大学教養,2,20,check,,True
dentistry,歯学,Dentistry,29学問,True,dentistry-field-15,歯科画像,Dental Imaging,150,True,dent-080,歯科CT,Dental CT,大学教養,2,30,check,,True
dentistry,歯学,Dentistry,29学問,True,dentistry-field-15,歯科画像,Dental Imaging,150,True,dent-081,放射線防護,Radiation protection,大学教養,2,40,check,,True
dentistry,歯学,Dentistry,29学問,True,dentistry-field-16,全身と口腔,Systemic Health and the Mouth,160,True,dent-082,糖尿病と歯周病,Diabetes and periodontal disease,高校 保健・大学教養,2,10,check,,True
dentistry,歯学,Dentistry,29学問,True,dentistry-field-16,全身と口腔,Systemic Health and the Mouth,160,True,dent-083,妊娠と口腔,Pregnancy and oral health,高校 保健・大学教養,2,20,check,,True
dentistry,歯学,Dentistry,29学問,True,dentistry-field-16,全身と口腔,Systemic Health and the Mouth,160,True,dent-084,薬剤と口腔,Medications and the mouth,高校 保健・大学教養,2,30,check,,True
dentistry,歯学,Dentistry,29学問,True,dentistry-field-16,全身と口腔,Systemic Health and the Mouth,160,True,dent-085,全身疾患と歯科治療,Systemic diseases and dental treatment,高校 保健・大学教養,2,40,check,,True
dentistry,歯学,Dentistry,29学問,True,dentistry-field-17,社会歯学,Social Dentistry,170,True,dent-086,口腔保健,Oral health,高校 保健・大学教養,2,10,check,,True
dentistry,歯学,Dentistry,29学問,True,dentistry-field-17,社会歯学,Social Dentistry,170,True,dent-087,地域歯科保健,Community dental health,高校 保健・大学教養,2,20,check,,True
dentistry,歯学,Dentistry,29学問,True,dentistry-field-17,社会歯学,Social Dentistry,170,True,dent-088,歯科健診,Dental checkups,高校 保健・大学教養,2,30,check,,True
dentistry,歯学,Dentistry,29学問,True,dentistry-field-17,社会歯学,Social Dentistry,170,True,dent-089,歯科医療制度,Dental care system,高校 保健・大学教養,2,40,check,,True
dentistry,歯学,Dentistry,29学問,True,dentistry-field-17,社会歯学,Social Dentistry,170,True,dent-090,歯科医療倫理,Dental ethics,高校 保健・大学教養,2,50,check,,True
pharmacy,薬学,Pharmacy,29学問,True,pharmacy-field-01,薬学概論,Introduction to Pharmacy,10,True,pharm-002,医薬品と健康,Medicines and health,高校 保健・大学教養,2,20,check,,True
pharmacy,薬学,Pharmacy,29学問,True,pharmacy-field-01,薬学概論,Introduction to Pharmacy,10,True,pharm-003,創薬から使用まで,From drug discovery to use,高校 保健・大学教養,2,30,check,,True
pharmacy,薬学,Pharmacy,29学問,True,pharmacy-field-01,薬学概論,Introduction to Pharmacy,10,True,pharm-004,処方薬と一般用医薬品,Prescription and over-the-counter drugs,高校 保健・大学教養,2,40,check,,True
pharmacy,薬学,Pharmacy,29学問,True,pharmacy-field-01,薬学概論,Introduction to Pharmacy,10,True,pharm-005,ジェネリック医薬品,Generic drugs,高校 保健・大学教養,2,50,check,,True
pharmacy,薬学,Pharmacy,29学問,True,pharmacy-field-01,薬学概論,Introduction to Pharmacy,10,True,pharm-006,薬剤師の役割,Role of the pharmacist,高校 保健・大学教養,2,60,check,,True
pharmacy,薬学,Pharmacy,29学問,True,pharmacy-field-02,基礎化学,Basic Chemistry,20,True,pharm-007,原子と分子,Atoms and molecules,高校 化学,2,10,check,,True
pharmacy,薬学,Pharmacy,29学問,True,pharmacy-field-02,基礎化学,Basic Chemistry,20,True,pharm-008,化学結合,Chemical bonds,高校 化学,2,20,check,,True
pharmacy,薬学,Pharmacy,29学問,True,pharmacy-field-02,基礎化学,Basic Chemistry,20,True,pharm-009,酸塩基,Acids and bases,高校 化学,2,30,check,,True
pharmacy,薬学,Pharmacy,29学問,True,pharmacy-field-02,基礎化学,Basic Chemistry,20,True,pharm-010,有機化合物,Organic compounds,高校 化学,2,40,check,,True
pharmacy,薬学,Pharmacy,29学問,True,pharmacy-field-02,基礎化学,Basic Chemistry,20,True,pharm-011,官能基,Functional groups,高校 化学,2,50,check,,True
pharmacy,薬学,Pharmacy,29学問,True,pharmacy-field-02,基礎化学,Basic Chemistry,20,True,pharm-012,立体化学,Stereochemistry,高校 化学,2,60,check,,True
pharmacy,薬学,Pharmacy,29学問,True,pharmacy-field-02,基礎化学,Basic Chemistry,20,True,pharm-013,溶液,Solutions,高校 化学,2,70,check,,True
pharmacy,薬学,Pharmacy,29学問,True,pharmacy-field-02,基礎化学,Basic Chemistry,20,True,pharm-014,化学平衡,Chemical equilibrium,高校 化学,2,80,check,,True
pharmacy,薬学,Pharmacy,29学問,True,pharmacy-field-03,生化学,Biochemistry,30,True,pharm-015,タンパク質,Proteins,高校 生物・大学教養,2,10,check,,True
pharmacy,薬学,Pharmacy,29学問,True,pharmacy-field-03,生化学,Biochemistry,30,True,pharm-016,酵素,Enzymes,高校 生物・大学教養,2,20,check,,True
pharmacy,薬学,Pharmacy,29学問,True,pharmacy-field-03,生化学,Biochemistry,30,True,pharm-017,糖質,Carbohydrates,高校 生物・大学教養,2,30,check,,True
pharmacy,薬学,Pharmacy,29学問,True,pharmacy-field-03,生化学,Biochemistry,30,True,pharm-018,脂質,Lipids,高校 生物・大学教養,2,40,check,,True
pharmacy,薬学,Pharmacy,29学問,True,pharmacy-field-03,生化学,Biochemistry,30,True,pharm-019,核酸,Nucleic acids,高校 生物・大学教養,2,50,check,,True
pharmacy,薬学,Pharmacy,29学問,True,pharmacy-field-03,生化学,Biochemistry,30,True,pharm-020-s1,代謝：糖代謝（解糖系・TCA回路・電子伝達系）,"Metabolism: carbohydrate metabolism (glycolysis, TCA cycle, electron transport chain)",高校 生物・大学教養,2,61,check,,True
pharmacy,薬学,Pharmacy,29学問,True,pharmacy-field-03,生化学,Biochemistry,30,True,pharm-020-s2,代謝：脂質代謝,Metabolism: lipid metabolism,高校 生物・大学教養,2,62,check,,True
pharmacy,薬学,Pharmacy,29学問,True,pharmacy-field-03,生化学,Biochemistry,30,True,pharm-020-s3,代謝：アミノ酸代謝,Metabolism: amino acid metabolism,高校 生物・大学教養,2,63,check,,True
pharmacy,薬学,Pharmacy,29学問,True,pharmacy-field-03,生化学,Biochemistry,30,True,pharm-020-s4,代謝：核酸代謝,Metabolism: nucleic acid metabolism,高校 生物・大学教養,2,64,check,,True
pharmacy,薬学,Pharmacy,29学問,True,pharmacy-field-03,生化学,Biochemistry,30,True,pharm-021,受容体,Receptors,高校 生物・大学教養,2,70,check,,True
pharmacy,薬学,Pharmacy,29学問,True,pharmacy-field-04,薬理学,Pharmacology,40,True,pharm-022,薬理作用,Pharmacological action,専門看護・大学教養,2,10,check,,True
pharmacy,薬学,Pharmacy,29学問,True,pharmacy-field-04,薬理学,Pharmacology,40,True,pharm-023,受容体と薬,Receptors and drugs,専門看護・大学教養,2,20,check,,True
pharmacy,薬学,Pharmacy,29学問,True,pharmacy-field-04,薬理学,Pharmacology,40,True,pharm-024,作動薬と拮抗薬,Agonists and antagonists,専門看護・大学教養,2,30,check,,True
pharmacy,薬学,Pharmacy,29学問,True,pharmacy-field-04,薬理学,Pharmacology,40,True,pharm-025,用量反応関係,Dose-response relationship,専門看護・大学教養,2,40,check,,True
pharmacy,薬学,Pharmacy,29学問,True,pharmacy-field-04,薬理学,Pharmacology,40,True,pharm-026,治療域,Therapeutic window,専門看護・大学教養,2,50,check,,True
pharmacy,薬学,Pharmacy,29学問,True,pharmacy-field-04,薬理学,Pharmacology,40,True,pharm-027,薬の副作用,Adverse drug effects,専門看護・大学教養,2,60,check,,True
pharmacy,薬学,Pharmacy,29学問,True,pharmacy-field-04,薬理学,Pharmacology,40,True,pharm-028,耐性,Tolerance,専門看護・大学教養,2,70,check,,True
pharmacy,薬学,Pharmacy,29学問,True,pharmacy-field-04,薬理学,Pharmacology,40,True,pharm-029,依存,Dependence,専門看護・大学教養,2,80,check,,True
pharmacy,薬学,Pharmacy,29学問,True,pharmacy-field-05,薬物動態,Pharmacokinetics,50,True,pharm-030,吸収,Absorption,大学教養,2,10,check,,True
pharmacy,薬学,Pharmacy,29学問,True,pharmacy-field-05,薬物動態,Pharmacokinetics,50,True,pharm-031,分布,Distribution,大学教養,2,20,check,,True
pharmacy,薬学,Pharmacy,29学問,True,pharmacy-field-05,薬物動態,Pharmacokinetics,50,True,pharm-032,薬物代謝,Drug metabolism,大学教養,2,30,check,,True
pharmacy,薬学,Pharmacy,29学問,True,pharmacy-field-05,薬物動態,Pharmacokinetics,50,True,pharm-033,排泄,Excretion,大学教養,2,40,check,,True
pharmacy,薬学,Pharmacy,29学問,True,pharmacy-field-05,薬物動態,Pharmacokinetics,50,True,pharm-034,ADME,ADME,大学教養,2,50,check,,True
pharmacy,薬学,Pharmacy,29学問,True,pharmacy-field-05,薬物動態,Pharmacokinetics,50,True,pharm-035,バイオアベイラビリティ,Bioavailability,大学教養,2,60,check,,True
pharmacy,薬学,Pharmacy,29学問,True,pharmacy-field-05,薬物動態,Pharmacokinetics,50,True,pharm-036,半減期,Half-life,大学教養,2,70,check,,True
pharmacy,薬学,Pharmacy,29学問,True,pharmacy-field-05,薬物動態,Pharmacokinetics,50,True,pharm-037,クリアランス,Clearance,大学教養,2,80,check,,True
pharmacy,薬学,Pharmacy,29学問,True,pharmacy-field-05,薬物動態,Pharmacokinetics,50,True,pharm-038,血中濃度,Blood concentration,大学教養,2,90,check,,True
pharmacy,薬学,Pharmacy,29学問,True,pharmacy-field-06,製剤,Pharmaceutics,60,True,pharm-039,錠剤,Tablets,大学教養,2,10,check,,True
pharmacy,薬学,Pharmacy,29学問,True,pharmacy-field-06,製剤,Pharmaceutics,60,True,pharm-040,カプセル,Capsules,大学教養,2,20,check,,True
pharmacy,薬学,Pharmacy,29学問,True,pharmacy-field-06,製剤,Pharmaceutics,60,True,pharm-041,散剤,Powders,大学教養,2,30,check,,True
pharmacy,薬学,Pharmacy,29学問,True,pharmacy-field-06,製剤,Pharmaceutics,60,True,pharm-042,液剤,Liquid formulations,大学教養,2,40,check,,True
pharmacy,薬学,Pharmacy,29学問,True,pharmacy-field-06,製剤,Pharmaceutics,60,True,pharm-043,注射剤,Injections,大学教養,2,50,check,,True
pharmacy,薬学,Pharmacy,29学問,True,pharmacy-field-06,製剤,Pharmaceutics,60,True,pharm-044,外用剤,Topical preparations,大学教養,2,60,check,,True
pharmacy,薬学,Pharmacy,29学問,True,pharmacy-field-06,製剤,Pharmaceutics,60,True,pharm-045,吸入剤,Inhalants,大学教養,2,70,check,,True
pharmacy,薬学,Pharmacy,29学問,True,pharmacy-field-06,製剤,Pharmaceutics,60,True,pharm-046,徐放製剤,Sustained-release formulations,大学教養,2,80,check,,True
pharmacy,薬学,Pharmacy,29学問,True,pharmacy-field-06,製剤,Pharmaceutics,60,True,pharm-047,ドラッグデリバリーシステム,Drug delivery systems,大学教養,2,90,check,,True
pharmacy,薬学,Pharmacy,29学問,True,pharmacy-field-07,薬効群,Drug Classes,70,True,pharm-048,解熱鎮痛薬,Antipyretic analgesics,高校 保健・大学教養,2,10,check,,True
pharmacy,薬学,Pharmacy,29学問,True,pharmacy-field-07,薬効群,Drug Classes,70,True,pharm-049-s1,抗炎症薬：ステロイド性抗炎症薬,Anti-inflammatory drugs: steroidal anti-inflammatory drugs,高校 保健・大学教養,2,21,check,,True
pharmacy,薬学,Pharmacy,29学問,True,pharmacy-field-07,薬効群,Drug Classes,70,True,pharm-049-s2,抗炎症薬：非ステロイド性抗炎症薬（NSAIDs）,Anti-inflammatory drugs: NSAIDs,高校 保健・大学教養,2,22,check,,True
pharmacy,薬学,Pharmacy,29学問,True,pharmacy-field-07,薬効群,Drug Classes,70,True,pharm-050-s1,抗菌薬：細胞壁合成阻害薬（β-ラクタム系など）,"Antibacterials: cell wall synthesis inhibitors (beta-lactams, etc.)",高校 保健・大学教養,2,31,check,,True
pharmacy,薬学,Pharmacy,29学問,True,pharmacy-field-07,薬効群,Drug Classes,70,True,pharm-050-s2,抗菌薬：タンパク合成阻害薬,Antibacterials: protein synthesis inhibitors,高校 保健・大学教養,2,32,check,,True
pharmacy,薬学,Pharmacy,29学問,True,pharmacy-field-07,薬効群,Drug Classes,70,True,pharm-050-s3,抗菌薬：核酸合成阻害薬,Antibacterials: nucleic acid synthesis inhibitors,高校 保健・大学教養,2,33,check,,True
pharmacy,薬学,Pharmacy,29学問,True,pharmacy-field-07,薬効群,Drug Classes,70,True,pharm-051,抗ウイルス薬,Antivirals,高校 保健・大学教養,2,40,check,,True
pharmacy,薬学,Pharmacy,29学問,True,pharmacy-field-07,薬効群,Drug Classes,70,True,pharm-052,抗真菌薬,Antifungals,高校 保健・大学教養,2,50,check,,True
pharmacy,薬学,Pharmacy,29学問,True,pharmacy-field-07,薬効群,Drug Classes,70,True,pharm-053-s1,降圧薬：Ca拮抗薬,Antihypertensives: calcium channel blockers,高校 保健・大学教養,2,61,check,,True
pharmacy,薬学,Pharmacy,29学問,True,pharmacy-field-07,薬効群,Drug Classes,70,True,pharm-053-s2,降圧薬：RAA系阻害薬（ACE阻害薬・ARB）,"Antihypertensives: RAA system inhibitors (ACE inhibitors, ARBs)",高校 保健・大学教養,2,62,check,,True
pharmacy,薬学,Pharmacy,29学問,True,pharmacy-field-07,薬効群,Drug Classes,70,True,pharm-053-s3,降圧薬：利尿薬・β遮断薬,Antihypertensives: diuretics and beta blockers,高校 保健・大学教養,2,63,check,,True
pharmacy,薬学,Pharmacy,29学問,True,pharmacy-field-07,薬効群,Drug Classes,70,True,pharm-054-s1,糖尿病治療薬：インスリン製剤,Diabetes drugs: insulin preparations,高校 保健・大学教養,2,71,check,,True
pharmacy,薬学,Pharmacy,29学問,True,pharmacy-field-07,薬効群,Drug Classes,70,True,pharm-054-s2,糖尿病治療薬：経口血糖降下薬,Diabetes drugs: oral hypoglycemics,高校 保健・大学教養,2,72,check,,True
pharmacy,薬学,Pharmacy,29学問,True,pharmacy-field-07,薬効群,Drug Classes,70,True,pharm-054-s3,糖尿病治療薬：インクレチン関連薬（GLP-1受容体作動薬・DPP-4阻害薬）,"Diabetes drugs: incretin-based drugs (GLP-1 receptor agonists, DPP-4 inhibitors)",高校 保健・大学教養,2,73,check,,True
pharmacy,薬学,Pharmacy,29学問,True,pharmacy-field-07,薬効群,Drug Classes,70,True,pharm-055,脂質異常症治療薬,Lipid-lowering drugs,高校 保健・大学教養,2,80,check,,True
pharmacy,薬学,Pharmacy,29学問,True,pharmacy-field-07,薬効群,Drug Classes,70,True,pharm-056,抗凝固薬,Anticoagulants,高校 保健・大学教養,2,90,check,,True
pharmacy,薬学,Pharmacy,29学問,True,pharmacy-field-07,薬効群,Drug Classes,70,True,pharm-057-s1,向精神薬：抗精神病薬,Psychotropics: antipsychotics,高校 保健・大学教養,2,101,check,,True
pharmacy,薬学,Pharmacy,29学問,True,pharmacy-field-07,薬効群,Drug Classes,70,True,pharm-057-s2,向精神薬：抗うつ薬,Psychotropics: antidepressants,高校 保健・大学教養,2,102,check,,True
pharmacy,薬学,Pharmacy,29学問,True,pharmacy-field-07,薬効群,Drug Classes,70,True,pharm-057-s3,向精神薬：抗不安薬・睡眠薬,Psychotropics: anxiolytics and hypnotics,高校 保健・大学教養,2,103,check,,True
pharmacy,薬学,Pharmacy,29学問,True,pharmacy-field-07,薬効群,Drug Classes,70,True,pharm-057-s4,向精神薬：気分安定薬,Psychotropics: mood stabilizers,高校 保健・大学教養,2,104,check,,True
pharmacy,薬学,Pharmacy,29学問,True,pharmacy-field-07,薬効群,Drug Classes,70,True,pharm-058-s1,抗がん薬：殺細胞性抗がん薬,Anticancer drugs: cytotoxic agents,高校 保健・大学教養,2,111,check,,True
pharmacy,薬学,Pharmacy,29学問,True,pharmacy-field-07,薬効群,Drug Classes,70,True,pharm-058-s2,抗がん薬：分子標的薬,Anticancer drugs: molecular targeted drugs,高校 保健・大学教養,2,112,check,,True
pharmacy,薬学,Pharmacy,29学問,True,pharmacy-field-07,薬効群,Drug Classes,70,True,pharm-058-s3,抗がん薬：免疫チェックポイント阻害薬,Anticancer drugs: immune checkpoint inhibitors,高校 保健・大学教養,2,113,check,,True
pharmacy,薬学,Pharmacy,29学問,True,pharmacy-field-07,薬効群,Drug Classes,70,True,pharm-059,アレルギー治療薬,Antiallergy drugs,高校 保健・大学教養,2,120,check,,True
pharmacy,薬学,Pharmacy,29学問,True,pharmacy-field-08,微生物と感染,Microbes and Infection,80,True,pharm-060,細菌,Bacteria,高校 生物・専門看護,2,10,check,,True
pharmacy,薬学,Pharmacy,29学問,True,pharmacy-field-08,微生物と感染,Microbes and Infection,80,True,pharm-061,ウイルス,Viruses,高校 生物・専門看護,2,20,check,,True
pharmacy,薬学,Pharmacy,29学問,True,pharmacy-field-08,微生物と感染,Microbes and Infection,80,True,pharm-062,真菌,Fungi,高校 生物・専門看護,2,30,check,,True
pharmacy,薬学,Pharmacy,29学問,True,pharmacy-field-08,微生物と感染,Microbes and Infection,80,True,pharm-063,感染症,Infectious diseases,高校 生物・専門看護,2,40,check,,True
pharmacy,薬学,Pharmacy,29学問,True,pharmacy-field-08,微生物と感染,Microbes and Infection,80,True,pharm-064,抗菌薬の作用,How antibacterials work,高校 生物・専門看護,2,50,check,,True
pharmacy,薬学,Pharmacy,29学問,True,pharmacy-field-08,微生物と感染,Microbes and Infection,80,True,pharm-065,薬剤耐性,Drug resistance,高校 生物・専門看護,2,60,check,,True
pharmacy,薬学,Pharmacy,29学問,True,pharmacy-field-08,微生物と感染,Microbes and Infection,80,True,pharm-066,消毒と滅菌,Disinfection and sterilization,高校 生物・専門看護,2,70,check,,True
pharmacy,薬学,Pharmacy,29学問,True,pharmacy-field-09,毒性学,Toxicology,90,True,pharm-067,毒性とは何か,What is toxicity?,高校 保健・大学教養,2,10,check,,True
pharmacy,薬学,Pharmacy,29学問,True,pharmacy-field-09,毒性学,Toxicology,90,True,pharm-068,急性毒性と慢性毒性,Acute and chronic toxicity,高校 保健・大学教養,2,20,check,,True
pharmacy,薬学,Pharmacy,29学問,True,pharmacy-field-09,毒性学,Toxicology,90,True,pharm-069,薬物中毒,Drug poisoning,高校 保健・大学教養,2,30,check,,True
pharmacy,薬学,Pharmacy,29学問,True,pharmacy-field-09,毒性学,Toxicology,90,True,pharm-070,解毒,Detoxification,高校 保健・大学教養,2,40,check,,True
pharmacy,薬学,Pharmacy,29学問,True,pharmacy-field-09,毒性学,Toxicology,90,True,pharm-071,催奇形性,Teratogenicity,高校 保健・大学教養,2,50,check,,True
pharmacy,薬学,Pharmacy,29学問,True,pharmacy-field-09,毒性学,Toxicology,90,True,pharm-072,発がん性,Carcinogenicity,高校 保健・大学教養,2,60,check,,True
pharmacy,薬学,Pharmacy,29学問,True,pharmacy-field-10,医薬品情報,Drug Information,100,True,pharm-073,添付文書,Package inserts,高校 情報・大学教養,2,10,check,,True
pharmacy,薬学,Pharmacy,29学問,True,pharmacy-field-10,医薬品情報,Drug Information,100,True,pharm-074,効能・効果,Indications,高校 情報・大学教養,2,20,check,,True
pharmacy,薬学,Pharmacy,29学問,True,pharmacy-field-10,医薬品情報,Drug Information,100,True,pharm-075,用法・用量,Dosage and administration,高校 情報・大学教養,2,30,check,,True
pharmacy,薬学,Pharmacy,29学問,True,pharmacy-field-10,医薬品情報,Drug Information,100,True,pharm-076,禁忌,Contraindications,高校 情報・大学教養,2,40,check,,True
pharmacy,薬学,Pharmacy,29学問,True,pharmacy-field-10,医薬品情報,Drug Information,100,True,pharm-077,副作用情報,Adverse reaction information,高校 情報・大学教養,2,50,check,,True
pharmacy,薬学,Pharmacy,29学問,True,pharmacy-field-10,医薬品情報,Drug Information,100,True,pharm-078,相互作用,Interactions,高校 情報・大学教養,2,60,check,,True
pharmacy,薬学,Pharmacy,29学問,True,pharmacy-field-10,医薬品情報,Drug Information,100,True,pharm-079,医薬品安全性情報,Drug safety information,高校 情報・大学教養,2,70,check,,True
pharmacy,薬学,Pharmacy,29学問,True,pharmacy-field-11,薬物相互作用,Drug Interactions,110,True,pharm-080,薬物間相互作用,Drug-drug interactions,大学教養,2,10,check,,True
pharmacy,薬学,Pharmacy,29学問,True,pharmacy-field-11,薬物相互作用,Drug Interactions,110,True,pharm-081,食品との相互作用,Food-drug interactions,大学教養,2,20,check,,True
pharmacy,薬学,Pharmacy,29学問,True,pharmacy-field-11,薬物相互作用,Drug Interactions,110,True,pharm-082,代謝酵素,Metabolizing enzymes,大学教養,2,30,check,,True
pharmacy,薬学,Pharmacy,29学問,True,pharmacy-field-11,薬物相互作用,Drug Interactions,110,True,pharm-083,ポリファーマシー,Polypharmacy,大学教養,2,40,check,,True
pharmacy,薬学,Pharmacy,29学問,True,pharmacy-field-12,臨床薬学,Clinical Pharmacy,120,True,pharm-084,服薬指導,Medication counseling,高校 保健・大学教養,2,10,check,,True
pharmacy,薬学,Pharmacy,29学問,True,pharmacy-field-12,臨床薬学,Clinical Pharmacy,120,True,pharm-085,アドヒアランス,Adherence,高校 保健・大学教養,2,20,check,,True
pharmacy,薬学,Pharmacy,29学問,True,pharmacy-field-12,臨床薬学,Clinical Pharmacy,120,True,pharm-086,処方監査,Prescription auditing,高校 保健・大学教養,2,30,check,,True
pharmacy,薬学,Pharmacy,29学問,True,pharmacy-field-12,臨床薬学,Clinical Pharmacy,120,True,pharm-087,薬歴,Medication history,高校 保健・大学教養,2,40,check,,True
pharmacy,薬学,Pharmacy,29学問,True,pharmacy-field-12,臨床薬学,Clinical Pharmacy,120,True,pharm-088,チーム医療,Team-based care,高校 保健・大学教養,2,50,check,,True
pharmacy,薬学,Pharmacy,29学問,True,pharmacy-field-12,臨床薬学,Clinical Pharmacy,120,True,pharm-089,TDM,TDM (therapeutic drug monitoring),高校 保健・大学教養,2,60,check,,True
pharmacy,薬学,Pharmacy,29学問,True,pharmacy-field-13,公衆衛生,Public Health,130,True,pharm-090,感染症予防,Infection prevention,高校 保健,2,10,check,,True
pharmacy,薬学,Pharmacy,29学問,True,pharmacy-field-13,公衆衛生,Public Health,130,True,pharm-091,予防接種,Vaccination,高校 保健,2,20,check,,True
pharmacy,薬学,Pharmacy,29学問,True,pharmacy-field-13,公衆衛生,Public Health,130,True,pharm-092,食品衛生,Food hygiene,高校 保健,2,30,check,,True
pharmacy,薬学,Pharmacy,29学問,True,pharmacy-field-13,公衆衛生,Public Health,130,True,pharm-093,環境衛生,Environmental health,高校 保健,2,40,check,,True
pharmacy,薬学,Pharmacy,29学問,True,pharmacy-field-13,公衆衛生,Public Health,130,True,pharm-094,薬物乱用防止,Drug abuse prevention,高校 保健,2,50,check,,True
pharmacy,薬学,Pharmacy,29学問,True,pharmacy-field-14,薬事制度,Pharmaceutical Regulation,140,True,pharm-095,医薬品医療機器等法,Pharmaceuticals and Medical Devices Act,高校 保健・大学教養,2,10,check,,True
pharmacy,薬学,Pharmacy,29学問,True,pharmacy-field-14,薬事制度,Pharmaceutical Regulation,140,True,pharm-096,医薬品の承認,Drug approval,高校 保健・大学教養,2,20,check,,True
pharmacy,薬学,Pharmacy,29学問,True,pharmacy-field-14,薬事制度,Pharmaceutical Regulation,140,True,pharm-097,薬局,Pharmacies,高校 保健・大学教養,2,30,check,,True
pharmacy,薬学,Pharmacy,29学問,True,pharmacy-field-14,薬事制度,Pharmaceutical Regulation,140,True,pharm-098,処方箋,Prescriptions,高校 保健・大学教養,2,40,check,,True
pharmacy,薬学,Pharmacy,29学問,True,pharmacy-field-14,薬事制度,Pharmaceutical Regulation,140,True,pharm-099,医薬品販売制度,Drug sales system,高校 保健・大学教養,2,50,check,,True
pharmacy,薬学,Pharmacy,29学問,True,pharmacy-field-14,薬事制度,Pharmaceutical Regulation,140,True,pharm-100,薬害,Drug-induced disasters (yakugai),高校 保健・大学教養,2,60,check,,True
pharmacy,薬学,Pharmacy,29学問,True,pharmacy-field-15,創薬,Drug Discovery,150,True,pharm-101,創薬標的,Drug targets,高校 化学・生物・大学教養,2,10,check,,True
pharmacy,薬学,Pharmacy,29学問,True,pharmacy-field-15,創薬,Drug Discovery,150,True,pharm-102,リード化合物,Lead compounds,高校 化学・生物・大学教養,2,20,check,,True
pharmacy,薬学,Pharmacy,29学問,True,pharmacy-field-15,創薬,Drug Discovery,150,True,pharm-103-s1,医薬品化学：構造活性相関,Medicinal chemistry: structure-activity relationships,高校 化学・生物・大学教養,2,31,check,,True
pharmacy,薬学,Pharmacy,29学問,True,pharmacy-field-15,創薬,Drug Discovery,150,True,pharm-103-s2,医薬品化学：合理的薬物設計,Medicinal chemistry: rational drug design,高校 化学・生物・大学教養,2,32,check,,True
pharmacy,薬学,Pharmacy,29学問,True,pharmacy-field-15,創薬,Drug Discovery,150,True,pharm-103-s3,医薬品化学：プロドラッグ,Medicinal chemistry: prodrugs,高校 化学・生物・大学教養,2,33,check,,True
pharmacy,薬学,Pharmacy,29学問,True,pharmacy-field-15,創薬,Drug Discovery,150,True,pharm-104,非臨床試験,Nonclinical studies,高校 化学・生物・大学教養,2,40,check,,True
pharmacy,薬学,Pharmacy,29学問,True,pharmacy-field-15,創薬,Drug Discovery,150,True,pharm-105,臨床試験,Clinical trials,高校 化学・生物・大学教養,2,50,check,,True
pharmacy,薬学,Pharmacy,29学問,True,pharmacy-field-15,創薬,Drug Discovery,150,True,pharm-106,治験,Registration trials (chiken),高校 化学・生物・大学教養,2,60,check,,True
pharmacy,薬学,Pharmacy,29学問,True,pharmacy-field-15,創薬,Drug Discovery,150,True,pharm-107,承認審査,Approval review,高校 化学・生物・大学教養,2,70,check,,True
pharmacy,薬学,Pharmacy,29学問,True,pharmacy-field-16,生薬・天然物,Crude Drugs and Natural Products,160,True,pharm-108,生薬,Crude drugs,大学教養,2,10,check,,True
pharmacy,薬学,Pharmacy,29学問,True,pharmacy-field-16,生薬・天然物,Crude Drugs and Natural Products,160,True,pharm-109-s1,天然物化学：アルカロイド,Natural product chemistry: alkaloids,大学教養,2,21,check,,True
pharmacy,薬学,Pharmacy,29学問,True,pharmacy-field-16,生薬・天然物,Crude Drugs and Natural Products,160,True,pharm-109-s2,天然物化学：テルペノイド,Natural product chemistry: terpenoids,大学教養,2,22,check,,True
pharmacy,薬学,Pharmacy,29学問,True,pharmacy-field-16,生薬・天然物,Crude Drugs and Natural Products,160,True,pharm-109-s3,天然物化学：フラボノイド・ポリフェノール,Natural product chemistry: flavonoids and polyphenols,大学教養,2,23,check,,True
pharmacy,薬学,Pharmacy,29学問,True,pharmacy-field-16,生薬・天然物,Crude Drugs and Natural Products,160,True,pharm-110,漢方薬,Kampo medicines,大学教養,2,30,check,,True
pharmacy,薬学,Pharmacy,29学問,True,pharmacy-field-16,生薬・天然物,Crude Drugs and Natural Products,160,True,pharm-111,植物由来医薬品,Plant-derived drugs,大学教養,2,40,check,,True
political-science,政治学,Political Science,29学問,True,political-science-field-01,政治の基礎,Foundations of Politics,10,True,pol-001,政治とは何か,What is politics?,小学 社会・中学 社会公民・高校 公共,2,10,check,,True
political-science,政治学,Political Science,29学問,True,political-science-field-01,政治の基礎,Foundations of Politics,10,True,pol-002,公共とは何か,What is the public?,小学 社会・中学 社会公民・高校 公共,2,20,check,,True
political-science,政治学,Political Science,29学問,True,political-science-field-01,政治の基礎,Foundations of Politics,10,True,pol-003,権力,Power,小学 社会・中学 社会公民・高校 公共,2,30,check,,True
political-science,政治学,Political Science,29学問,True,political-science-field-01,政治の基礎,Foundations of Politics,10,True,pol-004,権威,Authority,小学 社会・中学 社会公民・高校 公共,2,40,check,,True
political-science,政治学,Political Science,29学問,True,political-science-field-01,政治の基礎,Foundations of Politics,10,True,pol-005,正統性,Legitimacy,小学 社会・中学 社会公民・高校 公共,2,50,check,,True
political-science,政治学,Political Science,29学問,True,political-science-field-01,政治の基礎,Foundations of Politics,10,True,pol-006,国家,The state,小学 社会・中学 社会公民・高校 公共,2,60,check,,True
political-science,政治学,Political Science,29学問,True,political-science-field-01,政治の基礎,Foundations of Politics,10,True,pol-007,主権,Sovereignty,小学 社会・中学 社会公民・高校 公共,2,70,check,,True
political-science,政治学,Political Science,29学問,True,political-science-field-01,政治の基礎,Foundations of Politics,10,True,pol-008,市民,Citizens,小学 社会・中学 社会公民・高校 公共,2,80,check,,True
political-science,政治学,Political Science,29学問,True,political-science-field-01,政治の基礎,Foundations of Politics,10,True,pol-009,公共性,Publicness,小学 社会・中学 社会公民・高校 公共,2,90,check,,True
political-science,政治学,Political Science,29学問,True,political-science-field-01,政治の基礎,Foundations of Politics,10,True,pol-010,政治参加,Political participation,小学 社会・中学 社会公民・高校 公共,2,100,check,,True
political-science,政治学,Political Science,29学問,True,political-science-field-02,民主主義,Democracy,20,True,pol-011,民主主義の原理,Principles of democracy,中学 社会公民・高校 公共・政治経済,2,10,check,,True
political-science,政治学,Political Science,29学問,True,political-science-field-02,民主主義,Democracy,20,True,pol-012,直接民主制,Direct democracy,中学 社会公民・高校 公共・政治経済,2,20,check,,True
political-science,政治学,Political Science,29学問,True,political-science-field-02,民主主義,Democracy,20,True,pol-013,間接民主制,Representative democracy,中学 社会公民・高校 公共・政治経済,2,30,check,,True
political-science,政治学,Political Science,29学問,True,political-science-field-02,民主主義,Democracy,20,True,pol-014,多数決,Majority rule,中学 社会公民・高校 公共・政治経済,2,40,check,,True
political-science,政治学,Political Science,29学問,True,political-science-field-02,民主主義,Democracy,20,True,pol-015,少数者の権利,Minority rights,中学 社会公民・高校 公共・政治経済,2,50,check,,True
political-science,政治学,Political Science,29学問,True,political-science-field-02,民主主義,Democracy,20,True,pol-016,法の支配,Rule of law,中学 社会公民・高校 公共・政治経済,2,60,check,,True
political-science,政治学,Political Science,29学問,True,political-science-field-02,民主主義,Democracy,20,True,pol-017,立憲主義,Constitutionalism,中学 社会公民・高校 公共・政治経済,2,70,check,,True
political-science,政治学,Political Science,29学問,True,political-science-field-02,民主主義,Democracy,20,True,pol-018,権力分立,Separation of powers,中学 社会公民・高校 公共・政治経済,2,80,check,,True
political-science,政治学,Political Science,29学問,True,political-science-field-02,民主主義,Democracy,20,True,pol-019,基本的人権,Fundamental human rights,中学 社会公民・高校 公共・政治経済,2,90,check,,True
political-science,政治学,Political Science,29学問,True,political-science-field-02,民主主義,Democracy,20,True,pol-020,市民社会,Civil society,中学 社会公民・高校 公共・政治経済,2,100,check,,True
political-science,政治学,Political Science,29学問,True,political-science-field-03,日本政治,Japanese Politics,30,True,pol-021-s1,日本国憲法：憲法の制定過程,Constitution of Japan: how it was drafted,小学 社会・中学 社会公民・高校 政治経済,2,11,check,,True
political-science,政治学,Political Science,29学問,True,political-science-field-03,日本政治,Japanese Politics,30,True,pol-021-s2,日本国憲法：平和主義と第9条,Constitution of Japan: pacifism and Article 9,小学 社会・中学 社会公民・高校 政治経済,2,12,check,,True
political-science,政治学,Political Science,29学問,True,political-science-field-03,日本政治,Japanese Politics,30,True,pol-021-s3,日本国憲法：憲法改正手続,Constitution of Japan: amendment procedure,小学 社会・中学 社会公民・高校 政治経済,2,13,check,,True
political-science,政治学,Political Science,29学問,True,political-science-field-03,日本政治,Japanese Politics,30,True,pol-022,国民主権,Popular sovereignty,小学 社会・中学 社会公民・高校 政治経済,2,20,check,,True
political-science,政治学,Political Science,29学問,True,political-science-field-03,日本政治,Japanese Politics,30,True,pol-023,象徴天皇制,Symbolic emperor system,小学 社会・中学 社会公民・高校 政治経済,2,30,check,,True
political-science,政治学,Political Science,29学問,True,political-science-field-03,日本政治,Japanese Politics,30,True,pol-024,国会,The Diet,小学 社会・中学 社会公民・高校 政治経済,2,40,check,,True
political-science,政治学,Political Science,29学問,True,political-science-field-03,日本政治,Japanese Politics,30,True,pol-025,内閣,The Cabinet,小学 社会・中学 社会公民・高校 政治経済,2,50,check,,True
political-science,政治学,Political Science,29学問,True,political-science-field-03,日本政治,Japanese Politics,30,True,pol-026,裁判所,The courts,小学 社会・中学 社会公民・高校 政治経済,2,60,check,,True
political-science,政治学,Political Science,29学問,True,political-science-field-03,日本政治,Japanese Politics,30,True,pol-027,三権分立,Separation of the three powers,小学 社会・中学 社会公民・高校 政治経済,2,70,check,,True
political-science,政治学,Political Science,29学問,True,political-science-field-03,日本政治,Japanese Politics,30,True,pol-028,地方自治,Local self-government,小学 社会・中学 社会公民・高校 政治経済,2,80,check,,True
political-science,政治学,Political Science,29学問,True,political-science-field-03,日本政治,Japanese Politics,30,True,pol-029,地方議会,Local assemblies,小学 社会・中学 社会公民・高校 政治経済,2,90,check,,True
political-science,政治学,Political Science,29学問,True,political-science-field-03,日本政治,Japanese Politics,30,True,pol-030,首長,Heads of local government,小学 社会・中学 社会公民・高校 政治経済,2,100,check,,True
political-science,政治学,Political Science,29学問,True,political-science-field-03,日本政治,Japanese Politics,30,True,pol-031,選挙制度,Electoral system,小学 社会・中学 社会公民・高校 政治経済,2,110,check,,True
political-science,政治学,Political Science,29学問,True,political-science-field-03,日本政治,Japanese Politics,30,True,pol-032,日本の政党,Japanese political parties,小学 社会・中学 社会公民・高校 政治経済,2,120,check,,True
political-science,政治学,Political Science,29学問,True,political-science-field-03,日本政治,Japanese Politics,30,True,pol-033,官僚制,Bureaucracy,小学 社会・中学 社会公民・高校 政治経済,2,130,check,,True
political-science,政治学,Political Science,29学問,True,political-science-field-03,日本政治,Japanese Politics,30,True,pol-034,行政改革,Administrative reform,小学 社会・中学 社会公民・高校 政治経済,2,140,check,,True
political-science,政治学,Political Science,29学問,True,political-science-field-04,選挙と政党,Elections and Parties,40,True,pol-035,普通選挙,Universal suffrage,中学 社会公民・高校 政治経済,2,10,check,,True
political-science,政治学,Political Science,29学問,True,political-science-field-04,選挙と政党,Elections and Parties,40,True,pol-036,選挙権,Right to vote,中学 社会公民・高校 政治経済,2,20,check,,True
political-science,政治学,Political Science,29学問,True,political-science-field-04,選挙と政党,Elections and Parties,40,True,pol-037,小選挙区制,Single-member district system,中学 社会公民・高校 政治経済,2,30,check,,True
political-science,政治学,Political Science,29学問,True,political-science-field-04,選挙と政党,Elections and Parties,40,True,pol-038,比例代表制,Proportional representation,中学 社会公民・高校 政治経済,2,40,check,,True
political-science,政治学,Political Science,29学問,True,political-science-field-04,選挙と政党,Elections and Parties,40,True,pol-039,選挙制度の効果,Effects of electoral systems,中学 社会公民・高校 政治経済,2,50,check,,True
political-science,政治学,Political Science,29学問,True,political-science-field-04,選挙と政党,Elections and Parties,40,True,pol-040,政党,Political parties,中学 社会公民・高校 政治経済,2,60,check,,True
political-science,政治学,Political Science,29学問,True,political-science-field-04,選挙と政党,Elections and Parties,40,True,pol-041,政党システム,Party systems,中学 社会公民・高校 政治経済,2,70,check,,True
political-science,政治学,Political Science,29学問,True,political-science-field-04,選挙と政党,Elections and Parties,40,True,pol-042,利益団体,Interest groups,中学 社会公民・高校 政治経済,2,80,check,,True
political-science,政治学,Political Science,29学問,True,political-science-field-04,選挙と政党,Elections and Parties,40,True,pol-043,圧力団体,Pressure groups,中学 社会公民・高校 政治経済,2,90,check,,True
political-science,政治学,Political Science,29学問,True,political-science-field-04,選挙と政党,Elections and Parties,40,True,pol-044,ロビー活動,Lobbying,中学 社会公民・高校 政治経済,2,100,check,,True
political-science,政治学,Political Science,29学問,True,political-science-field-04,選挙と政党,Elections and Parties,40,True,pol-045,世論,Public opinion,中学 社会公民・高校 政治経済,2,110,check,,True
political-science,政治学,Political Science,29学問,True,political-science-field-05,政治過程,Political Process,50,True,pol-046,政策形成,Policy formation,高校 政治経済・大学教養,2,10,check,,True
political-science,政治学,Political Science,29学問,True,political-science-field-05,政治過程,Political Process,50,True,pol-047,アジェンダ設定,Agenda setting,高校 政治経済・大学教養,2,20,check,,True
political-science,政治学,Political Science,29学問,True,political-science-field-05,政治過程,Political Process,50,True,pol-048,立法過程,Legislative process,高校 政治経済・大学教養,2,30,check,,True
political-science,政治学,Political Science,29学問,True,political-science-field-05,政治過程,Political Process,50,True,pol-049,行政過程,Administrative process,高校 政治経済・大学教養,2,40,check,,True
political-science,政治学,Political Science,29学問,True,political-science-field-05,政治過程,Political Process,50,True,pol-050,政策評価,Policy evaluation,高校 政治経済・大学教養,2,50,check,,True
political-science,政治学,Political Science,29学問,True,political-science-field-05,政治過程,Political Process,50,True,pol-051,政治コミュニケーション,Political communication,高校 政治経済・大学教養,2,60,check,,True
political-science,政治学,Political Science,29学問,True,political-science-field-05,政治過程,Political Process,50,True,pol-052,メディアと政治,Media and politics,高校 政治経済・大学教養,2,70,check,,True
political-science,政治学,Political Science,29学問,True,political-science-field-05,政治過程,Political Process,50,True,pol-053,政治的無関心,Political apathy,高校 政治経済・大学教養,2,80,check,,True
political-science,政治学,Political Science,29学問,True,political-science-field-05,政治過程,Political Process,50,True,pol-054,ポピュリズム,Populism,高校 政治経済・大学教養,2,90,check,,True
political-science,政治学,Political Science,29学問,True,political-science-field-06,政治思想,Political Thought,60,True,pol-055-s1,古代ギリシアの政治思想：ポリスと民主政,Ancient Greek political thought: the polis and democracy,高校 倫理・公共・大学教養,2,11,check,,True
political-science,政治学,Political Science,29学問,True,political-science-field-06,政治思想,Political Thought,60,True,pol-055-s2,古代ギリシアの政治思想：プラトンの政治思想,Ancient Greek political thought: Plato's political thought,高校 倫理・公共・大学教養,2,12,check,,True
political-science,政治学,Political Science,29学問,True,political-science-field-06,政治思想,Political Thought,60,True,pol-055-s3,古代ギリシアの政治思想：アリストテレスの政治思想,Ancient Greek political thought: Aristotle's political thought,高校 倫理・公共・大学教養,2,13,check,,True
political-science,政治学,Political Science,29学問,True,political-science-field-06,政治思想,Political Thought,60,True,pol-056,社会契約論,Social contract theory,高校 倫理・公共・大学教養,2,20,check,,True
political-science,政治学,Political Science,29学問,True,political-science-field-06,政治思想,Political Thought,60,True,pol-057,ホッブズ,Hobbes,高校 倫理・公共・大学教養,2,30,check,,True
political-science,政治学,Political Science,29学問,True,political-science-field-06,政治思想,Political Thought,60,True,pol-058,ロック,Locke,高校 倫理・公共・大学教養,2,40,check,,True
political-science,政治学,Political Science,29学問,True,political-science-field-06,政治思想,Political Thought,60,True,pol-059,ルソー,Rousseau,高校 倫理・公共・大学教養,2,50,check,,True
political-science,政治学,Political Science,29学問,True,political-science-field-06,政治思想,Political Thought,60,True,pol-060-s1,自由主義：古典的自由主義,Liberalism: classical liberalism,高校 倫理・公共・大学教養,2,61,check,,True
political-science,政治学,Political Science,29学問,True,political-science-field-06,政治思想,Political Thought,60,True,pol-060-s2,自由主義：現代リベラリズム（ロールズ）,Liberalism: modern liberalism (Rawls),高校 倫理・公共・大学教養,2,62,check,,True
political-science,政治学,Political Science,29学問,True,political-science-field-06,政治思想,Political Thought,60,True,pol-060-s3,自由主義：リバタリアニズム,Liberalism: libertarianism,高校 倫理・公共・大学教養,2,63,check,,True
political-science,政治学,Political Science,29学問,True,political-science-field-06,政治思想,Political Thought,60,True,pol-061,保守主義,Conservatism,高校 倫理・公共・大学教養,2,70,check,,True
political-science,政治学,Political Science,29学問,True,political-science-field-06,政治思想,Political Thought,60,True,pol-062-s1,社会主義：初期社会主義（空想的社会主義）,Socialism: early (utopian) socialism,高校 倫理・公共・大学教養,2,81,check,,True
political-science,政治学,Political Science,29学問,True,political-science-field-06,政治思想,Political Thought,60,True,pol-062-s2,社会主義：マルクス主義,Socialism: Marxism,高校 倫理・公共・大学教養,2,82,check,,True
political-science,政治学,Political Science,29学問,True,political-science-field-06,政治思想,Political Thought,60,True,pol-063,共和主義,Republicanism,高校 倫理・公共・大学教養,2,90,check,,True
political-science,政治学,Political Science,29学問,True,political-science-field-06,政治思想,Political Thought,60,True,pol-064,功利主義,Utilitarianism,高校 倫理・公共・大学教養,2,100,check,,True
political-science,政治学,Political Science,29学問,True,political-science-field-06,政治思想,Political Thought,60,True,pol-065,民主社会主義,Democratic socialism,高校 倫理・公共・大学教養,2,110,check,,True
political-science,政治学,Political Science,29学問,True,political-science-field-06,政治思想,Political Thought,60,True,pol-066,ナショナリズム,Nationalism,高校 倫理・公共・大学教養,2,120,check,,True
political-science,政治学,Political Science,29学問,True,political-science-field-07,比較政治,Comparative Politics,70,True,pol-067,議院内閣制,Parliamentary system,大学教養,2,10,check,,True
political-science,政治学,Political Science,29学問,True,political-science-field-07,比較政治,Comparative Politics,70,True,pol-068,大統領制,Presidential system,大学教養,2,20,check,,True
political-science,政治学,Political Science,29学問,True,political-science-field-07,比較政治,Comparative Politics,70,True,pol-069,半大統領制,Semi-presidential system,大学教養,2,30,check,,True
political-science,政治学,Political Science,29学問,True,political-science-field-07,比較政治,Comparative Politics,70,True,pol-070,連邦制,Federalism,大学教養,2,40,check,,True
political-science,政治学,Political Science,29学問,True,political-science-field-07,比較政治,Comparative Politics,70,True,pol-071,単一国家,Unitary state,大学教養,2,50,check,,True
political-science,政治学,Political Science,29学問,True,political-science-field-07,比較政治,Comparative Politics,70,True,pol-072,二院制,Bicameralism,大学教養,2,60,check,,True
political-science,政治学,Political Science,29学問,True,political-science-field-07,比較政治,Comparative Politics,70,True,pol-073,政党政治,Party politics,大学教養,2,70,check,,True
political-science,政治学,Political Science,29学問,True,political-science-field-07,比較政治,Comparative Politics,70,True,pol-074,権威主義体制,Authoritarian regimes,大学教養,2,80,check,,True
political-science,政治学,Political Science,29学問,True,political-science-field-07,比較政治,Comparative Politics,70,True,pol-075,全体主義,Totalitarianism,大学教養,2,90,check,,True
political-science,政治学,Political Science,29学問,True,political-science-field-07,比較政治,Comparative Politics,70,True,pol-076,民主化,Democratization,大学教養,2,100,check,,True
political-science,政治学,Political Science,29学問,True,political-science-field-07,比較政治,Comparative Politics,70,True,pol-077,クーデター,Coups d'état,大学教養,2,110,check,,True
political-science,政治学,Political Science,29学問,True,political-science-field-08,公共政策,Public Policy,80,True,pol-078,福祉国家,Welfare state,高校 公共・政治経済・大学教養,2,10,check,,True
political-science,政治学,Political Science,29学問,True,political-science-field-08,公共政策,Public Policy,80,True,pol-079,社会保障政策,Social security policy,高校 公共・政治経済・大学教養,2,20,check,,True
political-science,政治学,Political Science,29学問,True,political-science-field-08,公共政策,Public Policy,80,True,pol-080,教育政策,Education policy,高校 公共・政治経済・大学教養,2,30,check,,True
political-science,政治学,Political Science,29学問,True,political-science-field-08,公共政策,Public Policy,80,True,pol-081,環境政策,Environmental policy,高校 公共・政治経済・大学教養,2,40,check,,True
political-science,政治学,Political Science,29学問,True,political-science-field-08,公共政策,Public Policy,80,True,pol-082,産業政策,Industrial policy,高校 公共・政治経済・大学教養,2,50,check,,True
political-science,政治学,Political Science,29学問,True,political-science-field-08,公共政策,Public Policy,80,True,pol-083,財政政策と政治,Fiscal policy and politics,高校 公共・政治経済・大学教養,2,60,check,,True
political-science,政治学,Political Science,29学問,True,political-science-field-08,公共政策,Public Policy,80,True,pol-084,規制政策,Regulatory policy,高校 公共・政治経済・大学教養,2,70,check,,True
political-science,政治学,Political Science,29学問,True,political-science-field-08,公共政策,Public Policy,80,True,pol-085,地方政策,Local policy,高校 公共・政治経済・大学教養,2,80,check,,True
political-science,政治学,Political Science,29学問,True,political-science-field-09,国際政治,International Politics,90,True,pol-086,国際社会,International society,中学 社会・高校 政治経済・大学教養,2,10,check,,True
political-science,政治学,Political Science,29学問,True,political-science-field-09,国際政治,International Politics,90,True,pol-087-s1,国際法：法源（条約・慣習国際法）,"International law: sources (treaties, customary international law)",中学 社会・高校 政治経済・大学教養,2,21,check,,True
political-science,政治学,Political Science,29学問,True,political-science-field-09,国際政治,International Politics,90,True,pol-087-s2,国際法：紛争の平和的解決,International law: peaceful settlement of disputes,中学 社会・高校 政治経済・大学教養,2,22,check,,True
political-science,政治学,Political Science,29学問,True,political-science-field-09,国際政治,International Politics,90,True,pol-087-s3,国際法：武力行使の禁止と自衛権,International law: prohibition of the use of force and self-defense,中学 社会・高校 政治経済・大学教養,2,23,check,,True
political-science,政治学,Political Science,29学問,True,political-science-field-09,国際政治,International Politics,90,True,pol-088,国際連合,United Nations,中学 社会・高校 政治経済・大学教養,2,30,check,,True
political-science,政治学,Political Science,29学問,True,political-science-field-09,国際政治,International Politics,90,True,pol-089,安全保障理事会,Security Council,中学 社会・高校 政治経済・大学教養,2,40,check,,True
political-science,政治学,Political Science,29学問,True,political-science-field-09,国際政治,International Politics,90,True,pol-090,国際機関,International organizations,中学 社会・高校 政治経済・大学教養,2,50,check,,True
political-science,政治学,Political Science,29学問,True,political-science-field-09,国際政治,International Politics,90,True,pol-091,主権国家体制,Sovereign state system,中学 社会・高校 政治経済・大学教養,2,60,check,,True
political-science,政治学,Political Science,29学問,True,political-science-field-09,国際政治,International Politics,90,True,pol-092,外交,Diplomacy,中学 社会・高校 政治経済・大学教養,2,70,check,,True
political-science,政治学,Political Science,29学問,True,political-science-field-09,国際政治,International Politics,90,True,pol-093,勢力均衡,Balance of power,中学 社会・高校 政治経済・大学教養,2,80,check,,True
political-science,政治学,Political Science,29学問,True,political-science-field-09,国際政治,International Politics,90,True,pol-094,集団安全保障,Collective security,中学 社会・高校 政治経済・大学教養,2,90,check,,True
political-science,政治学,Political Science,29学問,True,political-science-field-09,国際政治,International Politics,90,True,pol-095,同盟,Alliances,中学 社会・高校 政治経済・大学教養,2,100,check,,True
political-science,政治学,Political Science,29学問,True,political-science-field-09,国際政治,International Politics,90,True,pol-096,核抑止,Nuclear deterrence,中学 社会・高校 政治経済・大学教養,2,110,check,,True
political-science,政治学,Political Science,29学問,True,political-science-field-09,国際政治,International Politics,90,True,pol-097,国際協力,International cooperation,中学 社会・高校 政治経済・大学教養,2,120,check,,True
political-science,政治学,Political Science,29学問,True,political-science-field-10,国際政治理論,International Relations Theory,100,True,pol-098-s1,リアリズム：古典的リアリズム,Realism: classical realism,大学教養,2,11,check,,True
political-science,政治学,Political Science,29学問,True,political-science-field-10,国際政治理論,International Relations Theory,100,True,pol-098-s2,リアリズム：ネオリアリズム（構造的リアリズム）,Realism: neorealism (structural realism),大学教養,2,12,check,,True
political-science,政治学,Political Science,29学問,True,political-science-field-10,国際政治理論,International Relations Theory,100,True,pol-099-s1,リベラリズム：相互依存論,Liberalism: interdependence theory,大学教養,2,21,check,,True
political-science,政治学,Political Science,29学問,True,political-science-field-10,国際政治理論,International Relations Theory,100,True,pol-099-s2,リベラリズム：ネオリベラル制度論,Liberalism: neoliberal institutionalism,大学教養,2,22,check,,True
political-science,政治学,Political Science,29学問,True,political-science-field-10,国際政治理論,International Relations Theory,100,True,pol-099-s3,リベラリズム：民主的平和論,Liberalism: democratic peace theory,大学教養,2,23,check,,True
political-science,政治学,Political Science,29学問,True,political-science-field-10,国際政治理論,International Relations Theory,100,True,pol-100,構成主義,Constructivism,大学教養,2,30,check,,True
political-science,政治学,Political Science,29学問,True,political-science-field-10,国際政治理論,International Relations Theory,100,True,pol-101,安全保障のジレンマ,Security dilemma,大学教養,2,40,check,,True
political-science,政治学,Political Science,29学問,True,political-science-field-10,国際政治理論,International Relations Theory,100,True,pol-102,パワー,Power,大学教養,2,50,check,,True
political-science,政治学,Political Science,29学問,True,political-science-field-10,国際政治理論,International Relations Theory,100,True,pol-103,ソフトパワー,Soft power,大学教養,2,60,check,,True
political-science,政治学,Political Science,29学問,True,political-science-field-10,国際政治理論,International Relations Theory,100,True,pol-104,国際レジーム,International regimes,大学教養,2,70,check,,True
political-science,政治学,Political Science,29学問,True,political-science-field-10,国際政治理論,International Relations Theory,100,True,pol-105,グローバル・ガバナンス,Global governance,大学教養,2,80,check,,True
political-science,政治学,Political Science,29学問,True,political-science-field-11,政治と社会,Politics and Society,110,True,pol-106,ジェンダーと政治,Gender and politics,高校 公共・大学教養,2,10,check,,True
political-science,政治学,Political Science,29学問,True,political-science-field-11,政治と社会,Politics and Society,110,True,pol-107,世代と政治,Generations and politics,高校 公共・大学教養,2,20,check,,True
political-science,政治学,Political Science,29学問,True,political-science-field-11,政治と社会,Politics and Society,110,True,pol-108,社会運動,Social movements,高校 公共・大学教養,2,30,check,,True
political-science,政治学,Political Science,29学問,True,political-science-field-11,政治と社会,Politics and Society,110,True,pol-109,市民運動,Citizens' movements,高校 公共・大学教養,2,40,check,,True
political-science,政治学,Political Science,29学問,True,political-science-field-11,政治と社会,Politics and Society,110,True,pol-110,アイデンティティ政治,Identity politics,高校 公共・大学教養,2,50,check,,True
political-science,政治学,Political Science,29学問,True,political-science-field-11,政治と社会,Politics and Society,110,True,pol-111,政治的分極化,Political polarization,高校 公共・大学教養,2,60,check,,True
political-science,政治学,Political Science,29学問,True,political-science-field-11,政治と社会,Politics and Society,110,True,pol-112,フェイクニュース,Fake news,高校 公共・大学教養,2,70,check,,True
political-science,政治学,Political Science,29学問,True,political-science-field-11,政治と社会,Politics and Society,110,True,pol-113,SNSと政治,Social media and politics,高校 公共・大学教養,2,80,check,,True
military-defense,軍事学・防衛学,Military & Defense Studies,29学問,True,military-defense-field-01,軍事学の基礎,Foundations of Military Studies,10,True,mil-001,軍事学とは何か,What is military science?,中学 社会・高校 歴史・大学教養,2,10,check,,True
military-defense,軍事学・防衛学,Military & Defense Studies,29学問,True,military-defense-field-01,軍事学の基礎,Foundations of Military Studies,10,True,mil-002,戦争と武力紛争,War and armed conflict,中学 社会・高校 歴史・大学教養,2,20,check,,True
military-defense,軍事学・防衛学,Military & Defense Studies,29学問,True,military-defense-field-01,軍事学の基礎,Foundations of Military Studies,10,True,mil-003,戦略・作戦・戦術,"Strategy, operations and tactics",中学 社会・高校 歴史・大学教養,2,30,check,,True
military-defense,軍事学・防衛学,Military & Defense Studies,29学問,True,military-defense-field-01,軍事学の基礎,Foundations of Military Studies,10,True,mil-004,軍事力,Military power,中学 社会・高校 歴史・大学教養,2,40,check,,True
military-defense,軍事学・防衛学,Military & Defense Studies,29学問,True,military-defense-field-01,軍事学の基礎,Foundations of Military Studies,10,True,mil-005,抑止,Deterrence,中学 社会・高校 歴史・大学教養,2,50,check,,True
military-defense,軍事学・防衛学,Military & Defense Studies,29学問,True,military-defense-field-01,軍事学の基礎,Foundations of Military Studies,10,True,mil-006,防衛,Defense,中学 社会・高校 歴史・大学教養,2,60,check,,True
military-defense,軍事学・防衛学,Military & Defense Studies,29学問,True,military-defense-field-01,軍事学の基礎,Foundations of Military Studies,10,True,mil-007,安全保障,Security,中学 社会・高校 歴史・大学教養,2,70,check,,True
military-defense,軍事学・防衛学,Military & Defense Studies,29学問,True,military-defense-field-01,軍事学の基礎,Foundations of Military Studies,10,True,mil-008,国家と軍隊,The state and the military,中学 社会・高校 歴史・大学教養,2,80,check,,True
military-defense,軍事学・防衛学,Military & Defense Studies,29学問,True,military-defense-field-02,戦争の歴史,History of War,20,True,mil-009-s1,古代の戦争：ギリシアの重装歩兵とファランクス,Ancient warfare: Greek hoplites and the phalanx,中学 社会・高校 歴史,2,11,check,,True
military-defense,軍事学・防衛学,Military & Defense Studies,29学問,True,military-defense-field-02,戦争の歴史,History of War,20,True,mil-009-s2,古代の戦争：ローマ軍団,Ancient warfare: Roman legions,中学 社会・高校 歴史,2,12,check,,True
military-defense,軍事学・防衛学,Military & Defense Studies,29学問,True,military-defense-field-02,戦争の歴史,History of War,20,True,mil-009-s3,古代の戦争：古代中国の戦争,Ancient warfare: warfare in ancient China,中学 社会・高校 歴史,2,13,check,,True
military-defense,軍事学・防衛学,Military & Defense Studies,29学問,True,military-defense-field-02,戦争の歴史,History of War,20,True,mil-010-s1,中世の戦争：騎士と封建軍制,Medieval warfare: knights and feudal armies,中学 社会・高校 歴史,2,21,check,,True
military-defense,軍事学・防衛学,Military & Defense Studies,29学問,True,military-defense-field-02,戦争の歴史,History of War,20,True,mil-010-s2,中世の戦争：城郭と攻城戦,Medieval warfare: castles and sieges,中学 社会・高校 歴史,2,22,check,,True
military-defense,軍事学・防衛学,Military & Defense Studies,29学問,True,military-defense-field-02,戦争の歴史,History of War,20,True,mil-010-s3,中世の戦争：モンゴルの騎馬軍団,Medieval warfare: Mongol cavalry,中学 社会・高校 歴史,2,23,check,,True
military-defense,軍事学・防衛学,Military & Defense Studies,29学問,True,military-defense-field-02,戦争の歴史,History of War,20,True,mil-011,火器革命,Gunpowder revolution,中学 社会・高校 歴史,2,30,check,,True
military-defense,軍事学・防衛学,Military & Defense Studies,29学問,True,military-defense-field-02,戦争の歴史,History of War,20,True,mil-012,近代常備軍,Modern standing armies,中学 社会・高校 歴史,2,40,check,,True
military-defense,軍事学・防衛学,Military & Defense Studies,29学問,True,military-defense-field-02,戦争の歴史,History of War,20,True,mil-013,ナポレオン戦争,Napoleonic Wars,中学 社会・高校 歴史,2,50,check,,True
military-defense,軍事学・防衛学,Military & Defense Studies,29学問,True,military-defense-field-02,戦争の歴史,History of War,20,True,mil-014,産業化と戦争,Industrialization and war,中学 社会・高校 歴史,2,60,check,,True
military-defense,軍事学・防衛学,Military & Defense Studies,29学問,True,military-defense-field-02,戦争の歴史,History of War,20,True,mil-015,第一次世界大戦,World War I,中学 社会・高校 歴史,2,70,check,,True
military-defense,軍事学・防衛学,Military & Defense Studies,29学問,True,military-defense-field-02,戦争の歴史,History of War,20,True,mil-016-s1,第二次世界大戦：欧州戦線と独ソ戦,World War II: the European theater and the Eastern Front,中学 社会・高校 歴史,2,81,check,,True
military-defense,軍事学・防衛学,Military & Defense Studies,29学問,True,military-defense-field-02,戦争の歴史,History of War,20,True,mil-016-s2,第二次世界大戦：太平洋戦争,World War II: the Pacific War,中学 社会・高校 歴史,2,82,check,,True
military-defense,軍事学・防衛学,Military & Defense Studies,29学問,True,military-defense-field-02,戦争の歴史,History of War,20,True,mil-016-s3,第二次世界大戦：終戦と戦後秩序の形成,World War II: end of the war and the postwar order,中学 社会・高校 歴史,2,83,check,,True
military-defense,軍事学・防衛学,Military & Defense Studies,29学問,True,military-defense-field-02,戦争の歴史,History of War,20,True,mil-017-s1,冷戦：起源と二極構造,Cold War: origins and bipolarity,中学 社会・高校 歴史,2,91,check,,True
military-defense,軍事学・防衛学,Military & Defense Studies,29学問,True,military-defense-field-02,戦争の歴史,History of War,20,True,mil-017-s2,冷戦：代理戦争（朝鮮戦争・ベトナム戦争）,"Cold War: proxy wars (Korea, Vietnam)",中学 社会・高校 歴史,2,92,check,,True
military-defense,軍事学・防衛学,Military & Defense Studies,29学問,True,military-defense-field-02,戦争の歴史,History of War,20,True,mil-017-s3,冷戦：デタントと冷戦の終結,Cold War: détente and the end of the Cold War,中学 社会・高校 歴史,2,93,check,,True
military-defense,軍事学・防衛学,Military & Defense Studies,29学問,True,military-defense-field-02,戦争の歴史,History of War,20,True,mil-018-s1,冷戦後の紛争：湾岸戦争,Post-Cold War conflicts: Gulf War,中学 社会・高校 歴史,2,101,check,,True
military-defense,軍事学・防衛学,Military & Defense Studies,29学問,True,military-defense-field-02,戦争の歴史,History of War,20,True,mil-018-s2,冷戦後の紛争：旧ユーゴスラビア紛争,Post-Cold War conflicts: Yugoslav Wars,中学 社会・高校 歴史,2,102,check,,True
military-defense,軍事学・防衛学,Military & Defense Studies,29学問,True,military-defense-field-02,戦争の歴史,History of War,20,True,mil-018-s3,冷戦後の紛争：対テロ戦争（アフガン・イラク）,"Post-Cold War conflicts: War on Terror (Afghanistan, Iraq)",中学 社会・高校 歴史,2,103,check,,True
military-defense,軍事学・防衛学,Military & Defense Studies,29学問,True,military-defense-field-02,戦争の歴史,History of War,20,True,mil-018-s4,冷戦後の紛争：ロシア・ウクライナ戦争,Post-Cold War conflicts: Russia-Ukraine War,中学 社会・高校 歴史,2,104,check,,True
military-defense,軍事学・防衛学,Military & Defense Studies,29学問,True,military-defense-field-03,戦略論,Strategic Theory,30,True,mil-019,クラウゼヴィッツ,Clausewitz,大学教養,2,10,check,,True
military-defense,軍事学・防衛学,Military & Defense Studies,29学問,True,military-defense-field-03,戦略論,Strategic Theory,30,True,mil-020,戦争の政治的性格,The political nature of war,大学教養,2,20,check,,True
military-defense,軍事学・防衛学,Military & Defense Studies,29学問,True,military-defense-field-03,戦略論,Strategic Theory,30,True,mil-021,孫子,Sun Tzu,大学教養,2,30,check,,True
military-defense,軍事学・防衛学,Military & Defense Studies,29学問,True,military-defense-field-03,戦略論,Strategic Theory,30,True,mil-022,目的と手段,Ends and means,大学教養,2,40,check,,True
military-defense,軍事学・防衛学,Military & Defense Studies,29学問,True,military-defense-field-03,戦略論,Strategic Theory,30,True,mil-023,重心,Center of gravity,大学教養,2,50,check,,True
military-defense,軍事学・防衛学,Military & Defense Studies,29学問,True,military-defense-field-03,戦略論,Strategic Theory,30,True,mil-024,消耗戦,War of attrition,大学教養,2,60,check,,True
military-defense,軍事学・防衛学,Military & Defense Studies,29学問,True,military-defense-field-03,戦略論,Strategic Theory,30,True,mil-025,機動戦,Maneuver warfare,大学教養,2,70,check,,True
military-defense,軍事学・防衛学,Military & Defense Studies,29学問,True,military-defense-field-03,戦略論,Strategic Theory,30,True,mil-026,間接アプローチ,Indirect approach,大学教養,2,80,check,,True
military-defense,軍事学・防衛学,Military & Defense Studies,29学問,True,military-defense-field-03,戦略論,Strategic Theory,30,True,mil-027,限定戦争,Limited war,大学教養,2,90,check,,True
military-defense,軍事学・防衛学,Military & Defense Studies,29学問,True,military-defense-field-03,戦略論,Strategic Theory,30,True,mil-028,総力戦,Total war,大学教養,2,100,check,,True
military-defense,軍事学・防衛学,Military & Defense Studies,29学問,True,military-defense-field-04,陸上戦,Land Warfare,40,True,mil-029,歩兵,Infantry,大学教養,2,10,check,,True
military-defense,軍事学・防衛学,Military & Defense Studies,29学問,True,military-defense-field-04,陸上戦,Land Warfare,40,True,mil-030,機甲,Armor,大学教養,2,20,check,,True
military-defense,軍事学・防衛学,Military & Defense Studies,29学問,True,military-defense-field-04,陸上戦,Land Warfare,40,True,mil-031,砲兵,Artillery,大学教養,2,30,check,,True
military-defense,軍事学・防衛学,Military & Defense Studies,29学問,True,military-defense-field-04,陸上戦,Land Warfare,40,True,mil-032,工兵,Combat engineers,大学教養,2,40,check,,True
military-defense,軍事学・防衛学,Military & Defense Studies,29学問,True,military-defense-field-04,陸上戦,Land Warfare,40,True,mil-033,兵站,Logistics,大学教養,2,50,check,,True
military-defense,軍事学・防衛学,Military & Defense Studies,29学問,True,military-defense-field-04,陸上戦,Land Warfare,40,True,mil-034,諸兵科連合,Combined arms,大学教養,2,60,check,,True
military-defense,軍事学・防衛学,Military & Defense Studies,29学問,True,military-defense-field-04,陸上戦,Land Warfare,40,True,mil-035,地形と陸戦,Terrain and land warfare,大学教養,2,70,check,,True
military-defense,軍事学・防衛学,Military & Defense Studies,29学問,True,military-defense-field-04,陸上戦,Land Warfare,40,True,mil-036,市街戦,Urban warfare,大学教養,2,80,check,,True
military-defense,軍事学・防衛学,Military & Defense Studies,29学問,True,military-defense-field-05,海洋戦,Naval Warfare,50,True,mil-037,海軍力,Naval power,大学教養,2,10,check,,True
military-defense,軍事学・防衛学,Military & Defense Studies,29学問,True,military-defense-field-05,海洋戦,Naval Warfare,50,True,mil-038,制海権,Command of the sea,大学教養,2,20,check,,True
military-defense,軍事学・防衛学,Military & Defense Studies,29学問,True,military-defense-field-05,海洋戦,Naval Warfare,50,True,mil-039,海上交通路,Sea lines of communication,大学教養,2,30,check,,True
military-defense,軍事学・防衛学,Military & Defense Studies,29学問,True,military-defense-field-05,海洋戦,Naval Warfare,50,True,mil-040,艦隊,Fleets,大学教養,2,40,check,,True
military-defense,軍事学・防衛学,Military & Defense Studies,29学問,True,military-defense-field-05,海洋戦,Naval Warfare,50,True,mil-041,潜水艦,Submarines,大学教養,2,50,check,,True
military-defense,軍事学・防衛学,Military & Defense Studies,29学問,True,military-defense-field-05,海洋戦,Naval Warfare,50,True,mil-042,空母,Aircraft carriers,大学教養,2,60,check,,True
military-defense,軍事学・防衛学,Military & Defense Studies,29学問,True,military-defense-field-05,海洋戦,Naval Warfare,50,True,mil-043,海上封鎖,Naval blockade,大学教養,2,70,check,,True
military-defense,軍事学・防衛学,Military & Defense Studies,29学問,True,military-defense-field-05,海洋戦,Naval Warfare,50,True,mil-044,海洋戦略,Maritime strategy,大学教養,2,80,check,,True
military-defense,軍事学・防衛学,Military & Defense Studies,29学問,True,military-defense-field-06,航空・宇宙,Air and Space,60,True,mil-045,航空優勢,Air superiority,大学教養,2,10,check,,True
military-defense,軍事学・防衛学,Military & Defense Studies,29学問,True,military-defense-field-06,航空・宇宙,Air and Space,60,True,mil-046,戦略爆撃,Strategic bombing,大学教養,2,20,check,,True
military-defense,軍事学・防衛学,Military & Defense Studies,29学問,True,military-defense-field-06,航空・宇宙,Air and Space,60,True,mil-047,航空支援,Air support,大学教養,2,30,check,,True
military-defense,軍事学・防衛学,Military & Defense Studies,29学問,True,military-defense-field-06,航空・宇宙,Air and Space,60,True,mil-048,防空,Air defense,大学教養,2,40,check,,True
military-defense,軍事学・防衛学,Military & Defense Studies,29学問,True,military-defense-field-06,航空・宇宙,Air and Space,60,True,mil-049,ミサイル,Missiles,大学教養,2,50,check,,True
military-defense,軍事学・防衛学,Military & Defense Studies,29学問,True,military-defense-field-06,航空・宇宙,Air and Space,60,True,mil-050,宇宙利用,Use of space,大学教養,2,60,check,,True
military-defense,軍事学・防衛学,Military & Defense Studies,29学問,True,military-defense-field-06,航空・宇宙,Air and Space,60,True,mil-051,衛星と軍事,Satellites and the military,大学教養,2,70,check,,True
military-defense,軍事学・防衛学,Military & Defense Studies,29学問,True,military-defense-field-07,情報・サイバー,Intelligence and Cyber,70,True,mil-052,情報戦,Information warfare,高校 情報・大学教養,2,10,check,,True
military-defense,軍事学・防衛学,Military & Defense Studies,29学問,True,military-defense-field-07,情報・サイバー,Intelligence and Cyber,70,True,mil-053,諜報,Espionage,高校 情報・大学教養,2,20,check,,True
military-defense,軍事学・防衛学,Military & Defense Studies,29学問,True,military-defense-field-07,情報・サイバー,Intelligence and Cyber,70,True,mil-054,防諜,Counterintelligence,高校 情報・大学教養,2,30,check,,True
military-defense,軍事学・防衛学,Military & Defense Studies,29学問,True,military-defense-field-07,情報・サイバー,Intelligence and Cyber,70,True,mil-055,電子戦,Electronic warfare,高校 情報・大学教養,2,40,check,,True
military-defense,軍事学・防衛学,Military & Defense Studies,29学問,True,military-defense-field-07,情報・サイバー,Intelligence and Cyber,70,True,mil-056,サイバー攻撃,Cyberattacks,高校 情報・大学教養,2,50,check,,True
military-defense,軍事学・防衛学,Military & Defense Studies,29学問,True,military-defense-field-07,情報・サイバー,Intelligence and Cyber,70,True,mil-057,サイバー防御,Cyber defense,高校 情報・大学教養,2,60,check,,True
military-defense,軍事学・防衛学,Military & Defense Studies,29学問,True,military-defense-field-07,情報・サイバー,Intelligence and Cyber,70,True,mil-058,認知戦,Cognitive warfare,高校 情報・大学教養,2,70,check,,True
military-defense,軍事学・防衛学,Military & Defense Studies,29学問,True,military-defense-field-07,情報・サイバー,Intelligence and Cyber,70,True,mil-059,偽情報,Disinformation,高校 情報・大学教養,2,80,check,,True
military-defense,軍事学・防衛学,Military & Defense Studies,29学問,True,military-defense-field-08,核戦略,Nuclear Strategy,80,True,mil-060,核兵器,Nuclear weapons,高校 政治経済・大学教養,2,10,check,,True
military-defense,軍事学・防衛学,Military & Defense Studies,29学問,True,military-defense-field-08,核戦略,Nuclear Strategy,80,True,mil-061,核抑止,Nuclear deterrence,高校 政治経済・大学教養,2,20,check,,True
military-defense,軍事学・防衛学,Military & Defense Studies,29学問,True,military-defense-field-08,核戦略,Nuclear Strategy,80,True,mil-062,相互確証破壊,Mutually assured destruction,高校 政治経済・大学教養,2,30,check,,True
military-defense,軍事学・防衛学,Military & Defense Studies,29学問,True,military-defense-field-08,核戦略,Nuclear Strategy,80,True,mil-063,核拡散,Nuclear proliferation,高校 政治経済・大学教養,2,40,check,,True
military-defense,軍事学・防衛学,Military & Defense Studies,29学問,True,military-defense-field-08,核戦略,Nuclear Strategy,80,True,mil-064,核不拡散条約,Nuclear Non-Proliferation Treaty,高校 政治経済・大学教養,2,50,check,,True
military-defense,軍事学・防衛学,Military & Defense Studies,29学問,True,military-defense-field-08,核戦略,Nuclear Strategy,80,True,mil-065,軍備管理,Arms control,高校 政治経済・大学教養,2,60,check,,True
military-defense,軍事学・防衛学,Military & Defense Studies,29学問,True,military-defense-field-08,核戦略,Nuclear Strategy,80,True,mil-066,核軍縮,Nuclear disarmament,高校 政治経済・大学教養,2,70,check,,True
military-defense,軍事学・防衛学,Military & Defense Studies,29学問,True,military-defense-field-09,国際安全保障,International Security,90,True,mil-067,集団安全保障,Collective security,高校 政治経済・大学教養,2,10,check,,True
military-defense,軍事学・防衛学,Military & Defense Studies,29学問,True,military-defense-field-09,国際安全保障,International Security,90,True,mil-068,同盟,Alliances,高校 政治経済・大学教養,2,20,check,,True
military-defense,軍事学・防衛学,Military & Defense Studies,29学問,True,military-defense-field-09,国際安全保障,International Security,90,True,mil-069,国連PKO,UN peacekeeping operations,高校 政治経済・大学教養,2,30,check,,True
military-defense,軍事学・防衛学,Military & Defense Studies,29学問,True,military-defense-field-09,国際安全保障,International Security,90,True,mil-070,平和維持,Peacekeeping,高校 政治経済・大学教養,2,40,check,,True
military-defense,軍事学・防衛学,Military & Defense Studies,29学問,True,military-defense-field-09,国際安全保障,International Security,90,True,mil-071,人道的介入,Humanitarian intervention,高校 政治経済・大学教養,2,50,check,,True
military-defense,軍事学・防衛学,Military & Defense Studies,29学問,True,military-defense-field-09,国際安全保障,International Security,90,True,mil-072,テロリズム,Terrorism,高校 政治経済・大学教養,2,60,check,,True
military-defense,軍事学・防衛学,Military & Defense Studies,29学問,True,military-defense-field-09,国際安全保障,International Security,90,True,mil-073,非国家主体,Non-state actors,高校 政治経済・大学教養,2,70,check,,True
military-defense,軍事学・防衛学,Military & Defense Studies,29学問,True,military-defense-field-09,国際安全保障,International Security,90,True,mil-074,ハイブリッド戦,Hybrid warfare,高校 政治経済・大学教養,2,80,check,,True
military-defense,軍事学・防衛学,Military & Defense Studies,29学問,True,military-defense-field-10,日本の防衛,Defense of Japan,100,True,mil-075,日本国憲法と安全保障,The Constitution of Japan and security,中学 社会公民・高校 政治経済・大学教養,2,10,check,,True
military-defense,軍事学・防衛学,Military & Defense Studies,29学問,True,military-defense-field-10,日本の防衛,Defense of Japan,100,True,mil-076,自衛隊,Self-Defense Forces,中学 社会公民・高校 政治経済・大学教養,2,20,check,,True
military-defense,軍事学・防衛学,Military & Defense Studies,29学問,True,military-defense-field-10,日本の防衛,Defense of Japan,100,True,mil-077,文民統制,Civilian control,中学 社会公民・高校 政治経済・大学教養,2,30,check,,True
military-defense,軍事学・防衛学,Military & Defense Studies,29学問,True,military-defense-field-10,日本の防衛,Defense of Japan,100,True,mil-078,防衛政策,Defense policy,中学 社会公民・高校 政治経済・大学教養,2,40,check,,True
military-defense,軍事学・防衛学,Military & Defense Studies,29学問,True,military-defense-field-10,日本の防衛,Defense of Japan,100,True,mil-079,日米安全保障体制,Japan-US security arrangements,中学 社会公民・高校 政治経済・大学教養,2,50,check,,True
military-defense,軍事学・防衛学,Military & Defense Studies,29学問,True,military-defense-field-10,日本の防衛,Defense of Japan,100,True,mil-080,災害派遣,Disaster relief dispatch,中学 社会公民・高校 政治経済・大学教養,2,60,check,,True
military-defense,軍事学・防衛学,Military & Defense Studies,29学問,True,military-defense-field-10,日本の防衛,Defense of Japan,100,True,mil-081,国際平和協力,International peace cooperation,中学 社会公民・高校 政治経済・大学教養,2,70,check,,True
military-defense,軍事学・防衛学,Military & Defense Studies,29学問,True,military-defense-field-11,軍事組織,Military Organization,110,True,mil-082,指揮統制,Command and control,大学教養,2,10,check,,True
military-defense,軍事学・防衛学,Military & Defense Studies,29学問,True,military-defense-field-11,軍事組織,Military Organization,110,True,mil-083,参謀組織,Staff organization,大学教養,2,20,check,,True
military-defense,軍事学・防衛学,Military & Defense Studies,29学問,True,military-defense-field-11,軍事組織,Military Organization,110,True,mil-084,軍事ドクトリン,Military doctrine,大学教養,2,30,check,,True
military-defense,軍事学・防衛学,Military & Defense Studies,29学問,True,military-defense-field-11,軍事組織,Military Organization,110,True,mil-085,教育訓練,Education and training,大学教養,2,40,check,,True
military-defense,軍事学・防衛学,Military & Defense Studies,29学問,True,military-defense-field-11,軍事組織,Military Organization,110,True,mil-086,士気,Morale,大学教養,2,50,check,,True
military-defense,軍事学・防衛学,Military & Defense Studies,29学問,True,military-defense-field-11,軍事組織,Military Organization,110,True,mil-087,規律,Discipline,大学教養,2,60,check,,True
military-defense,軍事学・防衛学,Military & Defense Studies,29学問,True,military-defense-field-11,軍事組織,Military Organization,110,True,mil-088,組織文化,Organizational culture,大学教養,2,70,check,,True
military-defense,軍事学・防衛学,Military & Defense Studies,29学問,True,military-defense-field-11,軍事組織,Military Organization,110,True,mil-089,シビリアンコントロール,Civilian control of the military,大学教養,2,80,check,,True
military-defense,軍事学・防衛学,Military & Defense Studies,29学問,True,military-defense-field-12,兵站,Military Logistics,120,True,mil-090,補給,Supply,大学教養,2,10,check,,True
military-defense,軍事学・防衛学,Military & Defense Studies,29学問,True,military-defense-field-12,兵站,Military Logistics,120,True,mil-091,輸送,Transportation,大学教養,2,20,check,,True
military-defense,軍事学・防衛学,Military & Defense Studies,29学問,True,military-defense-field-12,兵站,Military Logistics,120,True,mil-092,整備,Maintenance,大学教養,2,30,check,,True
military-defense,軍事学・防衛学,Military & Defense Studies,29学問,True,military-defense-field-12,兵站,Military Logistics,120,True,mil-093,衛生,Military medicine,大学教養,2,40,check,,True
military-defense,軍事学・防衛学,Military & Defense Studies,29学問,True,military-defense-field-12,兵站,Military Logistics,120,True,mil-094,動員,Mobilization,大学教養,2,50,check,,True
military-defense,軍事学・防衛学,Military & Defense Studies,29学問,True,military-defense-field-12,兵站,Military Logistics,120,True,mil-095,継戦能力,Sustainability of operations,大学教養,2,60,check,,True
military-defense,軍事学・防衛学,Military & Defense Studies,29学問,True,military-defense-field-12,兵站,Military Logistics,120,True,mil-096,サプライチェーン,Supply chains,大学教養,2,70,check,,True
military-defense,軍事学・防衛学,Military & Defense Studies,29学問,True,military-defense-field-13,軍事技術,Military Technology,130,True,mil-097,火器,Firearms,中学 技術・高校 情報・大学教養,2,10,check,,True
military-defense,軍事学・防衛学,Military & Defense Studies,29学問,True,military-defense-field-13,軍事技術,Military Technology,130,True,mil-098,装甲,Armor,中学 技術・高校 情報・大学教養,2,20,check,,True
military-defense,軍事学・防衛学,Military & Defense Studies,29学問,True,military-defense-field-13,軍事技術,Military Technology,130,True,mil-099,レーダー,Radar,中学 技術・高校 情報・大学教養,2,30,check,,True
military-defense,軍事学・防衛学,Military & Defense Studies,29学問,True,military-defense-field-13,軍事技術,Military Technology,130,True,mil-100,誘導兵器,Guided weapons,中学 技術・高校 情報・大学教養,2,40,check,,True
military-defense,軍事学・防衛学,Military & Defense Studies,29学問,True,military-defense-field-13,軍事技術,Military Technology,130,True,mil-101,無人機,Drones,中学 技術・高校 情報・大学教養,2,50,check,,True
military-defense,軍事学・防衛学,Military & Defense Studies,29学問,True,military-defense-field-13,軍事技術,Military Technology,130,True,mil-102,AIと軍事,AI and the military,中学 技術・高校 情報・大学教養,2,60,check,,True
military-defense,軍事学・防衛学,Military & Defense Studies,29学問,True,military-defense-field-13,軍事技術,Military Technology,130,True,mil-103,自律兵器,Autonomous weapons,中学 技術・高校 情報・大学教養,2,70,check,,True
military-defense,軍事学・防衛学,Military & Defense Studies,29学問,True,military-defense-field-14,戦争法・倫理,Law and Ethics of War,140,True,mil-104,国際人道法,International humanitarian law,高校 公共・大学教養,2,10,check,,True
military-defense,軍事学・防衛学,Military & Defense Studies,29学問,True,military-defense-field-14,戦争法・倫理,Law and Ethics of War,140,True,mil-105,戦闘員と民間人,Combatants and civilians,高校 公共・大学教養,2,20,check,,True
military-defense,軍事学・防衛学,Military & Defense Studies,29学問,True,military-defense-field-14,戦争法・倫理,Law and Ethics of War,140,True,mil-106,比例原則,Principle of proportionality,高校 公共・大学教養,2,30,check,,True
military-defense,軍事学・防衛学,Military & Defense Studies,29学問,True,military-defense-field-14,戦争法・倫理,Law and Ethics of War,140,True,mil-107,軍事目標,Military objectives,高校 公共・大学教養,2,40,check,,True
military-defense,軍事学・防衛学,Military & Defense Studies,29学問,True,military-defense-field-14,戦争法・倫理,Law and Ethics of War,140,True,mil-108,捕虜,Prisoners of war,高校 公共・大学教養,2,50,check,,True
military-defense,軍事学・防衛学,Military & Defense Studies,29学問,True,military-defense-field-14,戦争法・倫理,Law and Ethics of War,140,True,mil-109,戦争犯罪,War crimes,高校 公共・大学教養,2,60,check,,True
military-defense,軍事学・防衛学,Military & Defense Studies,29学問,True,military-defense-field-14,戦争法・倫理,Law and Ethics of War,140,True,mil-110,正戦論,Just war theory,高校 公共・大学教養,2,70,check,,True
military-defense,軍事学・防衛学,Military & Defense Studies,29学問,True,military-defense-field-14,戦争法・倫理,Law and Ethics of War,140,True,mil-111,軍事倫理,Military ethics,高校 公共・大学教養,2,80,check,,True
military-defense,軍事学・防衛学,Military & Defense Studies,29学問,True,military-defense-field-15,危機管理,Crisis Management,150,True,mil-112,危機管理とは何か,What is crisis management?,高校 公共・大学教養,2,10,check,,True
military-defense,軍事学・防衛学,Military & Defense Studies,29学問,True,military-defense-field-15,危機管理,Crisis Management,150,True,mil-113,民間防衛,Civil defense,高校 公共・大学教養,2,20,check,,True
military-defense,軍事学・防衛学,Military & Defense Studies,29学問,True,military-defense-field-15,危機管理,Crisis Management,150,True,mil-114,災害対応,Disaster response,高校 公共・大学教養,2,30,check,,True
military-defense,軍事学・防衛学,Military & Defense Studies,29学問,True,military-defense-field-15,危機管理,Crisis Management,150,True,mil-115,重要インフラ防護,Critical infrastructure protection,高校 公共・大学教養,2,40,check,,True
military-defense,軍事学・防衛学,Military & Defense Studies,29学問,True,military-defense-field-15,危機管理,Crisis Management,150,True,mil-116,レジリエンス,Resilience,高校 公共・大学教養,2,50,check,,True
military-defense,軍事学・防衛学,Military & Defense Studies,29学問,True,military-defense-field-15,危機管理,Crisis Management,150,True,mil-117,避難と保護,Evacuation and protection,高校 公共・大学教養,2,60,check,,True
law,法学,Law,29学問,True,law-field-01,法の基礎,Foundations of Law,10,True,law-001,法とは何か,What is law?,中学 社会公民・高校 公共,2,10,check,,True
law,法学,Law,29学問,True,law-field-01,法の基礎,Foundations of Law,10,True,law-002,法と道徳,Law and morality,中学 社会公民・高校 公共,2,20,check,,True
law,法学,Law,29学問,True,law-field-01,法の基礎,Foundations of Law,10,True,law-003,法の支配,Rule of law,中学 社会公民・高校 公共,2,30,check,,True
law,法学,Law,29学問,True,law-field-01,法の基礎,Foundations of Law,10,True,law-004,法治主義,Legalism (Rechtsstaat),中学 社会公民・高校 公共,2,40,check,,True
law,法学,Law,29学問,True,law-field-01,法の基礎,Foundations of Law,10,True,law-005,成文法と不文法,Written and unwritten law,中学 社会公民・高校 公共,2,50,check,,True
law,法学,Law,29学問,True,law-field-01,法の基礎,Foundations of Law,10,True,law-006,公法と私法,Public law and private law,中学 社会公民・高校 公共,2,60,check,,True
law,法学,Law,29学問,True,law-field-01,法の基礎,Foundations of Law,10,True,law-007,実体法と手続法,Substantive law and procedural law,中学 社会公民・高校 公共,2,70,check,,True
law,法学,Law,29学問,True,law-field-01,法の基礎,Foundations of Law,10,True,law-008,法源,Sources of law,中学 社会公民・高校 公共,2,80,check,,True
law,法学,Law,29学問,True,law-field-01,法の基礎,Foundations of Law,10,True,law-009,法解釈,Legal interpretation,中学 社会公民・高校 公共,2,90,check,,True
law,法学,Law,29学問,True,law-field-02,憲法,Constitutional Law,20,True,law-010,日本国憲法,Constitution of Japan,中学 社会公民・高校 公共・政治経済,2,10,check,,True
law,法学,Law,29学問,True,law-field-02,憲法,Constitutional Law,20,True,law-011,国民主権,Popular sovereignty,中学 社会公民・高校 公共・政治経済,2,20,check,,True
law,法学,Law,29学問,True,law-field-02,憲法,Constitutional Law,20,True,law-012,基本的人権,Fundamental human rights,中学 社会公民・高校 公共・政治経済,2,30,check,,True
law,法学,Law,29学問,True,law-field-02,憲法,Constitutional Law,20,True,law-013,平等権,Right to equality,中学 社会公民・高校 公共・政治経済,2,40,check,,True
law,法学,Law,29学問,True,law-field-02,憲法,Constitutional Law,20,True,law-014-s1,自由権：精神的自由,Liberty rights: freedom of mind and expression,中学 社会公民・高校 公共・政治経済,2,51,check,,True
law,法学,Law,29学問,True,law-field-02,憲法,Constitutional Law,20,True,law-014-s2,自由権：経済的自由,Liberty rights: economic freedom,中学 社会公民・高校 公共・政治経済,2,52,check,,True
law,法学,Law,29学問,True,law-field-02,憲法,Constitutional Law,20,True,law-014-s3,自由権：人身の自由,Liberty rights: personal liberty,中学 社会公民・高校 公共・政治経済,2,53,check,,True
law,法学,Law,29学問,True,law-field-02,憲法,Constitutional Law,20,True,law-015-s1,社会権：生存権,Social rights: right to life (minimum standard of living),中学 社会公民・高校 公共・政治経済,2,61,check,,True
law,法学,Law,29学問,True,law-field-02,憲法,Constitutional Law,20,True,law-015-s2,社会権：教育を受ける権利,Social rights: right to education,中学 社会公民・高校 公共・政治経済,2,62,check,,True
law,法学,Law,29学問,True,law-field-02,憲法,Constitutional Law,20,True,law-015-s3,社会権：勤労の権利と労働基本権,Social rights: right to work and basic labor rights,中学 社会公民・高校 公共・政治経済,2,63,check,,True
law,法学,Law,29学問,True,law-field-02,憲法,Constitutional Law,20,True,law-016,参政権,Political rights,中学 社会公民・高校 公共・政治経済,2,70,check,,True
law,法学,Law,29学問,True,law-field-02,憲法,Constitutional Law,20,True,law-017,請求権,Rights to claim (redress),中学 社会公民・高校 公共・政治経済,2,80,check,,True
law,法学,Law,29学問,True,law-field-02,憲法,Constitutional Law,20,True,law-018,新しい人権,New human rights,中学 社会公民・高校 公共・政治経済,2,90,check,,True
law,法学,Law,29学問,True,law-field-02,憲法,Constitutional Law,20,True,law-019,公共の福祉,Public welfare,中学 社会公民・高校 公共・政治経済,2,100,check,,True
law,法学,Law,29学問,True,law-field-02,憲法,Constitutional Law,20,True,law-020,象徴天皇制,Symbolic emperor system,中学 社会公民・高校 公共・政治経済,2,110,check,,True
law,法学,Law,29学問,True,law-field-02,憲法,Constitutional Law,20,True,law-021,平和主義,Pacifism,中学 社会公民・高校 公共・政治経済,2,120,check,,True
law,法学,Law,29学問,True,law-field-02,憲法,Constitutional Law,20,True,law-022,国会,The Diet,中学 社会公民・高校 公共・政治経済,2,130,check,,True
law,法学,Law,29学問,True,law-field-02,憲法,Constitutional Law,20,True,law-023,内閣,The Cabinet,中学 社会公民・高校 公共・政治経済,2,140,check,,True
law,法学,Law,29学問,True,law-field-02,憲法,Constitutional Law,20,True,law-024,司法,The judiciary,中学 社会公民・高校 公共・政治経済,2,150,check,,True
law,法学,Law,29学問,True,law-field-02,憲法,Constitutional Law,20,True,law-025,地方自治,Local self-government,中学 社会公民・高校 公共・政治経済,2,160,check,,True
law,法学,Law,29学問,True,law-field-02,憲法,Constitutional Law,20,True,law-026,違憲審査制,Judicial review,中学 社会公民・高校 公共・政治経済,2,170,check,,True
law,法学,Law,29学問,True,law-field-03,民法総則,Civil Law: General Provisions,30,True,law-027,私的自治,Private autonomy,高校 公共・商業 ビジネス法規・大学教養,2,10,check,,True
law,法学,Law,29学問,True,law-field-03,民法総則,Civil Law: General Provisions,30,True,law-028,権利能力,Legal capacity,高校 公共・商業 ビジネス法規・大学教養,2,20,check,,True
law,法学,Law,29学問,True,law-field-03,民法総則,Civil Law: General Provisions,30,True,law-029,意思能力,Mental capacity,高校 公共・商業 ビジネス法規・大学教養,2,30,check,,True
law,法学,Law,29学問,True,law-field-03,民法総則,Civil Law: General Provisions,30,True,law-030,行為能力,Capacity to act,高校 公共・商業 ビジネス法規・大学教養,2,40,check,,True
law,法学,Law,29学問,True,law-field-03,民法総則,Civil Law: General Provisions,30,True,law-031,法律行為,Juristic acts,高校 公共・商業 ビジネス法規・大学教養,2,50,check,,True
law,法学,Law,29学問,True,law-field-03,民法総則,Civil Law: General Provisions,30,True,law-032,意思表示,Declaration of intention,高校 公共・商業 ビジネス法規・大学教養,2,60,check,,True
law,法学,Law,29学問,True,law-field-03,民法総則,Civil Law: General Provisions,30,True,law-033,代理,Agency,高校 公共・商業 ビジネス法規・大学教養,2,70,check,,True
law,法学,Law,29学問,True,law-field-03,民法総則,Civil Law: General Provisions,30,True,law-034,時効,Prescription,高校 公共・商業 ビジネス法規・大学教養,2,80,check,,True
law,法学,Law,29学問,True,law-field-04,物権法,Property Law,40,True,law-035,所有権,Ownership,商業 ビジネス法規・大学教養,2,10,check,,True
law,法学,Law,29学問,True,law-field-04,物権法,Property Law,40,True,law-036,占有,Possession,商業 ビジネス法規・大学教養,2,20,check,,True
law,法学,Law,29学問,True,law-field-04,物権法,Property Law,40,True,law-037,物権変動,Changes in real rights,商業 ビジネス法規・大学教養,2,30,check,,True
law,法学,Law,29学問,True,law-field-04,物権法,Property Law,40,True,law-038-s1,担保物権：留置権・先取特権（法定担保物権）,Security interests: right of retention and statutory liens,商業 ビジネス法規・大学教養,2,41,check,,True
law,法学,Law,29学問,True,law-field-04,物権法,Property Law,40,True,law-038-s2,担保物権：質権,Security interests: pledges,商業 ビジネス法規・大学教養,2,42,check,,True
law,法学,Law,29学問,True,law-field-04,物権法,Property Law,40,True,law-038-s3,担保物権：譲渡担保などの非典型担保,Security interests: atypical security such as security by assignment,商業 ビジネス法規・大学教養,2,43,check,,True
law,法学,Law,29学問,True,law-field-04,物権法,Property Law,40,True,law-039,抵当権,Mortgages,商業 ビジネス法規・大学教養,2,50,check,,True
law,法学,Law,29学問,True,law-field-05,債権法,Law of Obligations,50,True,law-040,契約,Contracts,商業 ビジネス法規・大学教養,2,10,check,,True
law,法学,Law,29学問,True,law-field-05,債権法,Law of Obligations,50,True,law-041,契約自由の原則,Freedom of contract,商業 ビジネス法規・大学教養,2,20,check,,True
law,法学,Law,29学問,True,law-field-05,債権法,Law of Obligations,50,True,law-042,売買,Sale,商業 ビジネス法規・大学教養,2,30,check,,True
law,法学,Law,29学問,True,law-field-05,債権法,Law of Obligations,50,True,law-043,賃貸借,Lease,商業 ビジネス法規・大学教養,2,40,check,,True
law,法学,Law,29学問,True,law-field-05,債権法,Law of Obligations,50,True,law-044,請負,Contract for work,商業 ビジネス法規・大学教養,2,50,check,,True
law,法学,Law,29学問,True,law-field-05,債権法,Law of Obligations,50,True,law-045,委任,Mandate,商業 ビジネス法規・大学教養,2,60,check,,True
law,法学,Law,29学問,True,law-field-05,債権法,Law of Obligations,50,True,law-046,債務不履行,Non-performance of obligations,商業 ビジネス法規・大学教養,2,70,check,,True
law,法学,Law,29学問,True,law-field-05,債権法,Law of Obligations,50,True,law-047,損害賠償,Compensation for damages,商業 ビジネス法規・大学教養,2,80,check,,True
law,法学,Law,29学問,True,law-field-05,債権法,Law of Obligations,50,True,law-048-s1,不法行為：一般不法行為の成立要件,Torts: requirements for general torts,商業 ビジネス法規・大学教養,2,91,check,,True
law,法学,Law,29学問,True,law-field-05,債権法,Law of Obligations,50,True,law-048-s2,不法行為：特殊的不法行為（使用者責任・工作物責任など）,"Torts: special torts (employer liability, structure liability, etc.)",商業 ビジネス法規・大学教養,2,92,check,,True
law,法学,Law,29学問,True,law-field-05,債権法,Law of Obligations,50,True,law-048-s3,不法行為：共同不法行為,Torts: joint torts,商業 ビジネス法規・大学教養,2,93,check,,True
law,法学,Law,29学問,True,law-field-06,家族法,Family Law,60,True,law-049,婚姻,Marriage,高校 公共・家庭・大学教養,2,10,check,,True
law,法学,Law,29学問,True,law-field-06,家族法,Family Law,60,True,law-050,離婚,Divorce,高校 公共・家庭・大学教養,2,20,check,,True
law,法学,Law,29学問,True,law-field-06,家族法,Family Law,60,True,law-051,親子,Parent and child,高校 公共・家庭・大学教養,2,30,check,,True
law,法学,Law,29学問,True,law-field-06,家族法,Family Law,60,True,law-052,親権,Parental authority,高校 公共・家庭・大学教養,2,40,check,,True
law,法学,Law,29学問,True,law-field-06,家族法,Family Law,60,True,law-053-s1,相続：相続人と法定相続分,Inheritance: heirs and statutory shares,高校 公共・家庭・大学教養,2,51,check,,True
law,法学,Law,29学問,True,law-field-06,家族法,Family Law,60,True,law-053-s2,相続：遺産分割,Inheritance: division of estate,高校 公共・家庭・大学教養,2,52,check,,True
law,法学,Law,29学問,True,law-field-06,家族法,Family Law,60,True,law-053-s3,相続：相続放棄と限定承認,Inheritance: renunciation and qualified acceptance,高校 公共・家庭・大学教養,2,53,check,,True
law,法学,Law,29学問,True,law-field-06,家族法,Family Law,60,True,law-053-s4,相続：遺留分,Inheritance: legally reserved portion,高校 公共・家庭・大学教養,2,54,check,,True
law,法学,Law,29学問,True,law-field-06,家族法,Family Law,60,True,law-054,遺言,Wills,高校 公共・家庭・大学教養,2,60,check,,True
law,法学,Law,29学問,True,law-field-07,会社法,Company Law,70,True,law-055,会社とは何か,What is a company?,商業 ビジネス法規・大学教養,2,10,check,,True
law,法学,Law,29学問,True,law-field-07,会社法,Company Law,70,True,law-056,株式会社,Stock companies,商業 ビジネス法規・大学教養,2,20,check,,True
law,法学,Law,29学問,True,law-field-07,会社法,Company Law,70,True,law-057,株主,Shareholders,商業 ビジネス法規・大学教養,2,30,check,,True
law,法学,Law,29学問,True,law-field-07,会社法,Company Law,70,True,law-058,取締役,Directors,商業 ビジネス法規・大学教養,2,40,check,,True
law,法学,Law,29学問,True,law-field-07,会社法,Company Law,70,True,law-059,株主総会,Shareholders' meetings,商業 ビジネス法規・大学教養,2,50,check,,True
law,法学,Law,29学問,True,law-field-07,会社法,Company Law,70,True,law-060,会社設立,Company formation,商業 ビジネス法規・大学教養,2,60,check,,True
law,法学,Law,29学問,True,law-field-07,会社法,Company Law,70,True,law-061,企業統治,Corporate governance,商業 ビジネス法規・大学教養,2,70,check,,True
law,法学,Law,29学問,True,law-field-08,商法・取引法,Commercial and Transaction Law,80,True,law-062,商取引,Commercial transactions,商業 ビジネス法規,2,10,check,,True
law,法学,Law,29学問,True,law-field-08,商法・取引法,Commercial and Transaction Law,80,True,law-063-s1,手形・小切手：約束手形,Bills and checks: promissory notes,商業 ビジネス法規,2,21,check,,True
law,法学,Law,29学問,True,law-field-08,商法・取引法,Commercial and Transaction Law,80,True,law-063-s2,手形・小切手：為替手形,Bills and checks: bills of exchange,商業 ビジネス法規,2,22,check,,True
law,法学,Law,29学問,True,law-field-08,商法・取引法,Commercial and Transaction Law,80,True,law-063-s3,手形・小切手：小切手,Bills and checks: checks,商業 ビジネス法規,2,23,check,,True
law,法学,Law,29学問,True,law-field-08,商法・取引法,Commercial and Transaction Law,80,True,law-064,電子商取引,E-commerce,商業 ビジネス法規,2,30,check,,True
law,法学,Law,29学問,True,law-field-08,商法・取引法,Commercial and Transaction Law,80,True,law-065,消費者契約,Consumer contracts,商業 ビジネス法規,2,40,check,,True
law,法学,Law,29学問,True,law-field-08,商法・取引法,Commercial and Transaction Law,80,True,law-066,製造物責任,Product liability,商業 ビジネス法規,2,50,check,,True
law,法学,Law,29学問,True,law-field-09,労働法,Labor Law,90,True,law-067,労働基本権,Basic labor rights,中学 公民・高校 公共・政治経済,2,10,check,,True
law,法学,Law,29学問,True,law-field-09,労働法,Labor Law,90,True,law-068,労働契約,Employment contracts,中学 公民・高校 公共・政治経済,2,20,check,,True
law,法学,Law,29学問,True,law-field-09,労働法,Labor Law,90,True,law-069,労働基準法,Labor Standards Act,中学 公民・高校 公共・政治経済,2,30,check,,True
law,法学,Law,29学問,True,law-field-09,労働法,Labor Law,90,True,law-070,最低賃金,Minimum wage,中学 公民・高校 公共・政治経済,2,40,check,,True
law,法学,Law,29学問,True,law-field-09,労働法,Labor Law,90,True,law-071,労働時間,Working hours,中学 公民・高校 公共・政治経済,2,50,check,,True
law,法学,Law,29学問,True,law-field-09,労働法,Labor Law,90,True,law-072,解雇,Dismissal,中学 公民・高校 公共・政治経済,2,60,check,,True
law,法学,Law,29学問,True,law-field-09,労働法,Labor Law,90,True,law-073,労働組合,Labor unions,中学 公民・高校 公共・政治経済,2,70,check,,True
law,法学,Law,29学問,True,law-field-09,労働法,Labor Law,90,True,law-074,労働紛争,Labor disputes,中学 公民・高校 公共・政治経済,2,80,check,,True
law,法学,Law,29学問,True,law-field-10,刑法,Criminal Law,100,True,law-075,犯罪とは何か,What is a crime?,高校 公共・大学教養,2,10,check,,True
law,法学,Law,29学問,True,law-field-10,刑法,Criminal Law,100,True,law-076,構成要件,Elements of a crime,高校 公共・大学教養,2,20,check,,True
law,法学,Law,29学問,True,law-field-10,刑法,Criminal Law,100,True,law-077,違法性,Unlawfulness,高校 公共・大学教養,2,30,check,,True
law,法学,Law,29学問,True,law-field-10,刑法,Criminal Law,100,True,law-078,責任,Culpability,高校 公共・大学教養,2,40,check,,True
law,法学,Law,29学問,True,law-field-10,刑法,Criminal Law,100,True,law-079,故意と過失,Intent and negligence,高校 公共・大学教養,2,50,check,,True
law,法学,Law,29学問,True,law-field-10,刑法,Criminal Law,100,True,law-080,正当防衛,Self-defense,高校 公共・大学教養,2,60,check,,True
law,法学,Law,29学問,True,law-field-10,刑法,Criminal Law,100,True,law-081,未遂,Attempt,高校 公共・大学教養,2,70,check,,True
law,法学,Law,29学問,True,law-field-10,刑法,Criminal Law,100,True,law-082,共犯,Complicity,高校 公共・大学教養,2,80,check,,True
law,法学,Law,29学問,True,law-field-10,刑法,Criminal Law,100,True,law-083,刑罰,Punishment,高校 公共・大学教養,2,90,check,,True
law,法学,Law,29学問,True,law-field-11,刑事手続,Criminal Procedure,110,True,law-084,適正手続,Due process,中学 公民・高校 公共,2,10,check,,True
law,法学,Law,29学問,True,law-field-11,刑事手続,Criminal Procedure,110,True,law-085,逮捕,Arrest,中学 公民・高校 公共,2,20,check,,True
law,法学,Law,29学問,True,law-field-11,刑事手続,Criminal Procedure,110,True,law-086,捜査,Investigation,中学 公民・高校 公共,2,30,check,,True
law,法学,Law,29学問,True,law-field-11,刑事手続,Criminal Procedure,110,True,law-087,起訴,Prosecution,中学 公民・高校 公共,2,40,check,,True
law,法学,Law,29学問,True,law-field-11,刑事手続,Criminal Procedure,110,True,law-088,刑事裁判,Criminal trials,中学 公民・高校 公共,2,50,check,,True
law,法学,Law,29学問,True,law-field-11,刑事手続,Criminal Procedure,110,True,law-089,推定無罪,Presumption of innocence,中学 公民・高校 公共,2,60,check,,True
law,法学,Law,29学問,True,law-field-11,刑事手続,Criminal Procedure,110,True,law-090,裁判員制度,Lay judge system,中学 公民・高校 公共,2,70,check,,True
law,法学,Law,29学問,True,law-field-11,刑事手続,Criminal Procedure,110,True,law-091,刑事弁護,Criminal defense,中学 公民・高校 公共,2,80,check,,True
law,法学,Law,29学問,True,law-field-12,民事手続,Civil Procedure,120,True,law-092,民事裁判,Civil trials,高校 公共・大学教養,2,10,check,,True
law,法学,Law,29学問,True,law-field-12,民事手続,Civil Procedure,120,True,law-093,訴え,Filing a suit,高校 公共・大学教養,2,20,check,,True
law,法学,Law,29学問,True,law-field-12,民事手続,Civil Procedure,120,True,law-094,証拠,Evidence,高校 公共・大学教養,2,30,check,,True
law,法学,Law,29学問,True,law-field-12,民事手続,Civil Procedure,120,True,law-095,判決,Judgments,高校 公共・大学教養,2,40,check,,True
law,法学,Law,29学問,True,law-field-12,民事手続,Civil Procedure,120,True,law-096,強制執行,Compulsory execution,高校 公共・大学教養,2,50,check,,True
law,法学,Law,29学問,True,law-field-12,民事手続,Civil Procedure,120,True,law-097,ADR,ADR (alternative dispute resolution),高校 公共・大学教養,2,60,check,,True
law,法学,Law,29学問,True,law-field-13,行政法,Administrative Law,130,True,law-098,行政作用,Administrative action,高校 公共・政治経済・大学教養,2,10,check,,True
law,法学,Law,29学問,True,law-field-13,行政法,Administrative Law,130,True,law-099,行政処分,Administrative dispositions,高校 公共・政治経済・大学教養,2,20,check,,True
law,法学,Law,29学問,True,law-field-13,行政法,Administrative Law,130,True,law-100,行政裁量,Administrative discretion,高校 公共・政治経済・大学教養,2,30,check,,True
law,法学,Law,29学問,True,law-field-13,行政法,Administrative Law,130,True,law-101,行政手続,Administrative procedure,高校 公共・政治経済・大学教養,2,40,check,,True
law,法学,Law,29学問,True,law-field-13,行政法,Administrative Law,130,True,law-102,情報公開,Freedom of information,高校 公共・政治経済・大学教養,2,50,check,,True
law,法学,Law,29学問,True,law-field-13,行政法,Administrative Law,130,True,law-103,行政不服審査,Administrative appeals,高校 公共・政治経済・大学教養,2,60,check,,True
law,法学,Law,29学問,True,law-field-13,行政法,Administrative Law,130,True,law-104,行政訴訟,Administrative litigation,高校 公共・政治経済・大学教養,2,70,check,,True
law,法学,Law,29学問,True,law-field-13,行政法,Administrative Law,130,True,law-105,国家賠償,State compensation,高校 公共・政治経済・大学教養,2,80,check,,True
law,法学,Law,29学問,True,law-field-14,社会保障法,Social Security Law,140,True,law-106,社会保障,Social security,高校 公共・政治経済,2,10,check,,True
law,法学,Law,29学問,True,law-field-14,社会保障法,Social Security Law,140,True,law-107,年金,Pensions,高校 公共・政治経済,2,20,check,,True
law,法学,Law,29学問,True,law-field-14,社会保障法,Social Security Law,140,True,law-108,医療保険,Health insurance,高校 公共・政治経済,2,30,check,,True
law,法学,Law,29学問,True,law-field-14,社会保障法,Social Security Law,140,True,law-109,介護保険,Long-term care insurance,高校 公共・政治経済,2,40,check,,True
law,法学,Law,29学問,True,law-field-14,社会保障法,Social Security Law,140,True,law-110,雇用保険,Employment insurance,高校 公共・政治経済,2,50,check,,True
law,法学,Law,29学問,True,law-field-14,社会保障法,Social Security Law,140,True,law-111,生活保護,Public assistance,高校 公共・政治経済,2,60,check,,True
law,法学,Law,29学問,True,law-field-15,消費者法,Consumer Law,150,True,law-112,消費者の権利,Consumer rights,中学 公民・高校 公共・家庭,2,10,check,,True
law,法学,Law,29学問,True,law-field-15,消費者法,Consumer Law,150,True,law-113,消費者契約法,Consumer Contract Act,中学 公民・高校 公共・家庭,2,20,check,,True
law,法学,Law,29学問,True,law-field-15,消費者法,Consumer Law,150,True,law-114,特定商取引法,Act on Specified Commercial Transactions,中学 公民・高校 公共・家庭,2,30,check,,True
law,法学,Law,29学問,True,law-field-15,消費者法,Consumer Law,150,True,law-115,クーリングオフ,Cooling-off,中学 公民・高校 公共・家庭,2,40,check,,True
law,法学,Law,29学問,True,law-field-15,消費者法,Consumer Law,150,True,law-116,消費者行政,Consumer administration,中学 公民・高校 公共・家庭,2,50,check,,True
law,法学,Law,29学問,True,law-field-16,知的財産法,Intellectual Property Law,160,True,law-117,著作権,Copyright,中学 技術・高校 情報・商業,2,10,check,,True
law,法学,Law,29学問,True,law-field-16,知的財産法,Intellectual Property Law,160,True,law-118,特許,Patents,中学 技術・高校 情報・商業,2,20,check,,True
law,法学,Law,29学問,True,law-field-16,知的財産法,Intellectual Property Law,160,True,law-119,商標,Trademarks,中学 技術・高校 情報・商業,2,30,check,,True
law,法学,Law,29学問,True,law-field-16,知的財産法,Intellectual Property Law,160,True,law-120,意匠,Designs,中学 技術・高校 情報・商業,2,40,check,,True
law,法学,Law,29学問,True,law-field-16,知的財産法,Intellectual Property Law,160,True,law-121,営業秘密,Trade secrets,中学 技術・高校 情報・商業,2,50,check,,True
law,法学,Law,29学問,True,law-field-17,国際法,International Law,170,True,law-122,国際法の主体,Subjects of international law,高校 政治経済・大学教養,2,10,check,,True
law,法学,Law,29学問,True,law-field-17,国際法,International Law,170,True,law-123,条約,Treaties,高校 政治経済・大学教養,2,20,check,,True
law,法学,Law,29学問,True,law-field-17,国際法,International Law,170,True,law-124,国際慣習法,Customary international law,高校 政治経済・大学教養,2,30,check,,True
law,法学,Law,29学問,True,law-field-17,国際法,International Law,170,True,law-125,国家主権,State sovereignty,高校 政治経済・大学教養,2,40,check,,True
law,法学,Law,29学問,True,law-field-17,国際法,International Law,170,True,law-126,領域,Territory,高校 政治経済・大学教養,2,50,check,,True
law,法学,Law,29学問,True,law-field-17,国際法,International Law,170,True,law-127,外交関係,Diplomatic relations,高校 政治経済・大学教養,2,60,check,,True
law,法学,Law,29学問,True,law-field-17,国際法,International Law,170,True,law-128-s1,国際紛争：紛争の平和的解決,International disputes: peaceful settlement of disputes,高校 政治経済・大学教養,2,71,check,,True
law,法学,Law,29学問,True,law-field-17,国際法,International Law,170,True,law-128-s2,国際紛争：武力行使禁止原則,International disputes: prohibition of the use of force,高校 政治経済・大学教養,2,72,check,,True
law,法学,Law,29学問,True,law-field-17,国際法,International Law,170,True,law-128-s3,国際紛争：自衛権,International disputes: right of self-defense,高校 政治経済・大学教養,2,73,check,,True
law,法学,Law,29学問,True,law-field-17,国際法,International Law,170,True,law-129,国際裁判,International adjudication,高校 政治経済・大学教養,2,80,check,,True
law,法学,Law,29学問,True,law-field-17,国際法,International Law,170,True,law-130,国際人権法,International human rights law,高校 政治経済・大学教養,2,90,check,,True
law,法学,Law,29学問,True,law-field-17,国際法,International Law,170,True,law-131,国際人道法,International humanitarian law,高校 政治経済・大学教養,2,100,check,,True
law,法学,Law,29学問,True,law-field-18,法と社会,Law and Society,180,True,law-132,司法制度,Judicial system,高校 公共・大学教養,2,10,check,,True
law,法学,Law,29学問,True,law-field-18,法と社会,Law and Society,180,True,law-133,法曹,Legal professionals,高校 公共・大学教養,2,20,check,,True
law,法学,Law,29学問,True,law-field-18,法と社会,Law and Society,180,True,law-134,法テラス,Japan Legal Support Center (Houterasu),高校 公共・大学教養,2,30,check,,True
law,法学,Law,29学問,True,law-field-18,法と社会,Law and Society,180,True,law-135,法教育,Law-related education,高校 公共・大学教養,2,40,check,,True
law,法学,Law,29学問,True,law-field-18,法と社会,Law and Society,180,True,law-136,法とジェンダー,Law and gender,高校 公共・大学教養,2,50,check,,True
law,法学,Law,29学問,True,law-field-18,法と社会,Law and Society,180,True,law-137,法とテクノロジー,Law and technology,高校 公共・大学教養,2,60,check,,True
law,法学,Law,29学問,True,law-field-18,法と社会,Law and Society,180,True,law-138,AIと法,AI and law,高校 公共・大学教養,2,70,check,,True
economics,経済学,Economics,29学問,True,economics-field-01,経済の基礎,Foundations of Economics,10,True,econ-001,経済活動,Economic activity,小学 社会・中学 公民・高校 公共,2,10,check,,True
economics,経済学,Economics,29学問,True,economics-field-01,経済の基礎,Foundations of Economics,10,True,econ-002,希少性,Scarcity,小学 社会・中学 公民・高校 公共,2,20,check,,True
economics,経済学,Economics,29学問,True,economics-field-01,経済の基礎,Foundations of Economics,10,True,econ-003,選択,Choice,小学 社会・中学 公民・高校 公共,2,30,check,,True
economics,経済学,Economics,29学問,True,economics-field-01,経済の基礎,Foundations of Economics,10,True,econ-004,機会費用,Opportunity cost,小学 社会・中学 公民・高校 公共,2,40,check,,True
economics,経済学,Economics,29学問,True,economics-field-01,経済の基礎,Foundations of Economics,10,True,econ-005,トレードオフ,Trade-offs,小学 社会・中学 公民・高校 公共,2,50,check,,True
economics,経済学,Economics,29学問,True,economics-field-01,経済の基礎,Foundations of Economics,10,True,econ-006,生産・分配・消費,"Production, distribution and consumption",小学 社会・中学 公民・高校 公共,2,60,check,,True
economics,経済学,Economics,29学問,True,economics-field-01,経済の基礎,Foundations of Economics,10,True,econ-007,市場,Markets,小学 社会・中学 公民・高校 公共,2,70,check,,True
economics,経済学,Economics,29学問,True,economics-field-01,経済の基礎,Foundations of Economics,10,True,econ-008,貨幣,Money,小学 社会・中学 公民・高校 公共,2,80,check,,True
economics,経済学,Economics,29学問,True,economics-field-02,ミクロ経済,Microeconomics,20,True,econ-009,需要,Demand,高校 政治経済・大学教養,2,10,check,,True
economics,経済学,Economics,29学問,True,economics-field-02,ミクロ経済,Microeconomics,20,True,econ-010,供給,Supply,高校 政治経済・大学教養,2,20,check,,True
economics,経済学,Economics,29学問,True,economics-field-02,ミクロ経済,Microeconomics,20,True,econ-011,市場均衡,Market equilibrium,高校 政治経済・大学教養,2,30,check,,True
economics,経済学,Economics,29学問,True,economics-field-02,ミクロ経済,Microeconomics,20,True,econ-012,価格弾力性,Price elasticity,高校 政治経済・大学教養,2,40,check,,True
economics,経済学,Economics,29学問,True,economics-field-02,ミクロ経済,Microeconomics,20,True,econ-013,消費者余剰,Consumer surplus,高校 政治経済・大学教養,2,50,check,,True
economics,経済学,Economics,29学問,True,economics-field-02,ミクロ経済,Microeconomics,20,True,econ-014,生産者余剰,Producer surplus,高校 政治経済・大学教養,2,60,check,,True
economics,経済学,Economics,29学問,True,economics-field-02,ミクロ経済,Microeconomics,20,True,econ-015,効用,Utility,高校 政治経済・大学教養,2,70,check,,True
economics,経済学,Economics,29学問,True,economics-field-02,ミクロ経済,Microeconomics,20,True,econ-016,限界効用,Marginal utility,高校 政治経済・大学教養,2,80,check,,True
economics,経済学,Economics,29学問,True,economics-field-02,ミクロ経済,Microeconomics,20,True,econ-017,予算制約,Budget constraint,高校 政治経済・大学教養,2,90,check,,True
economics,経済学,Economics,29学問,True,economics-field-02,ミクロ経済,Microeconomics,20,True,econ-018,企業の生産,Production of the firm,高校 政治経済・大学教養,2,100,check,,True
economics,経済学,Economics,29学問,True,economics-field-02,ミクロ経済,Microeconomics,20,True,econ-019,費用,Costs,高校 政治経済・大学教養,2,110,check,,True
economics,経済学,Economics,29学問,True,economics-field-02,ミクロ経済,Microeconomics,20,True,econ-020,限界費用,Marginal cost,高校 政治経済・大学教養,2,120,check,,True
economics,経済学,Economics,29学問,True,economics-field-02,ミクロ経済,Microeconomics,20,True,econ-021,利潤最大化,Profit maximization,高校 政治経済・大学教養,2,130,check,,True
economics,経済学,Economics,29学問,True,economics-field-03,市場構造,Market Structure,30,True,econ-022,完全競争,Perfect competition,高校 政治経済・大学教養,2,10,check,,True
economics,経済学,Economics,29学問,True,economics-field-03,市場構造,Market Structure,30,True,econ-023,独占,Monopoly,高校 政治経済・大学教養,2,20,check,,True
economics,経済学,Economics,29学問,True,economics-field-03,市場構造,Market Structure,30,True,econ-024,寡占,Oligopoly,高校 政治経済・大学教養,2,30,check,,True
economics,経済学,Economics,29学問,True,economics-field-03,市場構造,Market Structure,30,True,econ-025,独占的競争,Monopolistic competition,高校 政治経済・大学教養,2,40,check,,True
economics,経済学,Economics,29学問,True,economics-field-03,市場構造,Market Structure,30,True,econ-026,価格差別,Price discrimination,高校 政治経済・大学教養,2,50,check,,True
economics,経済学,Economics,29学問,True,economics-field-03,市場構造,Market Structure,30,True,econ-027-s1,ゲーム理論の基礎：ナッシュ均衡,Game theory basics: Nash equilibrium,高校 政治経済・大学教養,2,61,check,,True
economics,経済学,Economics,29学問,True,economics-field-03,市場構造,Market Structure,30,True,econ-027-s2,ゲーム理論の基礎：囚人のジレンマ,Game theory basics: prisoner's dilemma,高校 政治経済・大学教養,2,62,check,,True
economics,経済学,Economics,29学問,True,economics-field-03,市場構造,Market Structure,30,True,econ-027-s3,ゲーム理論の基礎：展開形ゲームと逐次手番,Game theory basics: extensive-form and sequential games,高校 政治経済・大学教養,2,63,check,,True
economics,経済学,Economics,29学問,True,economics-field-04,市場の失敗,Market Failure,40,True,econ-028,外部性,Externalities,高校 公共・政治経済・大学教養,2,10,check,,True
economics,経済学,Economics,29学問,True,economics-field-04,市場の失敗,Market Failure,40,True,econ-029,公共財,Public goods,高校 公共・政治経済・大学教養,2,20,check,,True
economics,経済学,Economics,29学問,True,economics-field-04,市場の失敗,Market Failure,40,True,econ-030,共有資源,Common-pool resources,高校 公共・政治経済・大学教養,2,30,check,,True
economics,経済学,Economics,29学問,True,economics-field-04,市場の失敗,Market Failure,40,True,econ-031,情報の非対称性,Information asymmetry,高校 公共・政治経済・大学教養,2,40,check,,True
economics,経済学,Economics,29学問,True,economics-field-04,市場の失敗,Market Failure,40,True,econ-032,逆選択,Adverse selection,高校 公共・政治経済・大学教養,2,50,check,,True
economics,経済学,Economics,29学問,True,economics-field-04,市場の失敗,Market Failure,40,True,econ-033,モラルハザード,Moral hazard,高校 公共・政治経済・大学教養,2,60,check,,True
economics,経済学,Economics,29学問,True,economics-field-04,市場の失敗,Market Failure,40,True,econ-034,政府介入,Government intervention,高校 公共・政治経済・大学教養,2,70,check,,True
economics,経済学,Economics,29学問,True,economics-field-05,労働経済,Labor Economics,50,True,econ-035,労働市場,Labor market,高校 政治経済・大学教養,2,10,check,,True
economics,経済学,Economics,29学問,True,economics-field-05,労働経済,Labor Economics,50,True,econ-036,賃金,Wages,高校 政治経済・大学教養,2,20,check,,True
economics,経済学,Economics,29学問,True,economics-field-05,労働経済,Labor Economics,50,True,econ-037,人的資本,Human capital,高校 政治経済・大学教養,2,30,check,,True
economics,経済学,Economics,29学問,True,economics-field-05,労働経済,Labor Economics,50,True,econ-038,失業,Unemployment,高校 政治経済・大学教養,2,40,check,,True
economics,経済学,Economics,29学問,True,economics-field-05,労働経済,Labor Economics,50,True,econ-039,労働参加,Labor force participation,高校 政治経済・大学教養,2,50,check,,True
economics,経済学,Economics,29学問,True,economics-field-05,労働経済,Labor Economics,50,True,econ-040,雇用形態,Forms of employment,高校 政治経済・大学教養,2,60,check,,True
economics,経済学,Economics,29学問,True,economics-field-05,労働経済,Labor Economics,50,True,econ-041,最低賃金,Minimum wage,高校 政治経済・大学教養,2,70,check,,True
economics,経済学,Economics,29学問,True,economics-field-05,労働経済,Labor Economics,50,True,econ-042,所得格差,Income inequality,高校 政治経済・大学教養,2,80,check,,True
economics,経済学,Economics,29学問,True,economics-field-06,国民経済計算,National Accounts,60,True,econ-043,GDP,GDP,高校 政治経済,2,10,check,,True
economics,経済学,Economics,29学問,True,economics-field-06,国民経済計算,National Accounts,60,True,econ-044,名目GDPと実質GDP,Nominal and real GDP,高校 政治経済,2,20,check,,True
economics,経済学,Economics,29学問,True,economics-field-06,国民経済計算,National Accounts,60,True,econ-045,三面等価,Principle of three-sided equivalence,高校 政治経済,2,30,check,,True
economics,経済学,Economics,29学問,True,economics-field-06,国民経済計算,National Accounts,60,True,econ-046,GNI,GNI,高校 政治経済,2,40,check,,True
economics,経済学,Economics,29学問,True,economics-field-06,国民経済計算,National Accounts,60,True,econ-047,経済成長率,Economic growth rate,高校 政治経済,2,50,check,,True
economics,経済学,Economics,29学問,True,economics-field-06,国民経済計算,National Accounts,60,True,econ-048,物価指数,Price indices,高校 政治経済,2,60,check,,True
economics,経済学,Economics,29学問,True,economics-field-06,国民経済計算,National Accounts,60,True,econ-049,一人当たりGDP,GDP per capita,高校 政治経済,2,70,check,,True
economics,経済学,Economics,29学問,True,economics-field-07,マクロ経済,Macroeconomics,70,True,econ-050,総需要,Aggregate demand,高校 政治経済・大学教養,2,10,check,,True
economics,経済学,Economics,29学問,True,economics-field-07,マクロ経済,Macroeconomics,70,True,econ-051,総供給,Aggregate supply,高校 政治経済・大学教養,2,20,check,,True
economics,経済学,Economics,29学問,True,economics-field-07,マクロ経済,Macroeconomics,70,True,econ-052,景気循環,Business cycles,高校 政治経済・大学教養,2,30,check,,True
economics,経済学,Economics,29学問,True,economics-field-07,マクロ経済,Macroeconomics,70,True,econ-053,インフレーション,Inflation,高校 政治経済・大学教養,2,40,check,,True
economics,経済学,Economics,29学問,True,economics-field-07,マクロ経済,Macroeconomics,70,True,econ-054,デフレーション,Deflation,高校 政治経済・大学教養,2,50,check,,True
economics,経済学,Economics,29学問,True,economics-field-07,マクロ経済,Macroeconomics,70,True,econ-055,マクロ経済と失業,Macroeconomics and unemployment,高校 政治経済・大学教養,2,60,check,,True
economics,経済学,Economics,29学問,True,economics-field-07,マクロ経済,Macroeconomics,70,True,econ-056,潜在GDP,Potential GDP,高校 政治経済・大学教養,2,70,check,,True
economics,経済学,Economics,29学問,True,economics-field-07,マクロ経済,Macroeconomics,70,True,econ-057,乗数効果,Multiplier effect,高校 政治経済・大学教養,2,80,check,,True
economics,経済学,Economics,29学問,True,economics-field-08,財政,Public Finance,80,True,econ-058,政府の役割,Role of government,中学 公民・高校 政治経済,2,10,check,,True
economics,経済学,Economics,29学問,True,economics-field-08,財政,Public Finance,80,True,econ-059,租税,Taxation,中学 公民・高校 政治経済,2,20,check,,True
economics,経済学,Economics,29学問,True,economics-field-08,財政,Public Finance,80,True,econ-060,所得税,Income tax,中学 公民・高校 政治経済,2,30,check,,True
economics,経済学,Economics,29学問,True,economics-field-08,財政,Public Finance,80,True,econ-061,消費税,Consumption tax,中学 公民・高校 政治経済,2,40,check,,True
economics,経済学,Economics,29学問,True,economics-field-08,財政,Public Finance,80,True,econ-062,法人税,Corporate tax,中学 公民・高校 政治経済,2,50,check,,True
economics,経済学,Economics,29学問,True,economics-field-08,財政,Public Finance,80,True,econ-063,政府支出,Government spending,中学 公民・高校 政治経済,2,60,check,,True
economics,経済学,Economics,29学問,True,economics-field-08,財政,Public Finance,80,True,econ-064,予算,Budget,中学 公民・高校 政治経済,2,70,check,,True
economics,経済学,Economics,29学問,True,economics-field-08,財政,Public Finance,80,True,econ-065,財政赤字,Fiscal deficit,中学 公民・高校 政治経済,2,80,check,,True
economics,経済学,Economics,29学問,True,economics-field-08,財政,Public Finance,80,True,econ-066,政府債務,Government debt,中学 公民・高校 政治経済,2,90,check,,True
economics,経済学,Economics,29学問,True,economics-field-08,財政,Public Finance,80,True,econ-067,財政政策,Fiscal policy,中学 公民・高校 政治経済,2,100,check,,True
economics,経済学,Economics,29学問,True,economics-field-09,金融,Money and Finance,90,True,econ-068,金融とは何か,What is finance?,中学 公民・高校 政治経済,2,10,check,,True
economics,経済学,Economics,29学問,True,economics-field-09,金融,Money and Finance,90,True,econ-069,銀行,Banks,中学 公民・高校 政治経済,2,20,check,,True
economics,経済学,Economics,29学問,True,economics-field-09,金融,Money and Finance,90,True,econ-070,信用創造,Credit creation,中学 公民・高校 政治経済,2,30,check,,True
economics,経済学,Economics,29学問,True,economics-field-09,金融,Money and Finance,90,True,econ-071,中央銀行,Central banks,中学 公民・高校 政治経済,2,40,check,,True
economics,経済学,Economics,29学問,True,economics-field-09,金融,Money and Finance,90,True,econ-072,日本銀行,Bank of Japan,中学 公民・高校 政治経済,2,50,check,,True
economics,経済学,Economics,29学問,True,economics-field-09,金融,Money and Finance,90,True,econ-073,金利,Interest rates,中学 公民・高校 政治経済,2,60,check,,True
economics,経済学,Economics,29学問,True,economics-field-09,金融,Money and Finance,90,True,econ-074,貨幣供給,Money supply,中学 公民・高校 政治経済,2,70,check,,True
economics,経済学,Economics,29学問,True,economics-field-09,金融,Money and Finance,90,True,econ-075,金融政策,Monetary policy,中学 公民・高校 政治経済,2,80,check,,True
economics,経済学,Economics,29学問,True,economics-field-09,金融,Money and Finance,90,True,econ-076,公開市場操作,Open market operations,中学 公民・高校 政治経済,2,90,check,,True
economics,経済学,Economics,29学問,True,economics-field-09,金融,Money and Finance,90,True,econ-077,政策金利,Policy interest rate,中学 公民・高校 政治経済,2,100,check,,True
economics,経済学,Economics,29学問,True,economics-field-09,金融,Money and Finance,90,True,econ-078,インフレ目標,Inflation targeting,中学 公民・高校 政治経済,2,110,check,,True
economics,経済学,Economics,29学問,True,economics-field-10,国際経済,International Economics,100,True,econ-079,国際分業,International division of labor,中学 社会・高校 政治経済・商業,2,10,check,,True
economics,経済学,Economics,29学問,True,economics-field-10,国際経済,International Economics,100,True,econ-080,比較優位,Comparative advantage,中学 社会・高校 政治経済・商業,2,20,check,,True
economics,経済学,Economics,29学問,True,economics-field-10,国際経済,International Economics,100,True,econ-081,貿易,Trade,中学 社会・高校 政治経済・商業,2,30,check,,True
economics,経済学,Economics,29学問,True,economics-field-10,国際経済,International Economics,100,True,econ-082,関税,Tariffs,中学 社会・高校 政治経済・商業,2,40,check,,True
economics,経済学,Economics,29学問,True,economics-field-10,国際経済,International Economics,100,True,econ-083,非関税障壁,Non-tariff barriers,中学 社会・高校 政治経済・商業,2,50,check,,True
economics,経済学,Economics,29学問,True,economics-field-10,国際経済,International Economics,100,True,econ-084,自由貿易,Free trade,中学 社会・高校 政治経済・商業,2,60,check,,True
economics,経済学,Economics,29学問,True,economics-field-10,国際経済,International Economics,100,True,econ-085,保護貿易,Protectionism,中学 社会・高校 政治経済・商業,2,70,check,,True
economics,経済学,Economics,29学問,True,economics-field-10,国際経済,International Economics,100,True,econ-086,WTO,WTO,中学 社会・高校 政治経済・商業,2,80,check,,True
economics,経済学,Economics,29学問,True,economics-field-10,国際経済,International Economics,100,True,econ-087,FTA・EPA,FTAs and EPAs,中学 社会・高校 政治経済・商業,2,90,check,,True
economics,経済学,Economics,29学問,True,economics-field-10,国際経済,International Economics,100,True,econ-088,国際収支,Balance of payments,中学 社会・高校 政治経済・商業,2,100,check,,True
economics,経済学,Economics,29学問,True,economics-field-10,国際経済,International Economics,100,True,econ-089,為替レート,Exchange rates,中学 社会・高校 政治経済・商業,2,110,check,,True
economics,経済学,Economics,29学問,True,economics-field-10,国際経済,International Economics,100,True,econ-090,円高・円安,Strong yen and weak yen,中学 社会・高校 政治経済・商業,2,120,check,,True
economics,経済学,Economics,29学問,True,economics-field-10,国際経済,International Economics,100,True,econ-091,変動相場制,Floating exchange rate system,中学 社会・高校 政治経済・商業,2,130,check,,True
economics,経済学,Economics,29学問,True,economics-field-11,経済発展,Economic Development,110,True,econ-092,経済成長,Economic growth,高校 地理・政治経済・大学教養,2,10,check,,True
economics,経済学,Economics,29学問,True,economics-field-11,経済発展,Economic Development,110,True,econ-093,生産性,Productivity,高校 地理・政治経済・大学教養,2,20,check,,True
economics,経済学,Economics,29学問,True,economics-field-11,経済発展,Economic Development,110,True,econ-094,技術進歩,Technological progress,高校 地理・政治経済・大学教養,2,30,check,,True
economics,経済学,Economics,29学問,True,economics-field-11,経済発展,Economic Development,110,True,econ-095,資本蓄積,Capital accumulation,高校 地理・政治経済・大学教養,2,40,check,,True
economics,経済学,Economics,29学問,True,economics-field-11,経済発展,Economic Development,110,True,econ-096,人口と成長,Population and growth,高校 地理・政治経済・大学教養,2,50,check,,True
economics,経済学,Economics,29学問,True,economics-field-11,経済発展,Economic Development,110,True,econ-097-s1,開発経済：二重経済と構造転換,Development economics: dual economy and structural transformation,高校 地理・政治経済・大学教養,2,61,check,,True
economics,経済学,Economics,29学問,True,economics-field-11,経済発展,Economic Development,110,True,econ-097-s2,開発経済：貧困の罠,Development economics: poverty traps,高校 地理・政治経済・大学教養,2,62,check,,True
economics,経済学,Economics,29学問,True,economics-field-11,経済発展,Economic Development,110,True,econ-097-s3,開発経済：開発援助とマイクロファイナンス,Development economics: development aid and microfinance,高校 地理・政治経済・大学教養,2,63,check,,True
economics,経済学,Economics,29学問,True,economics-field-11,経済発展,Economic Development,110,True,econ-098,貧困,Poverty,高校 地理・政治経済・大学教養,2,70,check,,True
economics,経済学,Economics,29学問,True,economics-field-11,経済発展,Economic Development,110,True,econ-099,経済発展と所得格差,Economic development and income inequality,高校 地理・政治経済・大学教養,2,80,check,,True
economics,経済学,Economics,29学問,True,economics-field-11,経済発展,Economic Development,110,True,econ-100,持続可能な開発,Sustainable development,高校 地理・政治経済・大学教養,2,90,check,,True
economics,経済学,Economics,29学問,True,economics-field-12,制度と経済,Institutions and the Economy,120,True,econ-101,所有権,Property rights,高校 公共・大学教養,2,10,check,,True
economics,経済学,Economics,29学問,True,economics-field-12,制度と経済,Institutions and the Economy,120,True,econ-102,契約,Contracts,高校 公共・大学教養,2,20,check,,True
economics,経済学,Economics,29学問,True,economics-field-12,制度と経済,Institutions and the Economy,120,True,econ-103,取引費用,Transaction costs,高校 公共・大学教養,2,30,check,,True
economics,経済学,Economics,29学問,True,economics-field-12,制度と経済,Institutions and the Economy,120,True,econ-104,制度,Institutions,高校 公共・大学教養,2,40,check,,True
economics,経済学,Economics,29学問,True,economics-field-12,制度と経済,Institutions and the Economy,120,True,econ-105,インセンティブ,Incentives,高校 公共・大学教養,2,50,check,,True
economics,経済学,Economics,29学問,True,economics-field-12,制度と経済,Institutions and the Economy,120,True,econ-106,コモンズ,The commons,高校 公共・大学教養,2,60,check,,True
economics,経済学,Economics,29学問,True,economics-field-12,制度と経済,Institutions and the Economy,120,True,econ-107-s1,行動経済学：プロスペクト理論,Behavioral economics: prospect theory,高校 公共・大学教養,2,71,check,,True
economics,経済学,Economics,29学問,True,economics-field-12,制度と経済,Institutions and the Economy,120,True,econ-107-s2,行動経済学：ヒューリスティックとバイアス,Behavioral economics: heuristics and biases,高校 公共・大学教養,2,72,check,,True
economics,経済学,Economics,29学問,True,economics-field-12,制度と経済,Institutions and the Economy,120,True,econ-107-s3,行動経済学：現在バイアスと時間非整合性,Behavioral economics: present bias and time inconsistency,高校 公共・大学教養,2,73,check,,True
economics,経済学,Economics,29学問,True,economics-field-12,制度と経済,Institutions and the Economy,120,True,econ-108,限定合理性,Bounded rationality,高校 公共・大学教養,2,80,check,,True
economics,経済学,Economics,29学問,True,economics-field-12,制度と経済,Institutions and the Economy,120,True,econ-109,ナッジ,Nudges,高校 公共・大学教養,2,90,check,,True
economics,経済学,Economics,29学問,True,economics-field-13,経済思想,Economic Thought,130,True,econ-110,アダム・スミス,Adam Smith,高校 倫理・政治経済・大学教養,2,10,check,,True
economics,経済学,Economics,29学問,True,economics-field-13,経済思想,Economic Thought,130,True,econ-111,古典派経済学,Classical economics,高校 倫理・政治経済・大学教養,2,20,check,,True
economics,経済学,Economics,29学問,True,economics-field-13,経済思想,Economic Thought,130,True,econ-112,マルクス経済学,Marxian economics,高校 倫理・政治経済・大学教養,2,30,check,,True
economics,経済学,Economics,29学問,True,economics-field-13,経済思想,Economic Thought,130,True,econ-113,ケインズ,Keynes,高校 倫理・政治経済・大学教養,2,40,check,,True
economics,経済学,Economics,29学問,True,economics-field-13,経済思想,Economic Thought,130,True,econ-114,新古典派,Neoclassical economics,高校 倫理・政治経済・大学教養,2,50,check,,True
economics,経済学,Economics,29学問,True,economics-field-13,経済思想,Economic Thought,130,True,econ-115,マネタリズム,Monetarism,高校 倫理・政治経済・大学教養,2,60,check,,True
economics,経済学,Economics,29学問,True,economics-field-13,経済思想,Economic Thought,130,True,econ-116,福祉経済学,Welfare economics,高校 倫理・政治経済・大学教養,2,70,check,,True
economics,経済学,Economics,29学問,True,economics-field-14,日本経済,Japanese Economy,140,True,econ-117,高度経済成長,High economic growth period,高校 政治経済・商業,2,10,check,,True
economics,経済学,Economics,29学問,True,economics-field-14,日本経済,Japanese Economy,140,True,econ-118,バブル経済,Bubble economy,高校 政治経済・商業,2,20,check,,True
economics,経済学,Economics,29学問,True,economics-field-14,日本経済,Japanese Economy,140,True,econ-119,バブル崩壊,Collapse of the bubble,高校 政治経済・商業,2,30,check,,True
economics,経済学,Economics,29学問,True,economics-field-14,日本経済,Japanese Economy,140,True,econ-120,デフレ,Deflation in Japan,高校 政治経済・商業,2,40,check,,True
economics,経済学,Economics,29学問,True,economics-field-14,日本経済,Japanese Economy,140,True,econ-121,少子高齢化と経済,"Declining birthrate, aging population and the economy",高校 政治経済・商業,2,50,check,,True
economics,経済学,Economics,29学問,True,economics-field-14,日本経済,Japanese Economy,140,True,econ-122,財政と社会保障,Public finance and social security,高校 政治経済・商業,2,60,check,,True
economics,経済学,Economics,29学問,True,economics-field-14,日本経済,Japanese Economy,140,True,econ-123,日本の産業構造,Japan's industrial structure,高校 政治経済・商業,2,70,check,,True
economics,経済学,Economics,29学問,True,economics-field-15,環境経済,Environmental Economics,150,True,econ-124,環境外部性,Environmental externalities,高校 地理・公共・大学教養,2,10,check,,True
economics,経済学,Economics,29学問,True,economics-field-15,環境経済,Environmental Economics,150,True,econ-125,炭素価格,Carbon pricing,高校 地理・公共・大学教養,2,20,check,,True
economics,経済学,Economics,29学問,True,economics-field-15,環境経済,Environmental Economics,150,True,econ-126,排出量取引,Emissions trading,高校 地理・公共・大学教養,2,30,check,,True
economics,経済学,Economics,29学問,True,economics-field-15,環境経済,Environmental Economics,150,True,econ-127,環境税,Environmental taxes,高校 地理・公共・大学教養,2,40,check,,True
economics,経済学,Economics,29学問,True,economics-field-15,環境経済,Environmental Economics,150,True,econ-128,自然資本,Natural capital,高校 地理・公共・大学教養,2,50,check,,True
economics,経済学,Economics,29学問,True,economics-field-15,環境経済,Environmental Economics,150,True,econ-129,循環経済,Circular economy,高校 地理・公共・大学教養,2,60,check,,True
business-administration,経営学,Business Administration,29学問,True,business-administration-field-01,経営の基礎,Foundations of Management,10,True,biz-001,企業とは何か,What is a company?,高校 商業,2,10,check,,True
business-administration,経営学,Business Administration,29学問,True,business-administration-field-01,経営の基礎,Foundations of Management,10,True,biz-002,ビジネスとは何か,What is business?,高校 商業,2,20,check,,True
business-administration,経営学,Business Administration,29学問,True,business-administration-field-01,経営の基礎,Foundations of Management,10,True,biz-003,経営資源,Management resources,高校 商業,2,30,check,,True
business-administration,経営学,Business Administration,29学問,True,business-administration-field-01,経営の基礎,Foundations of Management,10,True,biz-004,ステークホルダー,Stakeholders,高校 商業,2,40,check,,True
business-administration,経営学,Business Administration,29学問,True,business-administration-field-01,経営の基礎,Foundations of Management,10,True,biz-005,営利企業と非営利組織,For-profit companies and nonprofit organizations,高校 商業,2,50,check,,True
business-administration,経営学,Business Administration,29学問,True,business-administration-field-01,経営の基礎,Foundations of Management,10,True,biz-006,企業形態,Forms of business entity,高校 商業,2,60,check,,True
business-administration,経営学,Business Administration,29学問,True,business-administration-field-01,経営の基礎,Foundations of Management,10,True,biz-007,株式会社,Stock companies,高校 商業,2,70,check,,True
business-administration,経営学,Business Administration,29学問,True,business-administration-field-01,経営の基礎,Foundations of Management,10,True,biz-008,企業倫理,Business ethics,高校 商業,2,80,check,,True
business-administration,経営学,Business Administration,29学問,True,business-administration-field-01,経営の基礎,Foundations of Management,10,True,biz-009,CSR,CSR,高校 商業,2,90,check,,True
business-administration,経営学,Business Administration,29学問,True,business-administration-field-02,経営戦略,Business Strategy,20,True,biz-010,経営理念,Corporate philosophy,高校 商業・大学教養,2,10,check,,True
business-administration,経営学,Business Administration,29学問,True,business-administration-field-02,経営戦略,Business Strategy,20,True,biz-011,ビジョン,Vision,高校 商業・大学教養,2,20,check,,True
business-administration,経営学,Business Administration,29学問,True,business-administration-field-02,経営戦略,Business Strategy,20,True,biz-012,事業ドメイン,Business domain,高校 商業・大学教養,2,30,check,,True
business-administration,経営学,Business Administration,29学問,True,business-administration-field-02,経営戦略,Business Strategy,20,True,biz-013-s1,外部環境分析：PEST分析,External environment analysis: PEST analysis,高校 商業・大学教養,2,41,check,,True
business-administration,経営学,Business Administration,29学問,True,business-administration-field-02,経営戦略,Business Strategy,20,True,biz-013-s2,外部環境分析：ファイブフォース分析,External environment analysis: five forces analysis,高校 商業・大学教養,2,42,check,,True
business-administration,経営学,Business Administration,29学問,True,business-administration-field-02,経営戦略,Business Strategy,20,True,biz-014-s1,内部環境分析：バリューチェーン分析,Internal environment analysis: value chain analysis,高校 商業・大学教養,2,51,check,,True
business-administration,経営学,Business Administration,29学問,True,business-administration-field-02,経営戦略,Business Strategy,20,True,biz-014-s2,内部環境分析：VRIO分析,Internal environment analysis: VRIO analysis,高校 商業・大学教養,2,52,check,,True
business-administration,経営学,Business Administration,29学問,True,business-administration-field-02,経営戦略,Business Strategy,20,True,biz-015,SWOT,SWOT,高校 商業・大学教養,2,60,check,,True
business-administration,経営学,Business Administration,29学問,True,business-administration-field-02,経営戦略,Business Strategy,20,True,biz-016,競争優位,Competitive advantage,高校 商業・大学教養,2,70,check,,True
business-administration,経営学,Business Administration,29学問,True,business-administration-field-02,経営戦略,Business Strategy,20,True,biz-017,コストリーダーシップ,Cost leadership,高校 商業・大学教養,2,80,check,,True
business-administration,経営学,Business Administration,29学問,True,business-administration-field-02,経営戦略,Business Strategy,20,True,biz-018,差別化,Differentiation,高校 商業・大学教養,2,90,check,,True
business-administration,経営学,Business Administration,29学問,True,business-administration-field-02,経営戦略,Business Strategy,20,True,biz-019,集中戦略,Focus strategy,高校 商業・大学教養,2,100,check,,True
business-administration,経営学,Business Administration,29学問,True,business-administration-field-02,経営戦略,Business Strategy,20,True,biz-020,資源ベース理論,Resource-based view,高校 商業・大学教養,2,110,check,,True
business-administration,経営学,Business Administration,29学問,True,business-administration-field-02,経営戦略,Business Strategy,20,True,biz-021,成長戦略,Growth strategy,高校 商業・大学教養,2,120,check,,True
business-administration,経営学,Business Administration,29学問,True,business-administration-field-02,経営戦略,Business Strategy,20,True,biz-022,多角化,Diversification,高校 商業・大学教養,2,130,check,,True
business-administration,経営学,Business Administration,29学問,True,business-administration-field-02,経営戦略,Business Strategy,20,True,biz-023,M&A,M&A,高校 商業・大学教養,2,140,check,,True
business-administration,経営学,Business Administration,29学問,True,business-administration-field-02,経営戦略,Business Strategy,20,True,biz-024,アライアンス,Alliances,高校 商業・大学教養,2,150,check,,True
business-administration,経営学,Business Administration,29学問,True,business-administration-field-03,マーケティング,Marketing,30,True,biz-025,市場調査,Market research,高校 商業,2,10,check,,True
business-administration,経営学,Business Administration,29学問,True,business-administration-field-03,マーケティング,Marketing,30,True,biz-026,顧客ニーズ,Customer needs,高校 商業,2,20,check,,True
business-administration,経営学,Business Administration,29学問,True,business-administration-field-03,マーケティング,Marketing,30,True,biz-027,市場細分化,Market segmentation,高校 商業,2,30,check,,True
business-administration,経営学,Business Administration,29学問,True,business-administration-field-03,マーケティング,Marketing,30,True,biz-028,ターゲティング,Targeting,高校 商業,2,40,check,,True
business-administration,経営学,Business Administration,29学問,True,business-administration-field-03,マーケティング,Marketing,30,True,biz-029,ポジショニング,Positioning,高校 商業,2,50,check,,True
business-administration,経営学,Business Administration,29学問,True,business-administration-field-03,マーケティング,Marketing,30,True,biz-030,4P,The 4Ps,高校 商業,2,60,check,,True
business-administration,経営学,Business Administration,29学問,True,business-administration-field-03,マーケティング,Marketing,30,True,biz-031,製品政策,Product policy,高校 商業,2,70,check,,True
business-administration,経営学,Business Administration,29学問,True,business-administration-field-03,マーケティング,Marketing,30,True,biz-032,価格政策,Pricing policy,高校 商業,2,80,check,,True
business-administration,経営学,Business Administration,29学問,True,business-administration-field-03,マーケティング,Marketing,30,True,biz-033,流通政策,Distribution policy,高校 商業,2,90,check,,True
business-administration,経営学,Business Administration,29学問,True,business-administration-field-03,マーケティング,Marketing,30,True,biz-034,プロモーション,Promotion,高校 商業,2,100,check,,True
business-administration,経営学,Business Administration,29学問,True,business-administration-field-03,マーケティング,Marketing,30,True,biz-035,ブランド,Brands,高校 商業,2,110,check,,True
business-administration,経営学,Business Administration,29学問,True,business-administration-field-03,マーケティング,Marketing,30,True,biz-036,顧客関係管理,Customer relationship management,高校 商業,2,120,check,,True
business-administration,経営学,Business Administration,29学問,True,business-administration-field-03,マーケティング,Marketing,30,True,biz-037,デジタルマーケティング,Digital marketing,高校 商業,2,130,check,,True
business-administration,経営学,Business Administration,29学問,True,business-administration-field-03,マーケティング,Marketing,30,True,biz-038,サービスマーケティング,Services marketing,高校 商業,2,140,check,,True
business-administration,経営学,Business Administration,29学問,True,business-administration-field-04,商品開発,Product Development,40,True,biz-039,商品企画,Product planning,高校 商業,2,10,check,,True
business-administration,経営学,Business Administration,29学問,True,business-administration-field-04,商品開発,Product Development,40,True,biz-040,アイデア創出,Idea generation,高校 商業,2,20,check,,True
business-administration,経営学,Business Administration,29学問,True,business-administration-field-04,商品開発,Product Development,40,True,biz-041,コンセプト,Concept,高校 商業,2,30,check,,True
business-administration,経営学,Business Administration,29学問,True,business-administration-field-04,商品開発,Product Development,40,True,biz-042,市場性評価,Market potential assessment,高校 商業,2,40,check,,True
business-administration,経営学,Business Administration,29学問,True,business-administration-field-04,商品開発,Product Development,40,True,biz-043,試作,Prototyping,高校 商業,2,50,check,,True
business-administration,経営学,Business Administration,29学問,True,business-administration-field-04,商品開発,Product Development,40,True,biz-044,商品化,Commercialization,高校 商業,2,60,check,,True
business-administration,経営学,Business Administration,29学問,True,business-administration-field-04,商品開発,Product Development,40,True,biz-045,パッケージ,Packaging,高校 商業,2,70,check,,True
business-administration,経営学,Business Administration,29学問,True,business-administration-field-04,商品開発,Product Development,40,True,biz-046,ライフサイクル,Product life cycle,高校 商業,2,80,check,,True
business-administration,経営学,Business Administration,29学問,True,business-administration-field-05,組織論,Organization Theory,50,True,biz-047,組織とは何か,What is an organization?,高校 商業・大学教養,2,10,check,,True
business-administration,経営学,Business Administration,29学問,True,business-administration-field-05,組織論,Organization Theory,50,True,biz-048,分業,Division of labor,高校 商業・大学教養,2,20,check,,True
business-administration,経営学,Business Administration,29学問,True,business-administration-field-05,組織論,Organization Theory,50,True,biz-049,階層,Hierarchy,高校 商業・大学教養,2,30,check,,True
business-administration,経営学,Business Administration,29学問,True,business-administration-field-05,組織論,Organization Theory,50,True,biz-050,職能別組織,Functional organization,高校 商業・大学教養,2,40,check,,True
business-administration,経営学,Business Administration,29学問,True,business-administration-field-05,組織論,Organization Theory,50,True,biz-051,事業部制,Divisional structure,高校 商業・大学教養,2,50,check,,True
business-administration,経営学,Business Administration,29学問,True,business-administration-field-05,組織論,Organization Theory,50,True,biz-052,マトリクス組織,Matrix organization,高校 商業・大学教養,2,60,check,,True
business-administration,経営学,Business Administration,29学問,True,business-administration-field-05,組織論,Organization Theory,50,True,biz-053,組織文化,Organizational culture,高校 商業・大学教養,2,70,check,,True
business-administration,経営学,Business Administration,29学問,True,business-administration-field-05,組織論,Organization Theory,50,True,biz-054,権限委譲,Delegation of authority,高校 商業・大学教養,2,80,check,,True
business-administration,経営学,Business Administration,29学問,True,business-administration-field-05,組織論,Organization Theory,50,True,biz-055,組織変革,Organizational change,高校 商業・大学教養,2,90,check,,True
business-administration,経営学,Business Administration,29学問,True,business-administration-field-05,組織論,Organization Theory,50,True,biz-056,学習する組織,Learning organization,高校 商業・大学教養,2,100,check,,True
business-administration,経営学,Business Administration,29学問,True,business-administration-field-06,人的資源管理,Human Resource Management,60,True,biz-057,採用,Recruitment,高校 商業・大学教養,2,10,check,,True
business-administration,経営学,Business Administration,29学問,True,business-administration-field-06,人的資源管理,Human Resource Management,60,True,biz-058,配置,Placement,高校 商業・大学教養,2,20,check,,True
business-administration,経営学,Business Administration,29学問,True,business-administration-field-06,人的資源管理,Human Resource Management,60,True,biz-059,評価,Performance evaluation,高校 商業・大学教養,2,30,check,,True
business-administration,経営学,Business Administration,29学問,True,business-administration-field-06,人的資源管理,Human Resource Management,60,True,biz-060,報酬,Compensation,高校 商業・大学教養,2,40,check,,True
business-administration,経営学,Business Administration,29学問,True,business-administration-field-06,人的資源管理,Human Resource Management,60,True,biz-061,教育訓練,Training and development,高校 商業・大学教養,2,50,check,,True
business-administration,経営学,Business Administration,29学問,True,business-administration-field-06,人的資源管理,Human Resource Management,60,True,biz-062,キャリア,Careers,高校 商業・大学教養,2,60,check,,True
business-administration,経営学,Business Administration,29学問,True,business-administration-field-06,人的資源管理,Human Resource Management,60,True,biz-063-s1,モチベーション：内容理論（マズロー・ハーズバーグ）,"Motivation: content theories (Maslow, Herzberg)",高校 商業・大学教養,2,71,check,,True
business-administration,経営学,Business Administration,29学問,True,business-administration-field-06,人的資源管理,Human Resource Management,60,True,biz-063-s2,モチベーション：過程理論（期待理論・公平理論）,"Motivation: process theories (expectancy theory, equity theory)",高校 商業・大学教養,2,72,check,,True
business-administration,経営学,Business Administration,29学問,True,business-administration-field-06,人的資源管理,Human Resource Management,60,True,biz-063-s3,モチベーション：内発的動機づけ,Motivation: intrinsic motivation,高校 商業・大学教養,2,73,check,,True
business-administration,経営学,Business Administration,29学問,True,business-administration-field-06,人的資源管理,Human Resource Management,60,True,biz-064-s1,リーダーシップ：特性論と行動論（PM理論）,Leadership: trait and behavioral theories (PM theory),高校 商業・大学教養,2,81,check,,True
business-administration,経営学,Business Administration,29学問,True,business-administration-field-06,人的資源管理,Human Resource Management,60,True,biz-064-s2,リーダーシップ：状況適合理論,Leadership: contingency theories,高校 商業・大学教養,2,82,check,,True
business-administration,経営学,Business Administration,29学問,True,business-administration-field-06,人的資源管理,Human Resource Management,60,True,biz-064-s3,リーダーシップ：変革型リーダーシップ,Leadership: transformational leadership,高校 商業・大学教養,2,83,check,,True
business-administration,経営学,Business Administration,29学問,True,business-administration-field-06,人的資源管理,Human Resource Management,60,True,biz-065,チーム,Teams,高校 商業・大学教養,2,90,check,,True
business-administration,経営学,Business Administration,29学問,True,business-administration-field-06,人的資源管理,Human Resource Management,60,True,biz-066,ダイバーシティ,Diversity,高校 商業・大学教養,2,100,check,,True
business-administration,経営学,Business Administration,29学問,True,business-administration-field-07,会計,Accounting,70,True,biz-067,簿記の目的,Purpose of bookkeeping,高校 商業,2,10,check,,True
business-administration,経営学,Business Administration,29学問,True,business-administration-field-07,会計,Accounting,70,True,biz-068,仕訳,Journal entries,高校 商業,2,20,check,,True
business-administration,経営学,Business Administration,29学問,True,business-administration-field-07,会計,Accounting,70,True,biz-069,貸借対照表,Balance sheet,高校 商業,2,30,check,,True
business-administration,経営学,Business Administration,29学問,True,business-administration-field-07,会計,Accounting,70,True,biz-070,損益計算書,Income statement,高校 商業,2,40,check,,True
business-administration,経営学,Business Administration,29学問,True,business-administration-field-07,会計,Accounting,70,True,biz-071,キャッシュフロー計算書,Cash flow statement,高校 商業,2,50,check,,True
business-administration,経営学,Business Administration,29学問,True,business-administration-field-07,会計,Accounting,70,True,biz-072,決算,Closing the books,高校 商業,2,60,check,,True
business-administration,経営学,Business Administration,29学問,True,business-administration-field-07,会計,Accounting,70,True,biz-073,財務会計,Financial accounting,高校 商業,2,70,check,,True
business-administration,経営学,Business Administration,29学問,True,business-administration-field-07,会計,Accounting,70,True,biz-074,管理会計,Management accounting,高校 商業,2,80,check,,True
business-administration,経営学,Business Administration,29学問,True,business-administration-field-07,会計,Accounting,70,True,biz-075-s1,原価計算：個別原価計算と総合原価計算,Cost accounting: job-order and process costing,高校 商業,2,91,check,,True
business-administration,経営学,Business Administration,29学問,True,business-administration-field-07,会計,Accounting,70,True,biz-075-s2,原価計算：標準原価計算,Cost accounting: standard costing,高校 商業,2,92,check,,True
business-administration,経営学,Business Administration,29学問,True,business-administration-field-07,会計,Accounting,70,True,biz-075-s3,原価計算：直接原価計算,Cost accounting: direct costing,高校 商業,2,93,check,,True
business-administration,経営学,Business Administration,29学問,True,business-administration-field-07,会計,Accounting,70,True,biz-076,損益分岐点,Break-even point,高校 商業,2,100,check,,True
business-administration,経営学,Business Administration,29学問,True,business-administration-field-07,会計,Accounting,70,True,biz-077,予算管理,Budget management,高校 商業,2,110,check,,True
business-administration,経営学,Business Administration,29学問,True,business-administration-field-08,財務,Corporate Finance,80,True,biz-078,企業金融,Corporate finance,高校 商業・大学教養,2,10,check,,True
business-administration,経営学,Business Administration,29学問,True,business-administration-field-08,財務,Corporate Finance,80,True,biz-079,資金調達,Fund raising,高校 商業・大学教養,2,20,check,,True
business-administration,経営学,Business Administration,29学問,True,business-administration-field-08,財務,Corporate Finance,80,True,biz-080,株式,Stocks,高校 商業・大学教養,2,30,check,,True
business-administration,経営学,Business Administration,29学問,True,business-administration-field-08,財務,Corporate Finance,80,True,biz-081,社債,Corporate bonds,高校 商業・大学教養,2,40,check,,True
business-administration,経営学,Business Administration,29学問,True,business-administration-field-08,財務,Corporate Finance,80,True,biz-082,負債と自己資本,Debt and equity,高校 商業・大学教養,2,50,check,,True
business-administration,経営学,Business Administration,29学問,True,business-administration-field-08,財務,Corporate Finance,80,True,biz-083,資本コスト,Cost of capital,高校 商業・大学教養,2,60,check,,True
business-administration,経営学,Business Administration,29学問,True,business-administration-field-08,財務,Corporate Finance,80,True,biz-084,投資意思決定,Investment decisions,高校 商業・大学教養,2,70,check,,True
business-administration,経営学,Business Administration,29学問,True,business-administration-field-08,財務,Corporate Finance,80,True,biz-085,現在価値,Present value,高校 商業・大学教養,2,80,check,,True
business-administration,経営学,Business Administration,29学問,True,business-administration-field-08,財務,Corporate Finance,80,True,biz-086,企業価値,Corporate value,高校 商業・大学教養,2,90,check,,True
business-administration,経営学,Business Administration,29学問,True,business-administration-field-08,財務,Corporate Finance,80,True,biz-087,配当,Dividends,高校 商業・大学教養,2,100,check,,True
business-administration,経営学,Business Administration,29学問,True,business-administration-field-09,オペレーション,Operations,90,True,biz-088,生産管理,Production management,高校 商業・工業・大学教養,2,10,check,,True
business-administration,経営学,Business Administration,29学問,True,business-administration-field-09,オペレーション,Operations,90,True,biz-089-s1,品質管理：QC七つ道具,Quality control: the seven QC tools,高校 商業・工業・大学教養,2,21,check,,True
business-administration,経営学,Business Administration,29学問,True,business-administration-field-09,オペレーション,Operations,90,True,biz-089-s2,品質管理：管理図と統計的工程管理,Quality control: control charts and statistical process control,高校 商業・工業・大学教養,2,22,check,,True
business-administration,経営学,Business Administration,29学問,True,business-administration-field-09,オペレーション,Operations,90,True,biz-089-s3,品質管理：TQMとISO9001,Quality control: TQM and ISO 9001,高校 商業・工業・大学教養,2,23,check,,True
business-administration,経営学,Business Administration,29学問,True,business-administration-field-09,オペレーション,Operations,90,True,biz-090,在庫管理,Inventory management,高校 商業・工業・大学教養,2,30,check,,True
business-administration,経営学,Business Administration,29学問,True,business-administration-field-09,オペレーション,Operations,90,True,biz-091,サプライチェーン,Supply chain,高校 商業・工業・大学教養,2,40,check,,True
business-administration,経営学,Business Administration,29学問,True,business-administration-field-09,オペレーション,Operations,90,True,biz-092,物流,Logistics,高校 商業・工業・大学教養,2,50,check,,True
business-administration,経営学,Business Administration,29学問,True,business-administration-field-09,オペレーション,Operations,90,True,biz-093,需要予測,Demand forecasting,高校 商業・工業・大学教養,2,60,check,,True
business-administration,経営学,Business Administration,29学問,True,business-administration-field-09,オペレーション,Operations,90,True,biz-094,プロセス改善,Process improvement,高校 商業・工業・大学教養,2,70,check,,True
business-administration,経営学,Business Administration,29学問,True,business-administration-field-09,オペレーション,Operations,90,True,biz-095,リーン生産,Lean production,高校 商業・工業・大学教養,2,80,check,,True
business-administration,経営学,Business Administration,29学問,True,business-administration-field-10,情報経営,Management Information,100,True,biz-096,業務システム,Business systems,高校 商業 情報,2,10,check,,True
business-administration,経営学,Business Administration,29学問,True,business-administration-field-10,情報経営,Management Information,100,True,biz-097,ERP,ERP,高校 商業 情報,2,20,check,,True
business-administration,経営学,Business Administration,29学問,True,business-administration-field-10,情報経営,Management Information,100,True,biz-098,CRM,CRM,高校 商業 情報,2,30,check,,True
business-administration,経営学,Business Administration,29学問,True,business-administration-field-10,情報経営,Management Information,100,True,biz-099,データベース,Databases,高校 商業 情報,2,40,check,,True
business-administration,経営学,Business Administration,29学問,True,business-administration-field-10,情報経営,Management Information,100,True,biz-100,経営情報,Management information,高校 商業 情報,2,50,check,,True
business-administration,経営学,Business Administration,29学問,True,business-administration-field-10,情報経営,Management Information,100,True,biz-101,データ分析,Data analysis,高校 商業 情報,2,60,check,,True
business-administration,経営学,Business Administration,29学問,True,business-administration-field-10,情報経営,Management Information,100,True,biz-102,DX,DX (digital transformation),高校 商業 情報,2,70,check,,True
business-administration,経営学,Business Administration,29学問,True,business-administration-field-10,情報経営,Management Information,100,True,biz-103,情報セキュリティ,Information security,高校 商業 情報,2,80,check,,True
business-administration,経営学,Business Administration,29学問,True,business-administration-field-10,情報経営,Management Information,100,True,biz-104,プラットフォームビジネス,Platform business,高校 商業 情報,2,90,check,,True
business-administration,経営学,Business Administration,29学問,True,business-administration-field-11,起業,Entrepreneurship,110,True,biz-105,起業家精神,Entrepreneurial spirit,高校 商業・大学教養,2,10,check,,True
business-administration,経営学,Business Administration,29学問,True,business-administration-field-11,起業,Entrepreneurship,110,True,biz-106,事業機会,Business opportunities,高校 商業・大学教養,2,20,check,,True
business-administration,経営学,Business Administration,29学問,True,business-administration-field-11,起業,Entrepreneurship,110,True,biz-107,顧客課題,Customer problems,高校 商業・大学教養,2,30,check,,True
business-administration,経営学,Business Administration,29学問,True,business-administration-field-11,起業,Entrepreneurship,110,True,biz-108,ビジネスモデル,Business models,高校 商業・大学教養,2,40,check,,True
business-administration,経営学,Business Administration,29学問,True,business-administration-field-11,起業,Entrepreneurship,110,True,biz-109,価値提案,Value proposition,高校 商業・大学教養,2,50,check,,True
business-administration,経営学,Business Administration,29学問,True,business-administration-field-11,起業,Entrepreneurship,110,True,biz-110,MVP,MVP,高校 商業・大学教養,2,60,check,,True
business-administration,経営学,Business Administration,29学問,True,business-administration-field-11,起業,Entrepreneurship,110,True,biz-111,事業計画,Business plan,高校 商業・大学教養,2,70,check,,True
business-administration,経営学,Business Administration,29学問,True,business-administration-field-11,起業,Entrepreneurship,110,True,biz-112,スタートアップの資金調達,Startup fundraising,高校 商業・大学教養,2,80,check,,True
business-administration,経営学,Business Administration,29学問,True,business-administration-field-11,起業,Entrepreneurship,110,True,biz-113,スタートアップ,Startups,高校 商業・大学教養,2,90,check,,True
business-administration,経営学,Business Administration,29学問,True,business-administration-field-11,起業,Entrepreneurship,110,True,biz-114,スケール,Scaling,高校 商業・大学教養,2,100,check,,True
business-administration,経営学,Business Administration,29学問,True,business-administration-field-12,イノベーション,Innovation,120,True,biz-115,イノベーションとは何か,What is innovation?,高校 商業・大学教養,2,10,check,,True
business-administration,経営学,Business Administration,29学問,True,business-administration-field-12,イノベーション,Innovation,120,True,biz-116,技術革新,Technological innovation,高校 商業・大学教養,2,20,check,,True
business-administration,経営学,Business Administration,29学問,True,business-administration-field-12,イノベーション,Innovation,120,True,biz-117,破壊的イノベーション,Disruptive innovation,高校 商業・大学教養,2,30,check,,True
business-administration,経営学,Business Administration,29学問,True,business-administration-field-12,イノベーション,Innovation,120,True,biz-118,オープンイノベーション,Open innovation,高校 商業・大学教養,2,40,check,,True
business-administration,経営学,Business Administration,29学問,True,business-administration-field-12,イノベーション,Innovation,120,True,biz-119,知識管理,Knowledge management,高校 商業・大学教養,2,50,check,,True
business-administration,経営学,Business Administration,29学問,True,business-administration-field-13,国際経営,International Business,130,True,biz-120,グローバル化,Globalization,高校 商業,2,10,check,,True
business-administration,経営学,Business Administration,29学問,True,business-administration-field-13,国際経営,International Business,130,True,biz-121,海外進出,Overseas expansion,高校 商業,2,20,check,,True
business-administration,経営学,Business Administration,29学問,True,business-administration-field-13,国際経営,International Business,130,True,biz-122,多国籍企業,Multinational corporations,高校 商業,2,30,check,,True
business-administration,経営学,Business Administration,29学問,True,business-administration-field-13,国際経営,International Business,130,True,biz-123,国際マーケティング,International marketing,高校 商業,2,40,check,,True
business-administration,経営学,Business Administration,29学問,True,business-administration-field-13,国際経営,International Business,130,True,biz-124,為替リスク,Foreign exchange risk,高校 商業,2,50,check,,True
business-administration,経営学,Business Administration,29学問,True,business-administration-field-13,国際経営,International Business,130,True,biz-125,異文化マネジメント,Cross-cultural management,高校 商業,2,60,check,,True
business-administration,経営学,Business Administration,29学問,True,business-administration-field-13,国際経営,International Business,130,True,biz-126,グローバルサプライチェーン,Global supply chains,高校 商業,2,70,check,,True
business-administration,経営学,Business Administration,29学問,True,business-administration-field-14,企業統治,Corporate Governance,140,True,biz-127,コーポレートガバナンス,Corporate governance,高校 商業・大学教養,2,10,check,,True
business-administration,経営学,Business Administration,29学問,True,business-administration-field-14,企業統治,Corporate Governance,140,True,biz-128,株主,Shareholders,高校 商業・大学教養,2,20,check,,True
business-administration,経営学,Business Administration,29学問,True,business-administration-field-14,企業統治,Corporate Governance,140,True,biz-129,取締役会,Board of directors,高校 商業・大学教養,2,30,check,,True
business-administration,経営学,Business Administration,29学問,True,business-administration-field-14,企業統治,Corporate Governance,140,True,biz-130,経営者,Executives,高校 商業・大学教養,2,40,check,,True
business-administration,経営学,Business Administration,29学問,True,business-administration-field-14,企業統治,Corporate Governance,140,True,biz-131,エージェンシー問題,Agency problem,高校 商業・大学教養,2,50,check,,True
business-administration,経営学,Business Administration,29学問,True,business-administration-field-14,企業統治,Corporate Governance,140,True,biz-132,内部統制,Internal control,高校 商業・大学教養,2,60,check,,True
business-administration,経営学,Business Administration,29学問,True,business-administration-field-14,企業統治,Corporate Governance,140,True,biz-133,コンプライアンス,Compliance,高校 商業・大学教養,2,70,check,,True
business-administration,経営学,Business Administration,29学問,True,business-administration-field-15,ビジネス法務,Business Law,150,True,biz-134,契約,Contracts,高校 商業 ビジネス法規,2,10,check,,True
business-administration,経営学,Business Administration,29学問,True,business-administration-field-15,ビジネス法務,Business Law,150,True,biz-135-s1,会社法：機関設計,Company law: organizational design,高校 商業 ビジネス法規,2,21,check,,True
business-administration,経営学,Business Administration,29学問,True,business-administration-field-15,ビジネス法務,Business Law,150,True,biz-135-s2,会社法：株式と資本,Company law: shares and capital,高校 商業 ビジネス法規,2,22,check,,True
business-administration,経営学,Business Administration,29学問,True,business-administration-field-15,ビジネス法務,Business Law,150,True,biz-135-s3,会社法：組織再編,Company law: corporate reorganization,高校 商業 ビジネス法規,2,23,check,,True
business-administration,経営学,Business Administration,29学問,True,business-administration-field-15,ビジネス法務,Business Law,150,True,biz-136-s1,知的財産：産業財産権の出願と管理,Intellectual property: filing and managing industrial property rights,高校 商業 ビジネス法規,2,31,check,,True
business-administration,経営学,Business Administration,29学問,True,business-administration-field-15,ビジネス法務,Business Law,150,True,biz-136-s2,知的財産：著作権の実務,Intellectual property: copyright in practice,高校 商業 ビジネス法規,2,32,check,,True
business-administration,経営学,Business Administration,29学問,True,business-administration-field-15,ビジネス法務,Business Law,150,True,biz-136-s3,知的財産：営業秘密の管理,Intellectual property: managing trade secrets,高校 商業 ビジネス法規,2,33,check,,True
business-administration,経営学,Business Administration,29学問,True,business-administration-field-15,ビジネス法務,Business Law,150,True,biz-137-s1,消費者法：景品表示法と広告規制,Consumer law: premiums and representations act and advertising rules,高校 商業 ビジネス法規,2,41,check,,True
business-administration,経営学,Business Administration,29学問,True,business-administration-field-15,ビジネス法務,Business Law,150,True,biz-137-s2,消費者法：消費者契約の取消・無効,Consumer law: rescission and nullity of consumer contracts,高校 商業 ビジネス法規,2,42,check,,True
business-administration,経営学,Business Administration,29学問,True,business-administration-field-15,ビジネス法務,Business Law,150,True,biz-137-s3,消費者法：特定商取引法への対応,Consumer law: complying with the Specified Commercial Transactions Act,高校 商業 ビジネス法規,2,43,check,,True
business-administration,経営学,Business Administration,29学問,True,business-administration-field-15,ビジネス法務,Business Law,150,True,biz-138-s1,労働法：労働契約と就業規則,Labor law: employment contracts and work rules,高校 商業 ビジネス法規,2,51,check,,True
business-administration,経営学,Business Administration,29学問,True,business-administration-field-15,ビジネス法務,Business Law,150,True,biz-138-s2,労働法：労働時間管理,Labor law: managing working hours,高校 商業 ビジネス法規,2,52,check,,True
business-administration,経営学,Business Administration,29学問,True,business-administration-field-15,ビジネス法務,Business Law,150,True,biz-138-s3,労働法：ハラスメント防止,Labor law: preventing harassment,高校 商業 ビジネス法規,2,53,check,,True
business-administration,経営学,Business Administration,29学問,True,business-administration-field-15,ビジネス法務,Business Law,150,True,biz-139,電子商取引,E-commerce,高校 商業 ビジネス法規,2,60,check,,True
business-administration,経営学,Business Administration,29学問,True,business-administration-field-16,観光・地域ビジネス,Tourism and Regional Business,160,True,biz-140,観光産業,Tourism industry,高校 商業,2,10,check,,True
business-administration,経営学,Business Administration,29学問,True,business-administration-field-16,観光・地域ビジネス,Tourism and Regional Business,160,True,biz-141,観光資源,Tourism resources,高校 商業,2,20,check,,True
business-administration,経営学,Business Administration,29学問,True,business-administration-field-16,観光・地域ビジネス,Tourism and Regional Business,160,True,biz-142,地域ブランド,Regional branding,高校 商業,2,30,check,,True
business-administration,経営学,Business Administration,29学問,True,business-administration-field-16,観光・地域ビジネス,Tourism and Regional Business,160,True,biz-143,地域経営,Regional management,高校 商業,2,40,check,,True
business-administration,経営学,Business Administration,29学問,True,business-administration-field-16,観光・地域ビジネス,Tourism and Regional Business,160,True,biz-144,サービス価値,Service value,高校 商業,2,50,check,,True
sociology,社会学,Sociology,29学問,True,sociology-field-01,社会学の基礎,Foundations of Sociology,10,True,soc-002,社会的事実,Social facts,高校 公共・大学教養,2,20,check,,True
sociology,社会学,Sociology,29学問,True,sociology-field-01,社会学の基礎,Foundations of Sociology,10,True,soc-003,社会構造,Social structure,高校 公共・大学教養,2,30,check,,True
sociology,社会学,Sociology,29学問,True,sociology-field-01,社会学の基礎,Foundations of Sociology,10,True,soc-004,社会制度,Social institutions,高校 公共・大学教養,2,40,check,,True
sociology,社会学,Sociology,29学問,True,sociology-field-01,社会学の基礎,Foundations of Sociology,10,True,soc-005,個人と社会,Individual and society,高校 公共・大学教養,2,50,check,,True
sociology,社会学,Sociology,29学問,True,sociology-field-01,社会学の基礎,Foundations of Sociology,10,True,soc-006,近代社会,Modern society,高校 公共・大学教養,2,60,check,,True
sociology,社会学,Sociology,29学問,True,sociology-field-02,社会学理論,Sociological Theory,20,True,soc-007,コント,Comte,高校 倫理・大学教養,2,10,check,,True
sociology,社会学,Sociology,29学問,True,sociology-field-02,社会学理論,Sociological Theory,20,True,soc-008,デュルケーム,Durkheim,高校 倫理・大学教養,2,20,check,,True
sociology,社会学,Sociology,29学問,True,sociology-field-02,社会学理論,Sociological Theory,20,True,soc-009,ウェーバー,Weber,高校 倫理・大学教養,2,30,check,,True
sociology,社会学,Sociology,29学問,True,sociology-field-02,社会学理論,Sociological Theory,20,True,soc-010,マルクス,Marx,高校 倫理・大学教養,2,40,check,,True
sociology,社会学,Sociology,29学問,True,sociology-field-02,社会学理論,Sociological Theory,20,True,soc-011,機能主義,Functionalism,高校 倫理・大学教養,2,50,check,,True
sociology,社会学,Sociology,29学問,True,sociology-field-02,社会学理論,Sociological Theory,20,True,soc-012,葛藤理論,Conflict theory,高校 倫理・大学教養,2,60,check,,True
sociology,社会学,Sociology,29学問,True,sociology-field-02,社会学理論,Sociological Theory,20,True,soc-013,シンボリック相互作用論,Symbolic interactionism,高校 倫理・大学教養,2,70,check,,True
sociology,社会学,Sociology,29学問,True,sociology-field-02,社会学理論,Sociological Theory,20,True,soc-014,社会構築主義,Social constructionism,高校 倫理・大学教養,2,80,check,,True
sociology,社会学,Sociology,29学問,True,sociology-field-03,社会化,Socialization,30,True,soc-015,社会化とは何か,What is socialization?,中学 公民・高校 公共・家庭,2,10,check,,True
sociology,社会学,Sociology,29学問,True,sociology-field-03,社会化,Socialization,30,True,soc-016,規範,Norms,中学 公民・高校 公共・家庭,2,20,check,,True
sociology,社会学,Sociology,29学問,True,sociology-field-03,社会化,Socialization,30,True,soc-017,価値,Values,中学 公民・高校 公共・家庭,2,30,check,,True
sociology,社会学,Sociology,29学問,True,sociology-field-03,社会化,Socialization,30,True,soc-018,役割,Roles,中学 公民・高校 公共・家庭,2,40,check,,True
sociology,社会学,Sociology,29学問,True,sociology-field-03,社会化,Socialization,30,True,soc-019,地位,Status,中学 公民・高校 公共・家庭,2,50,check,,True
sociology,社会学,Sociology,29学問,True,sociology-field-03,社会化,Socialization,30,True,soc-020,アイデンティティ,Identity,中学 公民・高校 公共・家庭,2,60,check,,True
sociology,社会学,Sociology,29学問,True,sociology-field-03,社会化,Socialization,30,True,soc-021,逸脱,Deviance,中学 公民・高校 公共・家庭,2,70,check,,True
sociology,社会学,Sociology,29学問,True,sociology-field-03,社会化,Socialization,30,True,soc-022,社会統制,Social control,中学 公民・高校 公共・家庭,2,80,check,,True
sociology,社会学,Sociology,29学問,True,sociology-field-04,集団・組織,Groups and Organizations,40,True,soc-023,社会集団,Social groups,中学 公民・大学教養,2,10,check,,True
sociology,社会学,Sociology,29学問,True,sociology-field-04,集団・組織,Groups and Organizations,40,True,soc-024,一次集団と二次集団,Primary and secondary groups,中学 公民・大学教養,2,20,check,,True
sociology,社会学,Sociology,29学問,True,sociology-field-04,集団・組織,Groups and Organizations,40,True,soc-025,官僚制,Bureaucracy,中学 公民・大学教養,2,30,check,,True
sociology,社会学,Sociology,29学問,True,sociology-field-04,集団・組織,Groups and Organizations,40,True,soc-026,組織,Organizations,中学 公民・大学教養,2,40,check,,True
sociology,社会学,Sociology,29学問,True,sociology-field-04,集団・組織,Groups and Organizations,40,True,soc-027,ネットワーク,Networks,中学 公民・大学教養,2,50,check,,True
sociology,社会学,Sociology,29学問,True,sociology-field-04,集団・組織,Groups and Organizations,40,True,soc-028,コミュニティ,Community,中学 公民・大学教養,2,60,check,,True
sociology,社会学,Sociology,29学問,True,sociology-field-05,家族,Family,50,True,soc-029,家族とは何か,What is a family?,高校 家庭・公共,2,10,check,,True
sociology,社会学,Sociology,29学問,True,sociology-field-05,家族,Family,50,True,soc-030,家族形態,Family forms,高校 家庭・公共,2,20,check,,True
sociology,社会学,Sociology,29学問,True,sociology-field-05,家族,Family,50,True,soc-031,結婚,Marriage,高校 家庭・公共,2,30,check,,True
sociology,社会学,Sociology,29学問,True,sociology-field-05,家族,Family,50,True,soc-032,親子,Parent and child,高校 家庭・公共,2,40,check,,True
sociology,社会学,Sociology,29学問,True,sociology-field-05,家族,Family,50,True,soc-033,ジェンダー役割,Gender roles,高校 家庭・公共,2,50,check,,True
sociology,社会学,Sociology,29学問,True,sociology-field-05,家族,Family,50,True,soc-034,少子化,Declining birthrate,高校 家庭・公共,2,60,check,,True
sociology,社会学,Sociology,29学問,True,sociology-field-05,家族,Family,50,True,soc-035,高齢化,Population aging,高校 家庭・公共,2,70,check,,True
sociology,社会学,Sociology,29学問,True,sociology-field-05,家族,Family,50,True,soc-036,ケア,Care,高校 家庭・公共,2,80,check,,True
sociology,社会学,Sociology,29学問,True,sociology-field-06,階層・格差,Stratification and Inequality,60,True,soc-037,社会階層,Social stratification,高校 公共・政治経済,2,10,check,,True
sociology,社会学,Sociology,29学問,True,sociology-field-06,階層・格差,Stratification and Inequality,60,True,soc-038,階級,Social class,高校 公共・政治経済,2,20,check,,True
sociology,社会学,Sociology,29学問,True,sociology-field-06,階層・格差,Stratification and Inequality,60,True,soc-039,所得格差,Income inequality,高校 公共・政治経済,2,30,check,,True
sociology,社会学,Sociology,29学問,True,sociology-field-06,階層・格差,Stratification and Inequality,60,True,soc-040,教育格差,Educational inequality,高校 公共・政治経済,2,40,check,,True
sociology,社会学,Sociology,29学問,True,sociology-field-06,階層・格差,Stratification and Inequality,60,True,soc-041,社会移動,Social mobility,高校 公共・政治経済,2,50,check,,True
sociology,社会学,Sociology,29学問,True,sociology-field-06,階層・格差,Stratification and Inequality,60,True,soc-042,貧困,Poverty,高校 公共・政治経済,2,60,check,,True
sociology,社会学,Sociology,29学問,True,sociology-field-06,階層・格差,Stratification and Inequality,60,True,soc-043,文化資本,Cultural capital,高校 公共・政治経済,2,70,check,,True
sociology,社会学,Sociology,29学問,True,sociology-field-07,ジェンダー,Gender,70,True,soc-044,ジェンダーとは何か,What is gender?,高校 公共・家庭・大学教養,2,10,check,,True
sociology,社会学,Sociology,29学問,True,sociology-field-07,ジェンダー,Gender,70,True,soc-045,性別役割分業,Gendered division of labor,高校 公共・家庭・大学教養,2,20,check,,True
sociology,社会学,Sociology,29学問,True,sociology-field-07,ジェンダー,Gender,70,True,soc-046-s1,フェミニズム：第一波フェミニズム,Feminism: first-wave feminism,高校 公共・家庭・大学教養,2,31,check,,True
sociology,社会学,Sociology,29学問,True,sociology-field-07,ジェンダー,Gender,70,True,soc-046-s2,フェミニズム：第二波フェミニズム,Feminism: second-wave feminism,高校 公共・家庭・大学教養,2,32,check,,True
sociology,社会学,Sociology,29学問,True,sociology-field-07,ジェンダー,Gender,70,True,soc-046-s3,フェミニズム：第三波以降とインターセクショナリティ,Feminism: third wave onward and intersectionality,高校 公共・家庭・大学教養,2,33,check,,True
sociology,社会学,Sociology,29学問,True,sociology-field-07,ジェンダー,Gender,70,True,soc-047,労働とジェンダー,Work and gender,高校 公共・家庭・大学教養,2,40,check,,True
sociology,社会学,Sociology,29学問,True,sociology-field-07,ジェンダー,Gender,70,True,soc-048,家族とジェンダー,Family and gender,高校 公共・家庭・大学教養,2,50,check,,True
sociology,社会学,Sociology,29学問,True,sociology-field-07,ジェンダー,Gender,70,True,soc-049,セクシュアリティ,Sexuality,高校 公共・家庭・大学教養,2,60,check,,True
sociology,社会学,Sociology,29学問,True,sociology-field-08,都市・地域,Cities and Regions,80,True,soc-050,都市化,Urbanization,中学 地理・高校 地理,2,10,check,,True
sociology,社会学,Sociology,29学問,True,sociology-field-08,都市・地域,Cities and Regions,80,True,soc-051,郊外化,Suburbanization,中学 地理・高校 地理,2,20,check,,True
sociology,社会学,Sociology,29学問,True,sociology-field-08,都市・地域,Cities and Regions,80,True,soc-052,都市コミュニティ,Urban communities,中学 地理・高校 地理,2,30,check,,True
sociology,社会学,Sociology,29学問,True,sociology-field-08,都市・地域,Cities and Regions,80,True,soc-053,地域社会,Local communities,中学 地理・高校 地理,2,40,check,,True
sociology,社会学,Sociology,29学問,True,sociology-field-08,都市・地域,Cities and Regions,80,True,soc-054,過疎,Depopulation,中学 地理・高校 地理,2,50,check,,True
sociology,社会学,Sociology,29学問,True,sociology-field-08,都市・地域,Cities and Regions,80,True,soc-055,地方創生,Regional revitalization,中学 地理・高校 地理,2,60,check,,True
sociology,社会学,Sociology,29学問,True,sociology-field-08,都市・地域,Cities and Regions,80,True,soc-056,住宅と社会,Housing and society,中学 地理・高校 地理,2,70,check,,True
sociology,社会学,Sociology,29学問,True,sociology-field-09,労働,Work,90,True,soc-057,労働とは何か,What is work?,中学 公民・高校 政治経済,2,10,check,,True
sociology,社会学,Sociology,29学問,True,sociology-field-09,労働,Work,90,True,soc-058,職業,Occupations,中学 公民・高校 政治経済,2,20,check,,True
sociology,社会学,Sociology,29学問,True,sociology-field-09,労働,Work,90,True,soc-059,雇用,Employment,中学 公民・高校 政治経済,2,30,check,,True
sociology,社会学,Sociology,29学問,True,sociology-field-09,労働,Work,90,True,soc-060,労働組織,Work organizations,中学 公民・高校 政治経済,2,40,check,,True
sociology,社会学,Sociology,29学問,True,sociology-field-09,労働,Work,90,True,soc-061,非正規雇用,Non-regular employment,中学 公民・高校 政治経済,2,50,check,,True
sociology,社会学,Sociology,29学問,True,sociology-field-09,労働,Work,90,True,soc-062,失業,Unemployment,中学 公民・高校 政治経済,2,60,check,,True
sociology,社会学,Sociology,29学問,True,sociology-field-09,労働,Work,90,True,soc-063,ワークライフバランス,Work-life balance,中学 公民・高校 政治経済,2,70,check,,True
sociology,社会学,Sociology,29学問,True,sociology-field-10,教育,Education,100,True,soc-064,学校と社会,School and society,高校 公共・大学教養,2,10,check,,True
sociology,社会学,Sociology,29学問,True,sociology-field-10,教育,Education,100,True,soc-065,教育機会,Educational opportunity,高校 公共・大学教養,2,20,check,,True
sociology,社会学,Sociology,29学問,True,sociology-field-10,教育,Education,100,True,soc-066,学歴社会,Credentialism,高校 公共・大学教養,2,30,check,,True
sociology,社会学,Sociology,29学問,True,sociology-field-10,教育,Education,100,True,soc-067,隠れたカリキュラム,Hidden curriculum,高校 公共・大学教養,2,40,check,,True
sociology,社会学,Sociology,29学問,True,sociology-field-10,教育,Education,100,True,soc-068,学校教育と教育格差,Schooling and educational inequality,高校 公共・大学教養,2,50,check,,True
sociology,社会学,Sociology,29学問,True,sociology-field-11,メディア,Media,110,True,soc-069,マスメディア,Mass media,高校 情報・公共,2,10,check,,True
sociology,社会学,Sociology,29学問,True,sociology-field-11,メディア,Media,110,True,soc-070,世論,Public opinion,高校 情報・公共,2,20,check,,True
sociology,社会学,Sociology,29学問,True,sociology-field-11,メディア,Media,110,True,soc-071,広告,Advertising,高校 情報・公共,2,30,check,,True
sociology,社会学,Sociology,29学問,True,sociology-field-11,メディア,Media,110,True,soc-072,SNS,Social media,高校 情報・公共,2,40,check,,True
sociology,社会学,Sociology,29学問,True,sociology-field-11,メディア,Media,110,True,soc-073,メディア表象,Media representation,高校 情報・公共,2,50,check,,True
sociology,社会学,Sociology,29学問,True,sociology-field-11,メディア,Media,110,True,soc-074,情報社会,Information society,高校 情報・公共,2,60,check,,True
sociology,社会学,Sociology,29学問,True,sociology-field-11,メディア,Media,110,True,soc-075,デジタル社会,Digital society,高校 情報・公共,2,70,check,,True
sociology,社会学,Sociology,29学問,True,sociology-field-12,文化,Culture,120,True,soc-076,文化とは何か,What is culture?,中学 社会・高校 公共,2,10,check,,True
sociology,社会学,Sociology,29学問,True,sociology-field-12,文化,Culture,120,True,soc-077,サブカルチャー,Subculture,中学 社会・高校 公共,2,20,check,,True
sociology,社会学,Sociology,29学問,True,sociology-field-12,文化,Culture,120,True,soc-078,文化変容,Acculturation,中学 社会・高校 公共,2,30,check,,True
sociology,社会学,Sociology,29学問,True,sociology-field-12,文化,Culture,120,True,soc-079,消費文化,Consumer culture,中学 社会・高校 公共,2,40,check,,True
sociology,社会学,Sociology,29学問,True,sociology-field-12,文化,Culture,120,True,soc-080,流行,Fashion and trends,中学 社会・高校 公共,2,50,check,,True
sociology,社会学,Sociology,29学問,True,sociology-field-12,文化,Culture,120,True,soc-081,趣味,Hobbies and taste,中学 社会・高校 公共,2,60,check,,True
sociology,社会学,Sociology,29学問,True,sociology-field-12,文化,Culture,120,True,soc-082,象徴,Symbols,中学 社会・高校 公共,2,70,check,,True
sociology,社会学,Sociology,29学問,True,sociology-field-13,人口,Population,130,True,soc-083,人口構造,Population structure,高校 地理・公共,2,10,check,,True
sociology,社会学,Sociology,29学問,True,sociology-field-13,人口,Population,130,True,soc-084,人口学からみる少子化,Declining birthrate from a demographic view,高校 地理・公共,2,20,check,,True
sociology,社会学,Sociology,29学問,True,sociology-field-13,人口,Population,130,True,soc-085,人口学からみる高齢化,Population aging from a demographic view,高校 地理・公共,2,30,check,,True
sociology,社会学,Sociology,29学問,True,sociology-field-13,人口,Population,130,True,soc-086,人口移動,Migration,高校 地理・公共,2,40,check,,True
sociology,社会学,Sociology,29学問,True,sociology-field-13,人口,Population,130,True,soc-087,移民,Immigration,高校 地理・公共,2,50,check,,True
sociology,社会学,Sociology,29学問,True,sociology-field-13,人口,Population,130,True,soc-088,人口政策,Population policy,高校 地理・公共,2,60,check,,True
sociology,社会学,Sociology,29学問,True,sociology-field-14,社会運動,Social Movements,140,True,soc-089,社会運動とは何か,What is a social movement?,高校 公共・歴史,2,10,check,,True
sociology,社会学,Sociology,29学問,True,sociology-field-14,社会運動,Social Movements,140,True,soc-090,市民運動,Citizens' movements,高校 公共・歴史,2,20,check,,True
sociology,社会学,Sociology,29学問,True,sociology-field-14,社会運動,Social Movements,140,True,soc-091,労働運動,Labor movements,高校 公共・歴史,2,30,check,,True
sociology,社会学,Sociology,29学問,True,sociology-field-14,社会運動,Social Movements,140,True,soc-092,環境運動,Environmental movements,高校 公共・歴史,2,40,check,,True
sociology,社会学,Sociology,29学問,True,sociology-field-14,社会運動,Social Movements,140,True,soc-093,アイデンティティ運動,Identity movements,高校 公共・歴史,2,50,check,,True
sociology,社会学,Sociology,29学問,True,sociology-field-15,社会調査,Social Research,150,True,soc-094,社会調査とは何か,What is social research?,高校 情報・大学教養,2,10,check,,True
sociology,社会学,Sociology,29学問,True,sociology-field-15,社会調査,Social Research,150,True,soc-095,量的調査,Quantitative research,高校 情報・大学教養,2,20,check,,True
sociology,社会学,Sociology,29学問,True,sociology-field-15,社会調査,Social Research,150,True,soc-096,質的調査,Qualitative research,高校 情報・大学教養,2,30,check,,True
sociology,社会学,Sociology,29学問,True,sociology-field-15,社会調査,Social Research,150,True,soc-097,質問紙,Questionnaires,高校 情報・大学教養,2,40,check,,True
sociology,社会学,Sociology,29学問,True,sociology-field-15,社会調査,Social Research,150,True,soc-098,インタビュー,Interviews,高校 情報・大学教養,2,50,check,,True
sociology,社会学,Sociology,29学問,True,sociology-field-15,社会調査,Social Research,150,True,soc-099,参与観察,Participant observation,高校 情報・大学教養,2,60,check,,True
sociology,社会学,Sociology,29学問,True,sociology-field-15,社会調査,Social Research,150,True,soc-100,サンプリング,Sampling,高校 情報・大学教養,2,70,check,,True
sociology,社会学,Sociology,29学問,True,sociology-field-15,社会調査,Social Research,150,True,soc-101,相関と因果,Correlation and causation,高校 情報・大学教養,2,80,check,,True
sociology,社会学,Sociology,29学問,True,sociology-field-15,社会調査,Social Research,150,True,soc-102,調査倫理,Research ethics,高校 情報・大学教養,2,90,check,,True
sociology,社会学,Sociology,29学問,True,sociology-field-16,グローバル社会,Global Society,160,True,soc-103,グローバル化,Globalization,高校 地理・公共,2,10,check,,True
sociology,社会学,Sociology,29学問,True,sociology-field-16,グローバル社会,Global Society,160,True,soc-104,移民とグローバル社会,Migration and global society,高校 地理・公共,2,20,check,,True
sociology,社会学,Sociology,29学問,True,sociology-field-16,グローバル社会,Global Society,160,True,soc-105,多文化社会,Multicultural society,高校 地理・公共,2,30,check,,True
sociology,社会学,Sociology,29学問,True,sociology-field-16,グローバル社会,Global Society,160,True,soc-106,国民国家,Nation-state,高校 地理・公共,2,40,check,,True
sociology,社会学,Sociology,29学問,True,sociology-field-16,グローバル社会,Global Society,160,True,soc-107,国際的不平等,Global inequality,高校 地理・公共,2,50,check,,True
sociology,社会学,Sociology,29学問,True,sociology-field-16,グローバル社会,Global Society,160,True,soc-108,リスク社会,Risk society,高校 地理・公共,2,60,check,,True
education,教育学,Education,29学問,True,education-field-01,教育の基礎,Foundations of Education,10,True,edu-004,教育の目的,Aims of education,学習指導要領 総則・大学教養,2,40,check,,True
education,教育学,Education,29学問,True,education-field-01,教育の基礎,Foundations of Education,10,True,edu-005,人格形成,Character formation,学習指導要領 総則・大学教養,2,50,check,,True
education,教育学,Education,29学問,True,education-field-01,教育の基礎,Foundations of Education,10,True,edu-006,教育と社会,Education and society,学習指導要領 総則・大学教養,2,60,check,,True
education,教育学,Education,29学問,True,education-field-02,教育思想,Educational Thought,20,True,edu-007,ソクラテスと教育,Socrates and education,高校 倫理・大学教養,2,10,check,,True
education,教育学,Education,29学問,True,education-field-02,教育思想,Educational Thought,20,True,edu-008,プラトン,Plato,高校 倫理・大学教養,2,20,check,,True
education,教育学,Education,29学問,True,education-field-02,教育思想,Educational Thought,20,True,edu-009,ルソー,Rousseau,高校 倫理・大学教養,2,30,check,,True
education,教育学,Education,29学問,True,education-field-02,教育思想,Educational Thought,20,True,edu-010,ペスタロッチ,Pestalozzi,高校 倫理・大学教養,2,40,check,,True
education,教育学,Education,29学問,True,education-field-02,教育思想,Educational Thought,20,True,edu-011,フレーベル,Froebel,高校 倫理・大学教養,2,50,check,,True
education,教育学,Education,29学問,True,education-field-02,教育思想,Educational Thought,20,True,edu-012,デューイ,Dewey,高校 倫理・大学教養,2,60,check,,True
education,教育学,Education,29学問,True,education-field-02,教育思想,Educational Thought,20,True,edu-013,モンテッソーリ,Montessori,高校 倫理・大学教養,2,70,check,,True
education,教育学,Education,29学問,True,education-field-02,教育思想,Educational Thought,20,True,edu-014-s1,日本の教育思想：近世の藩校・私塾と教育思想,"Japanese educational thought: domain schools, private academies and early modern thought",高校 倫理・大学教養,2,81,check,,True
education,教育学,Education,29学問,True,education-field-02,教育思想,Educational Thought,20,True,edu-014-s2,日本の教育思想：福沢諭吉と明治の教育思想,Japanese educational thought: Fukuzawa Yukichi and Meiji educational thought,高校 倫理・大学教養,2,82,check,,True
education,教育学,Education,29学問,True,education-field-02,教育思想,Educational Thought,20,True,edu-014-s3,日本の教育思想：大正自由教育,Japanese educational thought: Taisho liberal education,高校 倫理・大学教養,2,83,check,,True
education,教育学,Education,29学問,True,education-field-03,教育史,History of Education,30,True,edu-015-s1,古代の教育：古代ギリシア・ローマの教育,Ancient education: ancient Greece and Rome,高校 歴史・大学教養,2,11,check,,True
education,教育学,Education,29学問,True,education-field-03,教育史,History of Education,30,True,edu-015-s2,古代の教育：古代中国の教育,Ancient education: ancient China,高校 歴史・大学教養,2,12,check,,True
education,教育学,Education,29学問,True,education-field-03,教育史,History of Education,30,True,edu-015-s3,古代の教育：古代日本の教育,Ancient education: ancient Japan,高校 歴史・大学教養,2,13,check,,True
education,教育学,Education,29学問,True,education-field-03,教育史,History of Education,30,True,edu-016,寺子屋,Terakoya (temple schools),高校 歴史・大学教養,2,20,check,,True
education,教育学,Education,29学問,True,education-field-03,教育史,History of Education,30,True,edu-017,近代学校制度,Modern school systems,高校 歴史・大学教養,2,30,check,,True
education,教育学,Education,29学問,True,education-field-03,教育史,History of Education,30,True,edu-018,学制,Gakusei (1872 education system),高校 歴史・大学教養,2,40,check,,True
education,教育学,Education,29学問,True,education-field-03,教育史,History of Education,30,True,edu-019-s1,戦前日本の教育：教育勅語と国民教育,Prewar Japanese education: the Imperial Rescript on Education and national education,高校 歴史・大学教養,2,51,check,,True
education,教育学,Education,29学問,True,education-field-03,教育史,History of Education,30,True,edu-019-s2,戦前日本の教育：学校令による学校体系の整備,Prewar Japanese education: building the school system through school ordinances,高校 歴史・大学教養,2,52,check,,True
education,教育学,Education,29学問,True,education-field-03,教育史,History of Education,30,True,edu-019-s3,戦前日本の教育：戦時下の教育,Prewar Japanese education: education in wartime,高校 歴史・大学教養,2,53,check,,True
education,教育学,Education,29学問,True,education-field-03,教育史,History of Education,30,True,edu-020,戦後教育改革,Postwar education reform,高校 歴史・大学教養,2,60,check,,True
education,教育学,Education,29学問,True,education-field-03,教育史,History of Education,30,True,edu-021-s1,現代の学校教育：ゆとり教育,Contemporary schooling: yutori (relaxed) education,高校 歴史・大学教養,2,71,check,,True
education,教育学,Education,29学問,True,education-field-03,教育史,History of Education,30,True,edu-021-s2,現代の学校教育：学力向上路線への転換,Contemporary schooling: the shift toward raising academic achievement,高校 歴史・大学教養,2,72,check,,True
education,教育学,Education,29学問,True,education-field-03,教育史,History of Education,30,True,edu-021-s3,現代の学校教育：GIGAスクール構想,Contemporary schooling: GIGA School program,高校 歴史・大学教養,2,73,check,,True
education,教育学,Education,29学問,True,education-field-04,教育制度,Education System,40,True,edu-022,学校教育法,School Education Act,学習指導要領 総則・高校 公共,2,10,check,,True
education,教育学,Education,29学問,True,education-field-04,教育制度,Education System,40,True,edu-023,教育基本法,Basic Act on Education,学習指導要領 総則・高校 公共,2,20,check,,True
education,教育学,Education,29学問,True,education-field-04,教育制度,Education System,40,True,edu-024,義務教育,Compulsory education,学習指導要領 総則・高校 公共,2,30,check,,True
education,教育学,Education,29学問,True,education-field-04,教育制度,Education System,40,True,edu-025,学校種,Types of schools,学習指導要領 総則・高校 公共,2,40,check,,True
education,教育学,Education,29学問,True,education-field-04,教育制度,Education System,40,True,edu-026,学年制,Grade system,学習指導要領 総則・高校 公共,2,50,check,,True
education,教育学,Education,29学問,True,education-field-04,教育制度,Education System,40,True,edu-027,教育行政,Educational administration,学習指導要領 総則・高校 公共,2,60,check,,True
education,教育学,Education,29学問,True,education-field-04,教育制度,Education System,40,True,edu-028,教育委員会,Boards of education,学習指導要領 総則・高校 公共,2,70,check,,True
education,教育学,Education,29学問,True,education-field-04,教育制度,Education System,40,True,edu-029,学習指導要領,Course of Study (national curriculum guidelines),学習指導要領 総則・高校 公共,2,80,check,,True
education,教育学,Education,29学問,True,education-field-05,カリキュラム,Curriculum,50,True,edu-030,教育課程,Curriculum,学習指導要領 総則,2,10,check,,True
education,教育学,Education,29学問,True,education-field-05,カリキュラム,Curriculum,50,True,edu-031,教科,School subjects,学習指導要領 総則,2,20,check,,True
education,教育学,Education,29学問,True,education-field-05,カリキュラム,Curriculum,50,True,edu-032,総合的な学習の時間,Period for Integrated Studies,学習指導要領 総則,2,30,check,,True
education,教育学,Education,29学問,True,education-field-05,カリキュラム,Curriculum,50,True,edu-033,総合的な探究の時間,Period for Inquiry-Based Cross-Disciplinary Study,学習指導要領 総則,2,40,check,,True
education,教育学,Education,29学問,True,education-field-05,カリキュラム,Curriculum,50,True,edu-034,特別活動,Special activities,学習指導要領 総則,2,50,check,,True
education,教育学,Education,29学問,True,education-field-05,カリキュラム,Curriculum,50,True,edu-035,隠れたカリキュラム,Hidden curriculum,学習指導要領 総則,2,60,check,,True
education,教育学,Education,29学問,True,education-field-05,カリキュラム,Curriculum,50,True,edu-036,カリキュラム・マネジメント,Curriculum management,学習指導要領 総則,2,70,check,,True
education,教育学,Education,29学問,True,education-field-06,教授・学習,Teaching and Learning,60,True,edu-037,教授法,Teaching methods,学習指導要領 総則・大学教養,2,10,check,,True
education,教育学,Education,29学問,True,education-field-06,教授・学習,Teaching and Learning,60,True,edu-038,直接教授,Direct instruction,学習指導要領 総則・大学教養,2,20,check,,True
education,教育学,Education,29学問,True,education-field-06,教授・学習,Teaching and Learning,60,True,edu-039,発見学習,Discovery learning,学習指導要領 総則・大学教養,2,30,check,,True
education,教育学,Education,29学問,True,education-field-06,教授・学習,Teaching and Learning,60,True,edu-040,問題解決学習,Problem-solving learning,学習指導要領 総則・大学教養,2,40,check,,True
education,教育学,Education,29学問,True,education-field-06,教授・学習,Teaching and Learning,60,True,edu-041,協同学習,Cooperative learning,学習指導要領 総則・大学教養,2,50,check,,True
education,教育学,Education,29学問,True,education-field-06,教授・学習,Teaching and Learning,60,True,edu-042,探究学習,Inquiry-based learning,学習指導要領 総則・大学教養,2,60,check,,True
education,教育学,Education,29学問,True,education-field-06,教授・学習,Teaching and Learning,60,True,edu-043,アクティブラーニング,Active learning,学習指導要領 総則・大学教養,2,70,check,,True
education,教育学,Education,29学問,True,education-field-06,教授・学習,Teaching and Learning,60,True,edu-044,足場かけ,Scaffolding,学習指導要領 総則・大学教養,2,80,check,,True
education,教育学,Education,29学問,True,education-field-06,教授・学習,Teaching and Learning,60,True,edu-045,メタ認知,Metacognition,学習指導要領 総則・大学教養,2,90,check,,True
education,教育学,Education,29学問,True,education-field-07,教育心理,Educational Psychology,70,True,edu-046,認知発達,Cognitive development,大学教養,2,10,check,,True
education,教育学,Education,29学問,True,education-field-07,教育心理,Educational Psychology,70,True,edu-047,ピアジェ,Piaget,大学教養,2,20,check,,True
education,教育学,Education,29学問,True,education-field-07,教育心理,Educational Psychology,70,True,edu-048,ヴィゴツキー,Vygotsky,大学教養,2,30,check,,True
education,教育学,Education,29学問,True,education-field-07,教育心理,Educational Psychology,70,True,edu-049,動機づけ,Motivation,大学教養,2,40,check,,True
education,教育学,Education,29学問,True,education-field-07,教育心理,Educational Psychology,70,True,edu-050,自己効力感,Self-efficacy,大学教養,2,50,check,,True
education,教育学,Education,29学問,True,education-field-07,教育心理,Educational Psychology,70,True,edu-051,記憶と学習,Memory and learning,大学教養,2,60,check,,True
education,教育学,Education,29学問,True,education-field-07,教育心理,Educational Psychology,70,True,edu-052,個人差,Individual differences,大学教養,2,70,check,,True
education,教育学,Education,29学問,True,education-field-08,評価,Assessment,80,True,edu-053,教育評価,Educational assessment,学習指導要領 総則・大学教養,2,10,check,,True
education,教育学,Education,29学問,True,education-field-08,評価,Assessment,80,True,edu-054,形成的評価,Formative assessment,学習指導要領 総則・大学教養,2,20,check,,True
education,教育学,Education,29学問,True,education-field-08,評価,Assessment,80,True,edu-055,総括的評価,Summative assessment,学習指導要領 総則・大学教養,2,30,check,,True
education,教育学,Education,29学問,True,education-field-08,評価,Assessment,80,True,edu-056,診断的評価,Diagnostic assessment,学習指導要領 総則・大学教養,2,40,check,,True
education,教育学,Education,29学問,True,education-field-08,評価,Assessment,80,True,edu-057,観点別評価,Criterion-based assessment by viewpoint,学習指導要領 総則・大学教養,2,50,check,,True
education,教育学,Education,29学問,True,education-field-08,評価,Assessment,80,True,edu-058,テスト,Tests,学習指導要領 総則・大学教養,2,60,check,,True
education,教育学,Education,29学問,True,education-field-08,評価,Assessment,80,True,edu-059,ルーブリック,Rubrics,学習指導要領 総則・大学教養,2,70,check,,True
education,教育学,Education,29学問,True,education-field-08,評価,Assessment,80,True,edu-060,フィードバック,Feedback,学習指導要領 総則・大学教養,2,80,check,,True
education,教育学,Education,29学問,True,education-field-09,教師,Teachers,90,True,edu-061,教師の役割,Role of the teacher,学習指導要領 総則・大学教養,2,10,check,,True
education,教育学,Education,29学問,True,education-field-09,教師,Teachers,90,True,edu-062,授業設計,Lesson design,学習指導要領 総則・大学教養,2,20,check,,True
education,教育学,Education,29学問,True,education-field-09,教師,Teachers,90,True,edu-063,学級経営,Classroom management,学習指導要領 総則・大学教養,2,30,check,,True
education,教育学,Education,29学問,True,education-field-09,教師,Teachers,90,True,edu-064,教師の専門性,Teacher professionalism,学習指導要領 総則・大学教養,2,40,check,,True
education,教育学,Education,29学問,True,education-field-09,教師,Teachers,90,True,edu-065,校内研修,In-school training,学習指導要領 総則・大学教養,2,50,check,,True
education,教育学,Education,29学問,True,education-field-09,教師,Teachers,90,True,edu-066,教師の協働,Teacher collaboration,学習指導要領 総則・大学教養,2,60,check,,True
education,教育学,Education,29学問,True,education-field-10,特別支援教育,Special Needs Education,100,True,edu-067,インクルーシブ教育,Inclusive education,学習指導要領 総則,2,10,check,,True
education,教育学,Education,29学問,True,education-field-10,特別支援教育,Special Needs Education,100,True,edu-068,合理的配慮,Reasonable accommodation,学習指導要領 総則,2,20,check,,True
education,教育学,Education,29学問,True,education-field-10,特別支援教育,Special Needs Education,100,True,edu-069,特別支援学校,Special needs schools,学習指導要領 総則,2,30,check,,True
education,教育学,Education,29学問,True,education-field-10,特別支援教育,Special Needs Education,100,True,edu-070,特別支援学級,Special needs classes,学習指導要領 総則,2,40,check,,True
education,教育学,Education,29学問,True,education-field-10,特別支援教育,Special Needs Education,100,True,edu-071,通級,Resource room instruction (tsukyu),学習指導要領 総則,2,50,check,,True
education,教育学,Education,29学問,True,education-field-10,特別支援教育,Special Needs Education,100,True,edu-072,学習上の困難,Learning difficulties,学習指導要領 総則,2,60,check,,True
education,教育学,Education,29学問,True,education-field-11,教育と多様性,Education and Diversity,110,True,edu-073,ジェンダーと教育,Gender and education,高校 公共・大学教養,2,10,check,,True
education,教育学,Education,29学問,True,education-field-11,教育と多様性,Education and Diversity,110,True,edu-074,外国につながる子ども,Children with foreign roots,高校 公共・大学教養,2,20,check,,True
education,教育学,Education,29学問,True,education-field-11,教育と多様性,Education and Diversity,110,True,edu-075,貧困と教育,Poverty and education,高校 公共・大学教養,2,30,check,,True
education,教育学,Education,29学問,True,education-field-11,教育と多様性,Education and Diversity,110,True,edu-076,教育格差,Educational inequality,高校 公共・大学教養,2,40,check,,True
education,教育学,Education,29学問,True,education-field-11,教育と多様性,Education and Diversity,110,True,edu-077,不登校,School non-attendance,高校 公共・大学教養,2,50,check,,True
education,教育学,Education,29学問,True,education-field-11,教育と多様性,Education and Diversity,110,True,edu-078,いじめ,Bullying,高校 公共・大学教養,2,60,check,,True
education,教育学,Education,29学問,True,education-field-12,生涯学習,Lifelong Learning,120,True,edu-079,生涯学習とは何か,What is lifelong learning?,高校 公共・大学教養,2,10,check,,True
education,教育学,Education,29学問,True,education-field-12,生涯学習,Lifelong Learning,120,True,edu-080,社会教育,Social education,高校 公共・大学教養,2,20,check,,True
education,教育学,Education,29学問,True,education-field-12,生涯学習,Lifelong Learning,120,True,edu-081,図書館,Libraries,高校 公共・大学教養,2,30,check,,True
education,教育学,Education,29学問,True,education-field-12,生涯学習,Lifelong Learning,120,True,edu-082,博物館,Museums,高校 公共・大学教養,2,40,check,,True
education,教育学,Education,29学問,True,education-field-12,生涯学習,Lifelong Learning,120,True,edu-083,成人教育,Adult education,高校 公共・大学教養,2,50,check,,True
education,教育学,Education,29学問,True,education-field-12,生涯学習,Lifelong Learning,120,True,edu-084,職業教育,Vocational education,高校 公共・大学教養,2,60,check,,True
education,教育学,Education,29学問,True,education-field-13,教育政策,Education Policy,130,True,edu-085,教育財政,Education finance,高校 公共・大学教養,2,10,check,,True
education,教育学,Education,29学問,True,education-field-13,教育政策,Education Policy,130,True,edu-086,学校選択,School choice,高校 公共・大学教養,2,20,check,,True
education,教育学,Education,29学問,True,education-field-13,教育政策,Education Policy,130,True,edu-087,学力政策,Academic achievement policy,高校 公共・大学教養,2,30,check,,True
education,教育学,Education,29学問,True,education-field-13,教育政策,Education Policy,130,True,edu-088,大学入試,University entrance exams,高校 公共・大学教養,2,40,check,,True
education,教育学,Education,29学問,True,education-field-13,教育政策,Education Policy,130,True,edu-089,ICT教育,ICT in education,高校 公共・大学教養,2,50,check,,True
education,教育学,Education,29学問,True,education-field-13,教育政策,Education Policy,130,True,edu-090,教育改革,Education reform,高校 公共・大学教養,2,60,check,,True
education,教育学,Education,29学問,True,education-field-14,教育研究,Educational Research,140,True,edu-091-s1,教育統計：記述統計,Educational statistics: descriptive statistics,大学教養,2,11,check,,True
education,教育学,Education,29学問,True,education-field-14,教育研究,Educational Research,140,True,edu-091-s2,教育統計：相関と回帰,Educational statistics: correlation and regression,大学教養,2,12,check,,True
education,教育学,Education,29学問,True,education-field-14,教育研究,Educational Research,140,True,edu-091-s3,教育統計：推定と検定,Educational statistics: estimation and testing,大学教養,2,13,check,,True
education,教育学,Education,29学問,True,education-field-14,教育研究,Educational Research,140,True,edu-092,実験研究,Experimental research,大学教養,2,20,check,,True
education,教育学,Education,29学問,True,education-field-14,教育研究,Educational Research,140,True,edu-093,質問紙調査,Questionnaire surveys,大学教養,2,30,check,,True
education,教育学,Education,29学問,True,education-field-14,教育研究,Educational Research,140,True,edu-094,授業研究,Lesson study,大学教養,2,40,check,,True
education,教育学,Education,29学問,True,education-field-14,教育研究,Educational Research,140,True,edu-095,アクションリサーチ,Action research,大学教養,2,50,check,,True
education,教育学,Education,29学問,True,education-field-14,教育研究,Educational Research,140,True,edu-096,教育研究倫理,Research ethics in education,大学教養,2,60,check,,True
philosophy,哲学,Philosophy,29学問,True,philosophy-field-01,哲学の入口,Introduction to Philosophy,10,True,phil-002,問いを立てる,Asking questions,中学 道徳・高校 倫理,2,20,check,,True
philosophy,哲学,Philosophy,29学問,True,philosophy-field-01,哲学の入口,Introduction to Philosophy,10,True,phil-003,概念を吟味する,Examining concepts,中学 道徳・高校 倫理,2,30,check,,True
philosophy,哲学,Philosophy,29学問,True,philosophy-field-01,哲学の入口,Introduction to Philosophy,10,True,phil-004,議論と論証,Argument and reasoning,中学 道徳・高校 倫理,2,40,check,,True
philosophy,哲学,Philosophy,29学問,True,philosophy-field-01,哲学の入口,Introduction to Philosophy,10,True,phil-005,反例,Counterexamples,中学 道徳・高校 倫理,2,50,check,,True
philosophy,哲学,Philosophy,29学問,True,philosophy-field-01,哲学の入口,Introduction to Philosophy,10,True,phil-006,思考実験,Thought experiments,中学 道徳・高校 倫理,2,60,check,,True
philosophy,哲学,Philosophy,29学問,True,philosophy-field-02,古代ギリシア,Ancient Greece,20,True,phil-007,ソクラテス,Socrates,高校 倫理,2,10,check,,True
philosophy,哲学,Philosophy,29学問,True,philosophy-field-02,古代ギリシア,Ancient Greece,20,True,phil-008,無知の知,Socratic ignorance (knowing that one does not know),高校 倫理,2,20,check,,True
philosophy,哲学,Philosophy,29学問,True,philosophy-field-02,古代ギリシア,Ancient Greece,20,True,phil-009,プラトン,Plato,高校 倫理,2,30,check,,True
philosophy,哲学,Philosophy,29学問,True,philosophy-field-02,古代ギリシア,Ancient Greece,20,True,phil-010,イデア論,Theory of Forms,高校 倫理,2,40,check,,True
philosophy,哲学,Philosophy,29学問,True,philosophy-field-02,古代ギリシア,Ancient Greece,20,True,phil-011,アリストテレス,Aristotle,高校 倫理,2,50,check,,True
philosophy,哲学,Philosophy,29学問,True,philosophy-field-02,古代ギリシア,Ancient Greece,20,True,phil-012,アリストテレスの徳倫理,Aristotle's virtue ethics,高校 倫理,2,60,check,,True
philosophy,哲学,Philosophy,29学問,True,philosophy-field-02,古代ギリシア,Ancient Greece,20,True,phil-013,ストア派,Stoicism,高校 倫理,2,70,check,,True
philosophy,哲学,Philosophy,29学問,True,philosophy-field-02,古代ギリシア,Ancient Greece,20,True,phil-014,エピクロス派,Epicureanism,高校 倫理,2,80,check,,True
philosophy,哲学,Philosophy,29学問,True,philosophy-field-03,中世哲学,Medieval Philosophy,30,True,phil-015,アウグスティヌス,Augustine,高校 倫理・大学教養,2,10,check,,True
philosophy,哲学,Philosophy,29学問,True,philosophy-field-03,中世哲学,Medieval Philosophy,30,True,phil-016,スコラ哲学,Scholasticism,高校 倫理・大学教養,2,20,check,,True
philosophy,哲学,Philosophy,29学問,True,philosophy-field-03,中世哲学,Medieval Philosophy,30,True,phil-017,トマス・アクィナス,Thomas Aquinas,高校 倫理・大学教養,2,30,check,,True
philosophy,哲学,Philosophy,29学問,True,philosophy-field-03,中世哲学,Medieval Philosophy,30,True,phil-018,信仰と理性,Faith and reason,高校 倫理・大学教養,2,40,check,,True
philosophy,哲学,Philosophy,29学問,True,philosophy-field-04,近代哲学,Modern Philosophy,40,True,phil-019,デカルト,Descartes,高校 倫理,2,10,check,,True
philosophy,哲学,Philosophy,29学問,True,philosophy-field-04,近代哲学,Modern Philosophy,40,True,phil-020,方法的懐疑,Methodical doubt,高校 倫理,2,20,check,,True
philosophy,哲学,Philosophy,29学問,True,philosophy-field-04,近代哲学,Modern Philosophy,40,True,phil-021,心身二元論,Mind-body dualism,高校 倫理,2,30,check,,True
philosophy,哲学,Philosophy,29学問,True,philosophy-field-04,近代哲学,Modern Philosophy,40,True,phil-022,スピノザ,Spinoza,高校 倫理,2,40,check,,True
philosophy,哲学,Philosophy,29学問,True,philosophy-field-04,近代哲学,Modern Philosophy,40,True,phil-023,ライプニッツ,Leibniz,高校 倫理,2,50,check,,True
philosophy,哲学,Philosophy,29学問,True,philosophy-field-04,近代哲学,Modern Philosophy,40,True,phil-024,ロック,Locke,高校 倫理,2,60,check,,True
philosophy,哲学,Philosophy,29学問,True,philosophy-field-04,近代哲学,Modern Philosophy,40,True,phil-025,バークリー,Berkeley,高校 倫理,2,70,check,,True
philosophy,哲学,Philosophy,29学問,True,philosophy-field-04,近代哲学,Modern Philosophy,40,True,phil-026,ヒューム,Hume,高校 倫理,2,80,check,,True
philosophy,哲学,Philosophy,29学問,True,philosophy-field-04,近代哲学,Modern Philosophy,40,True,phil-027,経験論,Empiricism,高校 倫理,2,90,check,,True
philosophy,哲学,Philosophy,29学問,True,philosophy-field-04,近代哲学,Modern Philosophy,40,True,phil-028,合理論,Rationalism,高校 倫理,2,100,check,,True
philosophy,哲学,Philosophy,29学問,True,philosophy-field-05,カント以後,Kant and After,50,True,phil-029,カント,Kant,高校 倫理・大学教養,2,10,check,,True
philosophy,哲学,Philosophy,29学問,True,philosophy-field-05,カント以後,Kant and After,50,True,phil-030,コペルニクス的転回,Copernican revolution,高校 倫理・大学教養,2,20,check,,True
philosophy,哲学,Philosophy,29学問,True,philosophy-field-05,カント以後,Kant and After,50,True,phil-031,定言命法,Categorical imperative,高校 倫理・大学教養,2,30,check,,True
philosophy,哲学,Philosophy,29学問,True,philosophy-field-05,カント以後,Kant and After,50,True,phil-032,ヘーゲル,Hegel,高校 倫理・大学教養,2,40,check,,True
philosophy,哲学,Philosophy,29学問,True,philosophy-field-05,カント以後,Kant and After,50,True,phil-033,弁証法,Dialectics,高校 倫理・大学教養,2,50,check,,True
philosophy,哲学,Philosophy,29学問,True,philosophy-field-05,カント以後,Kant and After,50,True,phil-034,ショーペンハウアー,Schopenhauer,高校 倫理・大学教養,2,60,check,,True
philosophy,哲学,Philosophy,29学問,True,philosophy-field-05,カント以後,Kant and After,50,True,phil-035,キルケゴール,Kierkegaard,高校 倫理・大学教養,2,70,check,,True
philosophy,哲学,Philosophy,29学問,True,philosophy-field-05,カント以後,Kant and After,50,True,phil-036,ニーチェ,Nietzsche,高校 倫理・大学教養,2,80,check,,True
philosophy,哲学,Philosophy,29学問,True,philosophy-field-06,現代哲学,Contemporary Philosophy,60,True,phil-037,現象学,Phenomenology,高校 倫理・大学教養,2,10,check,,True
philosophy,哲学,Philosophy,29学問,True,philosophy-field-06,現代哲学,Contemporary Philosophy,60,True,phil-038,フッサール,Husserl,高校 倫理・大学教養,2,20,check,,True
philosophy,哲学,Philosophy,29学問,True,philosophy-field-06,現代哲学,Contemporary Philosophy,60,True,phil-039,ハイデガー,Heidegger,高校 倫理・大学教養,2,30,check,,True
philosophy,哲学,Philosophy,29学問,True,philosophy-field-06,現代哲学,Contemporary Philosophy,60,True,phil-040,実存主義,Existentialism,高校 倫理・大学教養,2,40,check,,True
philosophy,哲学,Philosophy,29学問,True,philosophy-field-06,現代哲学,Contemporary Philosophy,60,True,phil-041,サルトル,Sartre,高校 倫理・大学教養,2,50,check,,True
philosophy,哲学,Philosophy,29学問,True,philosophy-field-06,現代哲学,Contemporary Philosophy,60,True,phil-042-s1,分析哲学：フレーゲ・ラッセルの論理分析,Analytic philosophy: logical analysis of Frege and Russell,高校 倫理・大学教養,2,61,check,,True
philosophy,哲学,Philosophy,29学問,True,philosophy-field-06,現代哲学,Contemporary Philosophy,60,True,phil-042-s2,分析哲学：論理実証主義,Analytic philosophy: logical positivism,高校 倫理・大学教養,2,62,check,,True
philosophy,哲学,Philosophy,29学問,True,philosophy-field-06,現代哲学,Contemporary Philosophy,60,True,phil-042-s3,分析哲学：日常言語学派,Analytic philosophy: ordinary language philosophy,高校 倫理・大学教養,2,63,check,,True
philosophy,哲学,Philosophy,29学問,True,philosophy-field-06,現代哲学,Contemporary Philosophy,60,True,phil-043,ウィトゲンシュタイン,Wittgenstein,高校 倫理・大学教養,2,70,check,,True
philosophy,哲学,Philosophy,29学問,True,philosophy-field-06,現代哲学,Contemporary Philosophy,60,True,phil-044-s1,プラグマティズム：パース,Pragmatism: Peirce,高校 倫理・大学教養,2,81,check,,True
philosophy,哲学,Philosophy,29学問,True,philosophy-field-06,現代哲学,Contemporary Philosophy,60,True,phil-044-s2,プラグマティズム：ジェイムズ,Pragmatism: James,高校 倫理・大学教養,2,82,check,,True
philosophy,哲学,Philosophy,29学問,True,philosophy-field-06,現代哲学,Contemporary Philosophy,60,True,phil-044-s3,プラグマティズム：デューイ,Pragmatism: Dewey,高校 倫理・大学教養,2,83,check,,True
philosophy,哲学,Philosophy,29学問,True,philosophy-field-06,現代哲学,Contemporary Philosophy,60,True,phil-045-s1,構造主義：ソシュールの言語学,Structuralism: Saussure's linguistics,高校 倫理・大学教養,2,91,check,,True
philosophy,哲学,Philosophy,29学問,True,philosophy-field-06,現代哲学,Contemporary Philosophy,60,True,phil-045-s2,構造主義：レヴィ＝ストロースの構造人類学,Structuralism: Lévi-Strauss's structural anthropology,高校 倫理・大学教養,2,92,check,,True
philosophy,哲学,Philosophy,29学問,True,philosophy-field-06,現代哲学,Contemporary Philosophy,60,True,phil-045-s3,構造主義：ラカン・バルトへの展開,Structuralism: development through Lacan and Barthes,高校 倫理・大学教養,2,93,check,,True
philosophy,哲学,Philosophy,29学問,True,philosophy-field-06,現代哲学,Contemporary Philosophy,60,True,phil-046-s1,ポスト構造主義：フーコー,Post-structuralism: Foucault,高校 倫理・大学教養,2,101,check,,True
philosophy,哲学,Philosophy,29学問,True,philosophy-field-06,現代哲学,Contemporary Philosophy,60,True,phil-046-s2,ポスト構造主義：デリダ,Post-structuralism: Derrida,高校 倫理・大学教養,2,102,check,,True
philosophy,哲学,Philosophy,29学問,True,philosophy-field-06,現代哲学,Contemporary Philosophy,60,True,phil-046-s3,ポスト構造主義：ドゥルーズ,Post-structuralism: Deleuze,高校 倫理・大学教養,2,103,check,,True
philosophy,哲学,Philosophy,29学問,True,philosophy-field-07,東洋思想,Eastern Thought,70,True,phil-047,孔子,Confucius,高校 倫理,2,10,check,,True
philosophy,哲学,Philosophy,29学問,True,philosophy-field-07,東洋思想,Eastern Thought,70,True,phil-048,儒家,Confucianism,高校 倫理,2,20,check,,True
philosophy,哲学,Philosophy,29学問,True,philosophy-field-07,東洋思想,Eastern Thought,70,True,phil-049,孟子,Mencius,高校 倫理,2,30,check,,True
philosophy,哲学,Philosophy,29学問,True,philosophy-field-07,東洋思想,Eastern Thought,70,True,phil-050,荀子,Xunzi,高校 倫理,2,40,check,,True
philosophy,哲学,Philosophy,29学問,True,philosophy-field-07,東洋思想,Eastern Thought,70,True,phil-051,老子,Laozi,高校 倫理,2,50,check,,True
philosophy,哲学,Philosophy,29学問,True,philosophy-field-07,東洋思想,Eastern Thought,70,True,phil-052,荘子,Zhuangzi,高校 倫理,2,60,check,,True
philosophy,哲学,Philosophy,29学問,True,philosophy-field-07,東洋思想,Eastern Thought,70,True,phil-053,墨子,Mozi,高校 倫理,2,70,check,,True
philosophy,哲学,Philosophy,29学問,True,philosophy-field-07,東洋思想,Eastern Thought,70,True,phil-054-s1,インド哲学：ウパニシャッドの梵我一如,Indian philosophy: Upanishadic unity of Brahman and Atman,高校 倫理,2,81,check,,True
philosophy,哲学,Philosophy,29学問,True,philosophy-field-07,東洋思想,Eastern Thought,70,True,phil-054-s2,インド哲学：六派哲学（サーンキヤ・ヨーガ・ヴェーダーンタなど）,"Indian philosophy: the six schools (Samkhya, Yoga, Vedanta, etc.)",高校 倫理,2,82,check,,True
philosophy,哲学,Philosophy,29学問,True,philosophy-field-07,東洋思想,Eastern Thought,70,True,phil-054-s3,インド哲学：ニヤーヤの論理学,Indian philosophy: Nyaya logic,高校 倫理,2,83,check,,True
philosophy,哲学,Philosophy,29学問,True,philosophy-field-07,東洋思想,Eastern Thought,70,True,phil-055-s1,仏教思想：初期仏教の思想,Buddhist thought: early Buddhist thought,高校 倫理,2,91,check,,True
philosophy,哲学,Philosophy,29学問,True,philosophy-field-07,東洋思想,Eastern Thought,70,True,phil-055-s2,仏教思想：中観派（空）,Buddhist thought: Madhyamaka (emptiness),高校 倫理,2,92,check,,True
philosophy,哲学,Philosophy,29学問,True,philosophy-field-07,東洋思想,Eastern Thought,70,True,phil-055-s3,仏教思想：唯識派,Buddhist thought: Yogacara,高校 倫理,2,93,check,,True
philosophy,哲学,Philosophy,29学問,True,philosophy-field-07,東洋思想,Eastern Thought,70,True,phil-056-s1,日本思想：古代・中世の仏教受容と思想,Japanese thought: reception of Buddhism and thought in ancient and medieval Japan,高校 倫理,2,101,check,,True
philosophy,哲学,Philosophy,29学問,True,philosophy-field-07,東洋思想,Eastern Thought,70,True,phil-056-s2,日本思想：国学,Japanese thought: Kokugaku (National Learning),高校 倫理,2,102,check,,True
philosophy,哲学,Philosophy,29学問,True,philosophy-field-07,東洋思想,Eastern Thought,70,True,phil-056-s3,日本思想：近代日本の思想,Japanese thought: modern Japanese thought,高校 倫理,2,103,check,,True
philosophy,哲学,Philosophy,29学問,True,philosophy-field-07,東洋思想,Eastern Thought,70,True,phil-057,神道,Shinto,高校 倫理,2,110,check,,True
philosophy,哲学,Philosophy,29学問,True,philosophy-field-07,東洋思想,Eastern Thought,70,True,phil-058,朱子学,Zhu Xi Neo-Confucianism,高校 倫理,2,120,check,,True
philosophy,哲学,Philosophy,29学問,True,philosophy-field-07,東洋思想,Eastern Thought,70,True,phil-059,陽明学,Wang Yangming school,高校 倫理,2,130,check,,True
philosophy,哲学,Philosophy,29学問,True,philosophy-field-07,東洋思想,Eastern Thought,70,True,phil-060,西田幾多郎,Nishida Kitaro,高校 倫理,2,140,check,,True
philosophy,哲学,Philosophy,29学問,True,philosophy-field-08,倫理学,Ethics,80,True,phil-061,善と悪,Good and evil,中学 道徳・高校 公共・倫理,2,10,check,,True
philosophy,哲学,Philosophy,29学問,True,philosophy-field-08,倫理学,Ethics,80,True,phil-062,幸福,Happiness,中学 道徳・高校 公共・倫理,2,20,check,,True
philosophy,哲学,Philosophy,29学問,True,philosophy-field-08,倫理学,Ethics,80,True,phil-063,徳倫理,Virtue ethics,中学 道徳・高校 公共・倫理,2,30,check,,True
philosophy,哲学,Philosophy,29学問,True,philosophy-field-08,倫理学,Ethics,80,True,phil-064,義務論,Deontology,中学 道徳・高校 公共・倫理,2,40,check,,True
philosophy,哲学,Philosophy,29学問,True,philosophy-field-08,倫理学,Ethics,80,True,phil-065,功利主義,Utilitarianism,中学 道徳・高校 公共・倫理,2,50,check,,True
philosophy,哲学,Philosophy,29学問,True,philosophy-field-08,倫理学,Ethics,80,True,phil-066,自由意志と責任,Free will and responsibility,中学 道徳・高校 公共・倫理,2,60,check,,True
philosophy,哲学,Philosophy,29学問,True,philosophy-field-08,倫理学,Ethics,80,True,phil-067,正義,Justice,中学 道徳・高校 公共・倫理,2,70,check,,True
philosophy,哲学,Philosophy,29学問,True,philosophy-field-08,倫理学,Ethics,80,True,phil-068,ケア倫理,Ethics of care,中学 道徳・高校 公共・倫理,2,80,check,,True
philosophy,哲学,Philosophy,29学問,True,philosophy-field-08,倫理学,Ethics,80,True,phil-069-s1,応用倫理：生命倫理,Applied ethics: bioethics,中学 道徳・高校 公共・倫理,2,91,check,,True
philosophy,哲学,Philosophy,29学問,True,philosophy-field-08,倫理学,Ethics,80,True,phil-069-s2,応用倫理：環境倫理,Applied ethics: environmental ethics,中学 道徳・高校 公共・倫理,2,92,check,,True
philosophy,哲学,Philosophy,29学問,True,philosophy-field-08,倫理学,Ethics,80,True,phil-069-s3,応用倫理：情報倫理,Applied ethics: information ethics,中学 道徳・高校 公共・倫理,2,93,check,,True
philosophy,哲学,Philosophy,29学問,True,philosophy-field-08,倫理学,Ethics,80,True,phil-069-s4,応用倫理：ビジネス倫理,Applied ethics: business ethics,中学 道徳・高校 公共・倫理,2,94,check,,True
philosophy,哲学,Philosophy,29学問,True,philosophy-field-09,政治哲学,Political Philosophy,90,True,phil-070,自然権,Natural rights,高校 公共・倫理,2,10,check,,True
philosophy,哲学,Philosophy,29学問,True,philosophy-field-09,政治哲学,Political Philosophy,90,True,phil-071,社会契約,Social contract,高校 公共・倫理,2,20,check,,True
philosophy,哲学,Philosophy,29学問,True,philosophy-field-09,政治哲学,Political Philosophy,90,True,phil-072,自由,Liberty,高校 公共・倫理,2,30,check,,True
philosophy,哲学,Philosophy,29学問,True,philosophy-field-09,政治哲学,Political Philosophy,90,True,phil-073,平等,Equality,高校 公共・倫理,2,40,check,,True
philosophy,哲学,Philosophy,29学問,True,philosophy-field-09,政治哲学,Political Philosophy,90,True,phil-074,ロールズ,Rawls,高校 公共・倫理,2,50,check,,True
philosophy,哲学,Philosophy,29学問,True,philosophy-field-09,政治哲学,Political Philosophy,90,True,phil-075,リバタリアニズム,Libertarianism,高校 公共・倫理,2,60,check,,True
philosophy,哲学,Philosophy,29学問,True,philosophy-field-09,政治哲学,Political Philosophy,90,True,phil-076,コミュニタリアニズム,Communitarianism,高校 公共・倫理,2,70,check,,True
philosophy,哲学,Philosophy,29学問,True,philosophy-field-09,政治哲学,Political Philosophy,90,True,phil-077,公共性,Publicness,高校 公共・倫理,2,80,check,,True
philosophy,哲学,Philosophy,29学問,True,philosophy-field-10,認識論,Epistemology,100,True,phil-078,知識とは何か,What is knowledge?,大学教養,2,10,check,,True
philosophy,哲学,Philosophy,29学問,True,philosophy-field-10,認識論,Epistemology,100,True,phil-079,信念と正当化,Belief and justification,大学教養,2,20,check,,True
philosophy,哲学,Philosophy,29学問,True,philosophy-field-10,認識論,Epistemology,100,True,phil-080,懐疑論,Skepticism,大学教養,2,30,check,,True
philosophy,哲学,Philosophy,29学問,True,philosophy-field-10,認識論,Epistemology,100,True,phil-081,知覚,Perception,大学教養,2,40,check,,True
philosophy,哲学,Philosophy,29学問,True,philosophy-field-10,認識論,Epistemology,100,True,phil-082,記憶,Memory,大学教養,2,50,check,,True
philosophy,哲学,Philosophy,29学問,True,philosophy-field-10,認識論,Epistemology,100,True,phil-083,証言,Testimony,大学教養,2,60,check,,True
philosophy,哲学,Philosophy,29学問,True,philosophy-field-10,認識論,Epistemology,100,True,phil-084,ゲティア問題,Gettier problem,大学教養,2,70,check,,True
philosophy,哲学,Philosophy,29学問,True,philosophy-field-11,形而上学,Metaphysics,110,True,phil-085,存在とは何か,What is being?,大学教養,2,10,check,,True
philosophy,哲学,Philosophy,29学問,True,philosophy-field-11,形而上学,Metaphysics,110,True,phil-086,同一性,Identity,大学教養,2,20,check,,True
philosophy,哲学,Philosophy,29学問,True,philosophy-field-11,形而上学,Metaphysics,110,True,phil-087,因果,Causation,大学教養,2,30,check,,True
philosophy,哲学,Philosophy,29学問,True,philosophy-field-11,形而上学,Metaphysics,110,True,phil-088,時間,Time,大学教養,2,40,check,,True
philosophy,哲学,Philosophy,29学問,True,philosophy-field-11,形而上学,Metaphysics,110,True,phil-089,空間,Space,大学教養,2,50,check,,True
philosophy,哲学,Philosophy,29学問,True,philosophy-field-11,形而上学,Metaphysics,110,True,phil-090,可能世界,Possible worlds,大学教養,2,60,check,,True
philosophy,哲学,Philosophy,29学問,True,philosophy-field-11,形而上学,Metaphysics,110,True,phil-091,普遍と個物,Universals and particulars,大学教養,2,70,check,,True
philosophy,哲学,Philosophy,29学問,True,philosophy-field-12,心の哲学,Philosophy of Mind,120,True,phil-092,心身問題,Mind-body problem,高校 倫理・大学教養,2,10,check,,True
philosophy,哲学,Philosophy,29学問,True,philosophy-field-12,心の哲学,Philosophy of Mind,120,True,phil-093,意識,Consciousness,高校 倫理・大学教養,2,20,check,,True
philosophy,哲学,Philosophy,29学問,True,philosophy-field-12,心の哲学,Philosophy of Mind,120,True,phil-094,クオリア,Qualia,高校 倫理・大学教養,2,30,check,,True
philosophy,哲学,Philosophy,29学問,True,philosophy-field-12,心の哲学,Philosophy of Mind,120,True,phil-095,他我問題,Problem of other minds,高校 倫理・大学教養,2,40,check,,True
philosophy,哲学,Philosophy,29学問,True,philosophy-field-12,心の哲学,Philosophy of Mind,120,True,phil-096,機能主義,Functionalism,高校 倫理・大学教養,2,50,check,,True
philosophy,哲学,Philosophy,29学問,True,philosophy-field-12,心の哲学,Philosophy of Mind,120,True,phil-097,人工知能と心,Artificial intelligence and the mind,高校 倫理・大学教養,2,60,check,,True
philosophy,哲学,Philosophy,29学問,True,philosophy-field-13,言語哲学,Philosophy of Language,130,True,phil-098,意味,Meaning,大学教養,2,10,check,,True
philosophy,哲学,Philosophy,29学問,True,philosophy-field-13,言語哲学,Philosophy of Language,130,True,phil-099,指示,Reference,大学教養,2,20,check,,True
philosophy,哲学,Philosophy,29学問,True,philosophy-field-13,言語哲学,Philosophy of Language,130,True,phil-100,真理,Truth,大学教養,2,30,check,,True
philosophy,哲学,Philosophy,29学問,True,philosophy-field-13,言語哲学,Philosophy of Language,130,True,phil-101,言語ゲーム,Language games,大学教養,2,40,check,,True
philosophy,哲学,Philosophy,29学問,True,philosophy-field-13,言語哲学,Philosophy of Language,130,True,phil-102,発話行為,Speech acts,大学教養,2,50,check,,True
philosophy,哲学,Philosophy,29学問,True,philosophy-field-13,言語哲学,Philosophy of Language,130,True,phil-103,私的言語,Private language,大学教養,2,60,check,,True
philosophy,哲学,Philosophy,29学問,True,philosophy-field-14,科学哲学,Philosophy of Science,140,True,phil-104,科学とは何か,What is science?,大学教養,2,10,check,,True
philosophy,哲学,Philosophy,29学問,True,philosophy-field-14,科学哲学,Philosophy of Science,140,True,phil-105,帰納,Induction,大学教養,2,20,check,,True
philosophy,哲学,Philosophy,29学問,True,philosophy-field-14,科学哲学,Philosophy of Science,140,True,phil-106,反証可能性,Falsifiability,大学教養,2,30,check,,True
philosophy,哲学,Philosophy,29学問,True,philosophy-field-14,科学哲学,Philosophy of Science,140,True,phil-107,クーンのパラダイム,Kuhn's paradigms,大学教養,2,40,check,,True
philosophy,哲学,Philosophy,29学問,True,philosophy-field-14,科学哲学,Philosophy of Science,140,True,phil-108,科学的実在論,Scientific realism,大学教養,2,50,check,,True
philosophy,哲学,Philosophy,29学問,True,philosophy-field-14,科学哲学,Philosophy of Science,140,True,phil-109,説明と因果,Explanation and causation,大学教養,2,60,check,,True
philosophy,哲学,Philosophy,29学問,True,philosophy-field-15,美学,Aesthetics,150,True,phil-110,美とは何か,What is beauty?,高校 芸術・倫理・大学教養,2,10,check,,True
philosophy,哲学,Philosophy,29学問,True,philosophy-field-15,美学,Aesthetics,150,True,phil-111,芸術とは何か,What is art?,高校 芸術・倫理・大学教養,2,20,check,,True
philosophy,哲学,Philosophy,29学問,True,philosophy-field-15,美学,Aesthetics,150,True,phil-112,模倣,Mimesis,高校 芸術・倫理・大学教養,2,30,check,,True
philosophy,哲学,Philosophy,29学問,True,philosophy-field-15,美学,Aesthetics,150,True,phil-113,崇高,The sublime,高校 芸術・倫理・大学教養,2,40,check,,True
philosophy,哲学,Philosophy,29学問,True,philosophy-field-15,美学,Aesthetics,150,True,phil-114,趣味判断,Judgment of taste,高校 芸術・倫理・大学教養,2,50,check,,True
philosophy,哲学,Philosophy,29学問,True,philosophy-field-15,美学,Aesthetics,150,True,phil-115,芸術作品の解釈,Interpreting works of art,高校 芸術・倫理・大学教養,2,60,check,,True
philosophy,哲学,Philosophy,29学問,True,philosophy-field-16,哲学と人生,Philosophy and Life,160,True,phil-116,人生における幸福,Happiness in life,中学 道徳・高校 倫理,2,10,check,,True
philosophy,哲学,Philosophy,29学問,True,philosophy-field-16,哲学と人生,Philosophy and Life,160,True,phil-117,死,Death,中学 道徳・高校 倫理,2,20,check,,True
philosophy,哲学,Philosophy,29学問,True,philosophy-field-16,哲学と人生,Philosophy and Life,160,True,phil-118,人生の意味,Meaning of life,中学 道徳・高校 倫理,2,30,check,,True
philosophy,哲学,Philosophy,29学問,True,philosophy-field-16,哲学と人生,Philosophy and Life,160,True,phil-119,他者,The other,中学 道徳・高校 倫理,2,40,check,,True
philosophy,哲学,Philosophy,29学問,True,philosophy-field-16,哲学と人生,Philosophy and Life,160,True,phil-120,愛,Love,中学 道徳・高校 倫理,2,50,check,,True
philosophy,哲学,Philosophy,29学問,True,philosophy-field-16,哲学と人生,Philosophy and Life,160,True,phil-121,実存としての自由,Freedom as existence,中学 道徳・高校 倫理,2,60,check,,True
philosophy,哲学,Philosophy,29学問,True,philosophy-field-16,哲学と人生,Philosophy and Life,160,True,phil-122,孤独,Solitude,中学 道徳・高校 倫理,2,70,check,,True
philosophy,哲学,Philosophy,29学問,True,philosophy-field-16,哲学と人生,Philosophy and Life,160,True,phil-123,自己,The self,中学 道徳・高校 倫理,2,80,check,,True
religious-studies,宗教学,Religious Studies,29学問,True,religious-studies-field-01,宗教学の基礎,Foundations of Religious Studies,10,True,relig-001,宗教とは何か,What is religion?,高校 倫理・歴史・大学教養,2,10,check,,True
religious-studies,宗教学,Religious Studies,29学問,True,religious-studies-field-01,宗教学の基礎,Foundations of Religious Studies,10,True,relig-002,信仰,Faith,高校 倫理・歴史・大学教養,2,20,check,,True
religious-studies,宗教学,Religious Studies,29学問,True,religious-studies-field-01,宗教学の基礎,Foundations of Religious Studies,10,True,relig-003,聖と俗,The sacred and the profane,高校 倫理・歴史・大学教養,2,30,check,,True
religious-studies,宗教学,Religious Studies,29学問,True,religious-studies-field-01,宗教学の基礎,Foundations of Religious Studies,10,True,relig-004,神話,Myth,高校 倫理・歴史・大学教養,2,40,check,,True
religious-studies,宗教学,Religious Studies,29学問,True,religious-studies-field-01,宗教学の基礎,Foundations of Religious Studies,10,True,relig-005,儀礼,Ritual,高校 倫理・歴史・大学教養,2,50,check,,True
religious-studies,宗教学,Religious Studies,29学問,True,religious-studies-field-01,宗教学の基礎,Foundations of Religious Studies,10,True,relig-006,祈り,Prayer,高校 倫理・歴史・大学教養,2,60,check,,True
religious-studies,宗教学,Religious Studies,29学問,True,religious-studies-field-01,宗教学の基礎,Foundations of Religious Studies,10,True,relig-007,祭礼,Festivals,高校 倫理・歴史・大学教養,2,70,check,,True
religious-studies,宗教学,Religious Studies,29学問,True,religious-studies-field-01,宗教学の基礎,Foundations of Religious Studies,10,True,relig-008,聖典,Scriptures,高校 倫理・歴史・大学教養,2,80,check,,True
religious-studies,宗教学,Religious Studies,29学問,True,religious-studies-field-01,宗教学の基礎,Foundations of Religious Studies,10,True,relig-009,宗教共同体,Religious communities,高校 倫理・歴史・大学教養,2,90,check,,True
religious-studies,宗教学,Religious Studies,29学問,True,religious-studies-field-01,宗教学の基礎,Foundations of Religious Studies,10,True,relig-010,宗教経験,Religious experience,高校 倫理・歴史・大学教養,2,100,check,,True
religious-studies,宗教学,Religious Studies,29学問,True,religious-studies-field-02,宗教学の方法,Methods of Religious Studies,20,True,relig-011,比較宗教学,Comparative religion,大学教養,2,10,check,,True
religious-studies,宗教学,Religious Studies,29学問,True,religious-studies-field-02,宗教学の方法,Methods of Religious Studies,20,True,relig-012,宗教史,History of religions,大学教養,2,20,check,,True
religious-studies,宗教学,Religious Studies,29学問,True,religious-studies-field-02,宗教学の方法,Methods of Religious Studies,20,True,relig-013,宗教社会学,Sociology of religion,大学教養,2,30,check,,True
religious-studies,宗教学,Religious Studies,29学問,True,religious-studies-field-02,宗教学の方法,Methods of Religious Studies,20,True,relig-014,宗教心理学,Psychology of religion,大学教養,2,40,check,,True
religious-studies,宗教学,Religious Studies,29学問,True,religious-studies-field-02,宗教学の方法,Methods of Religious Studies,20,True,relig-015,宗教人類学,Anthropology of religion,大学教養,2,50,check,,True
religious-studies,宗教学,Religious Studies,29学問,True,religious-studies-field-02,宗教学の方法,Methods of Religious Studies,20,True,relig-016,現象学的宗教学,Phenomenology of religion,大学教養,2,60,check,,True
religious-studies,宗教学,Religious Studies,29学問,True,religious-studies-field-02,宗教学の方法,Methods of Religious Studies,20,True,relig-017,宗教の機能論,Functional theories of religion,大学教養,2,70,check,,True
religious-studies,宗教学,Religious Studies,29学問,True,religious-studies-field-02,宗教学の方法,Methods of Religious Studies,20,True,relig-018,宗教の解釈,Interpretation of religion,大学教養,2,80,check,,True
religious-studies,宗教学,Religious Studies,29学問,True,religious-studies-field-03,古代宗教,Ancient Religions,30,True,relig-019,メソポタミア宗教,Mesopotamian religion,高校 世界史・大学教養,2,10,check,,True
religious-studies,宗教学,Religious Studies,29学問,True,religious-studies-field-03,古代宗教,Ancient Religions,30,True,relig-020,古代エジプト宗教,Ancient Egyptian religion,高校 世界史・大学教養,2,20,check,,True
religious-studies,宗教学,Religious Studies,29学問,True,religious-studies-field-03,古代宗教,Ancient Religions,30,True,relig-021,ギリシア宗教,Greek religion,高校 世界史・大学教養,2,30,check,,True
religious-studies,宗教学,Religious Studies,29学問,True,religious-studies-field-03,古代宗教,Ancient Religions,30,True,relig-022,ローマ宗教,Roman religion,高校 世界史・大学教養,2,40,check,,True
religious-studies,宗教学,Religious Studies,29学問,True,religious-studies-field-03,古代宗教,Ancient Religions,30,True,relig-023,ゾロアスター教,Zoroastrianism,高校 世界史・大学教養,2,50,check,,True
religious-studies,宗教学,Religious Studies,29学問,True,religious-studies-field-03,古代宗教,Ancient Religions,30,True,relig-024,古代イスラエル宗教,Ancient Israelite religion,高校 世界史・大学教養,2,60,check,,True
religious-studies,宗教学,Religious Studies,29学問,True,religious-studies-field-04,ユダヤ教,Judaism,40,True,relig-025,ユダヤ教とは何か,What is Judaism?,高校 世界史・倫理,2,10,check,,True
religious-studies,宗教学,Religious Studies,29学問,True,religious-studies-field-04,ユダヤ教,Judaism,40,True,relig-026,ヘブライ聖書,Hebrew Bible,高校 世界史・倫理,2,20,check,,True
religious-studies,宗教学,Religious Studies,29学問,True,religious-studies-field-04,ユダヤ教,Judaism,40,True,relig-027,契約,Covenant,高校 世界史・倫理,2,30,check,,True
religious-studies,宗教学,Religious Studies,29学問,True,religious-studies-field-04,ユダヤ教,Judaism,40,True,relig-028,律法,The Law (Torah),高校 世界史・倫理,2,40,check,,True
religious-studies,宗教学,Religious Studies,29学問,True,religious-studies-field-04,ユダヤ教,Judaism,40,True,relig-029,預言者,Prophets,高校 世界史・倫理,2,50,check,,True
religious-studies,宗教学,Religious Studies,29学問,True,religious-studies-field-04,ユダヤ教,Judaism,40,True,relig-030,ディアスポラ,Diaspora,高校 世界史・倫理,2,60,check,,True
religious-studies,宗教学,Religious Studies,29学問,True,religious-studies-field-04,ユダヤ教,Judaism,40,True,relig-031,ラビ・ユダヤ教,Rabbinic Judaism,高校 世界史・倫理,2,70,check,,True
religious-studies,宗教学,Religious Studies,29学問,True,religious-studies-field-05,キリスト教,Christianity,50,True,relig-032,イエス,Jesus,中学 社会・高校 世界史・倫理,2,10,check,,True
religious-studies,宗教学,Religious Studies,29学問,True,religious-studies-field-05,キリスト教,Christianity,50,True,relig-033,新約聖書,New Testament,中学 社会・高校 世界史・倫理,2,20,check,,True
religious-studies,宗教学,Religious Studies,29学問,True,religious-studies-field-05,キリスト教,Christianity,50,True,relig-034,原始キリスト教,Early Christianity,中学 社会・高校 世界史・倫理,2,30,check,,True
religious-studies,宗教学,Religious Studies,29学問,True,religious-studies-field-05,キリスト教,Christianity,50,True,relig-035,三位一体,Trinity,中学 社会・高校 世界史・倫理,2,40,check,,True
religious-studies,宗教学,Religious Studies,29学問,True,religious-studies-field-05,キリスト教,Christianity,50,True,relig-036,カトリック,Catholicism,中学 社会・高校 世界史・倫理,2,50,check,,True
religious-studies,宗教学,Religious Studies,29学問,True,religious-studies-field-05,キリスト教,Christianity,50,True,relig-037,正教会,Eastern Orthodox Church,中学 社会・高校 世界史・倫理,2,60,check,,True
religious-studies,宗教学,Religious Studies,29学問,True,religious-studies-field-05,キリスト教,Christianity,50,True,relig-038,プロテスタント,Protestantism,中学 社会・高校 世界史・倫理,2,70,check,,True
religious-studies,宗教学,Religious Studies,29学問,True,religious-studies-field-05,キリスト教,Christianity,50,True,relig-039,宗教改革,The Reformation,中学 社会・高校 世界史・倫理,2,80,check,,True
religious-studies,宗教学,Religious Studies,29学問,True,religious-studies-field-05,キリスト教,Christianity,50,True,relig-040,キリスト教倫理,Christian ethics,中学 社会・高校 世界史・倫理,2,90,check,,True
religious-studies,宗教学,Religious Studies,29学問,True,religious-studies-field-05,キリスト教,Christianity,50,True,relig-041,キリスト教と近代,Christianity and modernity,中学 社会・高校 世界史・倫理,2,100,check,,True
religious-studies,宗教学,Religious Studies,29学問,True,religious-studies-field-06,イスラーム,Islam,60,True,relig-042,ムハンマド,Muhammad,中学 社会・高校 世界史・倫理,2,10,check,,True
religious-studies,宗教学,Religious Studies,29学問,True,religious-studies-field-06,イスラーム,Islam,60,True,relig-043,クルアーン,Quran,中学 社会・高校 世界史・倫理,2,20,check,,True
religious-studies,宗教学,Religious Studies,29学問,True,religious-studies-field-06,イスラーム,Islam,60,True,relig-044,五行,Five Pillars,中学 社会・高校 世界史・倫理,2,30,check,,True
religious-studies,宗教学,Religious Studies,29学問,True,religious-studies-field-06,イスラーム,Islam,60,True,relig-045,ウンマ,Ummah,中学 社会・高校 世界史・倫理,2,40,check,,True
religious-studies,宗教学,Religious Studies,29学問,True,religious-studies-field-06,イスラーム,Islam,60,True,relig-046,スンナ派とシーア派,Sunni and Shia,中学 社会・高校 世界史・倫理,2,50,check,,True
religious-studies,宗教学,Religious Studies,29学問,True,religious-studies-field-06,イスラーム,Islam,60,True,relig-047,イスラーム法,Islamic law,中学 社会・高校 世界史・倫理,2,60,check,,True
religious-studies,宗教学,Religious Studies,29学問,True,religious-studies-field-06,イスラーム,Islam,60,True,relig-048,スーフィズム,Sufism,中学 社会・高校 世界史・倫理,2,70,check,,True
religious-studies,宗教学,Religious Studies,29学問,True,religious-studies-field-06,イスラーム,Islam,60,True,relig-049-s1,イスラーム文明：ウマイヤ朝・アッバース朝の拡大,Islamic civilization: expansion under the Umayyads and Abbasids,中学 社会・高校 世界史・倫理,2,81,check,,True
religious-studies,宗教学,Religious Studies,29学問,True,religious-studies-field-06,イスラーム,Islam,60,True,relig-049-s2,イスラーム文明：翻訳運動と科学・哲学,"Islamic civilization: the translation movement, science and philosophy",中学 社会・高校 世界史・倫理,2,82,check,,True
religious-studies,宗教学,Religious Studies,29学問,True,religious-studies-field-06,イスラーム,Islam,60,True,relig-049-s3,イスラーム文明：イスラーム建築と美術,Islamic civilization: Islamic architecture and art,中学 社会・高校 世界史・倫理,2,83,check,,True
religious-studies,宗教学,Religious Studies,29学問,True,religious-studies-field-07,インド宗教,Indian Religions,70,True,relig-050,ヴェーダ,Vedas,高校 世界史・倫理,2,10,check,,True
religious-studies,宗教学,Religious Studies,29学問,True,religious-studies-field-07,インド宗教,Indian Religions,70,True,relig-051,バラモン教,Brahmanism,高校 世界史・倫理,2,20,check,,True
religious-studies,宗教学,Religious Studies,29学問,True,religious-studies-field-07,インド宗教,Indian Religions,70,True,relig-052,ウパニシャッド,Upanishads,高校 世界史・倫理,2,30,check,,True
religious-studies,宗教学,Religious Studies,29学問,True,religious-studies-field-07,インド宗教,Indian Religions,70,True,relig-053,ヒンドゥー教,Hinduism,高校 世界史・倫理,2,40,check,,True
religious-studies,宗教学,Religious Studies,29学問,True,religious-studies-field-07,インド宗教,Indian Religions,70,True,relig-054,輪廻,Samsara (rebirth),高校 世界史・倫理,2,50,check,,True
religious-studies,宗教学,Religious Studies,29学問,True,religious-studies-field-07,インド宗教,Indian Religions,70,True,relig-055,業,Karma,高校 世界史・倫理,2,60,check,,True
religious-studies,宗教学,Religious Studies,29学問,True,religious-studies-field-07,インド宗教,Indian Religions,70,True,relig-056,解脱,Moksha (liberation),高校 世界史・倫理,2,70,check,,True
religious-studies,宗教学,Religious Studies,29学問,True,religious-studies-field-07,インド宗教,Indian Religions,70,True,relig-057,バクティ,Bhakti,高校 世界史・倫理,2,80,check,,True
religious-studies,宗教学,Religious Studies,29学問,True,religious-studies-field-07,インド宗教,Indian Religions,70,True,relig-058,ジャイナ教,Jainism,高校 世界史・倫理,2,90,check,,True
religious-studies,宗教学,Religious Studies,29学問,True,religious-studies-field-07,インド宗教,Indian Religions,70,True,relig-059,シク教,Sikhism,高校 世界史・倫理,2,100,check,,True
religious-studies,宗教学,Religious Studies,29学問,True,religious-studies-field-08,仏教,Buddhism,80,True,relig-060,ブッダ,The Buddha,中学 社会・高校 世界史・倫理,2,10,check,,True
religious-studies,宗教学,Religious Studies,29学問,True,religious-studies-field-08,仏教,Buddhism,80,True,relig-061,四諦,Four Noble Truths,中学 社会・高校 世界史・倫理,2,20,check,,True
religious-studies,宗教学,Religious Studies,29学問,True,religious-studies-field-08,仏教,Buddhism,80,True,relig-062,八正道,Noble Eightfold Path,中学 社会・高校 世界史・倫理,2,30,check,,True
religious-studies,宗教学,Religious Studies,29学問,True,religious-studies-field-08,仏教,Buddhism,80,True,relig-063,縁起,Dependent origination,中学 社会・高校 世界史・倫理,2,40,check,,True
religious-studies,宗教学,Religious Studies,29学問,True,religious-studies-field-08,仏教,Buddhism,80,True,relig-064,無常,Impermanence,中学 社会・高校 世界史・倫理,2,50,check,,True
religious-studies,宗教学,Religious Studies,29学問,True,religious-studies-field-08,仏教,Buddhism,80,True,relig-065,無我,Non-self,中学 社会・高校 世界史・倫理,2,60,check,,True
religious-studies,宗教学,Religious Studies,29学問,True,religious-studies-field-08,仏教,Buddhism,80,True,relig-066,部派仏教,Sectarian (Nikaya) Buddhism,中学 社会・高校 世界史・倫理,2,70,check,,True
religious-studies,宗教学,Religious Studies,29学問,True,religious-studies-field-08,仏教,Buddhism,80,True,relig-067-s1,大乗仏教：菩薩思想と空,Mahayana Buddhism: bodhisattva ideal and emptiness,中学 社会・高校 世界史・倫理,2,81,check,,True
religious-studies,宗教学,Religious Studies,29学問,True,religious-studies-field-08,仏教,Buddhism,80,True,relig-067-s2,大乗仏教：中観派,Mahayana Buddhism: Madhyamaka,中学 社会・高校 世界史・倫理,2,82,check,,True
religious-studies,宗教学,Religious Studies,29学問,True,religious-studies-field-08,仏教,Buddhism,80,True,relig-067-s3,大乗仏教：唯識派,Mahayana Buddhism: Yogacara,中学 社会・高校 世界史・倫理,2,83,check,,True
religious-studies,宗教学,Religious Studies,29学問,True,religious-studies-field-08,仏教,Buddhism,80,True,relig-068,上座部仏教,Theravada Buddhism,中学 社会・高校 世界史・倫理,2,90,check,,True
religious-studies,宗教学,Religious Studies,29学問,True,religious-studies-field-08,仏教,Buddhism,80,True,relig-069,密教,Esoteric Buddhism,中学 社会・高校 世界史・倫理,2,100,check,,True
religious-studies,宗教学,Religious Studies,29学問,True,religious-studies-field-08,仏教,Buddhism,80,True,relig-070,禅,Zen,中学 社会・高校 世界史・倫理,2,110,check,,True
religious-studies,宗教学,Religious Studies,29学問,True,religious-studies-field-09,東アジア宗教,East Asian Religions,90,True,relig-071,儒教の宗教性,Religious aspects of Confucianism,高校 世界史・倫理,2,10,check,,True
religious-studies,宗教学,Religious Studies,29学問,True,religious-studies-field-09,東アジア宗教,East Asian Religions,90,True,relig-072,道教,Taoism,高校 世界史・倫理,2,20,check,,True
religious-studies,宗教学,Religious Studies,29学問,True,religious-studies-field-09,東アジア宗教,East Asian Religions,90,True,relig-073,中国民間信仰,Chinese folk religion,高校 世界史・倫理,2,30,check,,True
religious-studies,宗教学,Religious Studies,29学問,True,religious-studies-field-09,東アジア宗教,East Asian Religions,90,True,relig-074,祖先祭祀,Ancestor rites,高校 世界史・倫理,2,40,check,,True
religious-studies,宗教学,Religious Studies,29学問,True,religious-studies-field-09,東アジア宗教,East Asian Religions,90,True,relig-075-s1,朝鮮半島の宗教：巫俗（シャーマニズム）,Religion in Korea: shamanism (musok),高校 世界史・倫理,2,51,check,,True
religious-studies,宗教学,Religious Studies,29学問,True,religious-studies-field-09,東アジア宗教,East Asian Religions,90,True,relig-075-s2,朝鮮半島の宗教：朝鮮の仏教と儒教,Religion in Korea: Korean Buddhism and Confucianism,高校 世界史・倫理,2,52,check,,True
religious-studies,宗教学,Religious Studies,29学問,True,religious-studies-field-09,東アジア宗教,East Asian Religions,90,True,relig-075-s3,朝鮮半島の宗教：韓国のキリスト教,Religion in Korea: Christianity in South Korea,高校 世界史・倫理,2,53,check,,True
religious-studies,宗教学,Religious Studies,29学問,True,religious-studies-field-09,東アジア宗教,East Asian Religions,90,True,relig-076-s1,東アジアの仏教：中国仏教の成立（訳経と格義）,East Asian Buddhism: formation of Chinese Buddhism (translation and geyi),高校 世界史・倫理,2,61,check,,True
religious-studies,宗教学,Religious Studies,29学問,True,religious-studies-field-09,東アジア宗教,East Asian Religions,90,True,relig-076-s2,東アジアの仏教：中国仏教の諸宗（天台・華厳・浄土）,"East Asian Buddhism: Chinese Buddhist schools (Tiantai, Huayan, Pure Land)",高校 世界史・倫理,2,62,check,,True
religious-studies,宗教学,Religious Studies,29学問,True,religious-studies-field-09,東アジア宗教,East Asian Religions,90,True,relig-076-s3,東アジアの仏教：朝鮮・ベトナムの仏教,East Asian Buddhism: Buddhism in Korea and Vietnam,高校 世界史・倫理,2,63,check,,True
religious-studies,宗教学,Religious Studies,29学問,True,religious-studies-field-10,日本宗教,Japanese Religion,100,True,relig-077,神道,Shinto,中学 社会・高校 日本史・倫理,2,10,check,,True
religious-studies,宗教学,Religious Studies,29学問,True,religious-studies-field-10,日本宗教,Japanese Religion,100,True,relig-078,神と祭り,Kami and matsuri,中学 社会・高校 日本史・倫理,2,20,check,,True
religious-studies,宗教学,Religious Studies,29学問,True,religious-studies-field-10,日本宗教,Japanese Religion,100,True,relig-079,古代国家と宗教,The ancient state and religion,中学 社会・高校 日本史・倫理,2,30,check,,True
religious-studies,宗教学,Religious Studies,29学問,True,religious-studies-field-10,日本宗教,Japanese Religion,100,True,relig-080,日本仏教,Japanese Buddhism,中学 社会・高校 日本史・倫理,2,40,check,,True
religious-studies,宗教学,Religious Studies,29学問,True,religious-studies-field-10,日本宗教,Japanese Religion,100,True,relig-081,天台宗,Tendai school,中学 社会・高校 日本史・倫理,2,50,check,,True
religious-studies,宗教学,Religious Studies,29学問,True,religious-studies-field-10,日本宗教,Japanese Religion,100,True,relig-082,真言宗,Shingon school,中学 社会・高校 日本史・倫理,2,60,check,,True
religious-studies,宗教学,Religious Studies,29学問,True,religious-studies-field-10,日本宗教,Japanese Religion,100,True,relig-083,鎌倉仏教,Kamakura Buddhism,中学 社会・高校 日本史・倫理,2,70,check,,True
religious-studies,宗教学,Religious Studies,29学問,True,religious-studies-field-10,日本宗教,Japanese Religion,100,True,relig-084,浄土教,Pure Land Buddhism,中学 社会・高校 日本史・倫理,2,80,check,,True
religious-studies,宗教学,Religious Studies,29学問,True,religious-studies-field-10,日本宗教,Japanese Religion,100,True,relig-085,禅宗,Zen schools,中学 社会・高校 日本史・倫理,2,90,check,,True
religious-studies,宗教学,Religious Studies,29学問,True,religious-studies-field-10,日本宗教,Japanese Religion,100,True,relig-086,日蓮宗,Nichiren school,中学 社会・高校 日本史・倫理,2,100,check,,True
religious-studies,宗教学,Religious Studies,29学問,True,religious-studies-field-10,日本宗教,Japanese Religion,100,True,relig-087,神仏習合,Shinto-Buddhist syncretism,中学 社会・高校 日本史・倫理,2,110,check,,True
religious-studies,宗教学,Religious Studies,29学問,True,religious-studies-field-10,日本宗教,Japanese Religion,100,True,relig-088,神仏分離,Separation of Shinto and Buddhism,中学 社会・高校 日本史・倫理,2,120,check,,True
religious-studies,宗教学,Religious Studies,29学問,True,religious-studies-field-10,日本宗教,Japanese Religion,100,True,relig-089,国家神道,State Shinto,中学 社会・高校 日本史・倫理,2,130,check,,True
religious-studies,宗教学,Religious Studies,29学問,True,religious-studies-field-10,日本宗教,Japanese Religion,100,True,relig-090,新宗教,New religions,中学 社会・高校 日本史・倫理,2,140,check,,True
religious-studies,宗教学,Religious Studies,29学問,True,religious-studies-field-11,宗教と社会,Religion and Society,110,True,relig-091,宗教と国家,Religion and the state,高校 公共・倫理・大学教養,2,10,check,,True
religious-studies,宗教学,Religious Studies,29学問,True,religious-studies-field-11,宗教と社会,Religion and Society,110,True,relig-092,政教分離,Separation of religion and state,高校 公共・倫理・大学教養,2,20,check,,True
religious-studies,宗教学,Religious Studies,29学問,True,religious-studies-field-11,宗教と社会,Religion and Society,110,True,relig-093,宗教と政治,Religion and politics,高校 公共・倫理・大学教養,2,30,check,,True
religious-studies,宗教学,Religious Studies,29学問,True,religious-studies-field-11,宗教と社会,Religion and Society,110,True,relig-094,宗教と家族,Religion and family,高校 公共・倫理・大学教養,2,40,check,,True
religious-studies,宗教学,Religious Studies,29学問,True,religious-studies-field-11,宗教と社会,Religion and Society,110,True,relig-095,宗教と経済,Religion and economy,高校 公共・倫理・大学教養,2,50,check,,True
religious-studies,宗教学,Religious Studies,29学問,True,religious-studies-field-11,宗教と社会,Religion and Society,110,True,relig-096,宗教とジェンダー,Religion and gender,高校 公共・倫理・大学教養,2,60,check,,True
religious-studies,宗教学,Religious Studies,29学問,True,religious-studies-field-11,宗教と社会,Religion and Society,110,True,relig-097,宗教と教育,Religion and education,高校 公共・倫理・大学教養,2,70,check,,True
religious-studies,宗教学,Religious Studies,29学問,True,religious-studies-field-11,宗教と社会,Religion and Society,110,True,relig-098,宗教と福祉,Religion and welfare,高校 公共・倫理・大学教養,2,80,check,,True
religious-studies,宗教学,Religious Studies,29学問,True,religious-studies-field-12,宗教と近代,Religion and Modernity,120,True,relig-099,世俗化,Secularization,高校 歴史・倫理,2,10,check,,True
religious-studies,宗教学,Religious Studies,29学問,True,religious-studies-field-12,宗教と近代,Religion and Modernity,120,True,relig-100,合理化,Rationalization,高校 歴史・倫理,2,20,check,,True
religious-studies,宗教学,Religious Studies,29学問,True,religious-studies-field-12,宗教と近代,Religion and Modernity,120,True,relig-101,宗教復興,Religious revival,高校 歴史・倫理,2,30,check,,True
religious-studies,宗教学,Religious Studies,29学問,True,religious-studies-field-12,宗教と近代,Religion and Modernity,120,True,relig-102,原理主義,Fundamentalism,高校 歴史・倫理,2,40,check,,True
religious-studies,宗教学,Religious Studies,29学問,True,religious-studies-field-12,宗教と近代,Religion and Modernity,120,True,relig-103,新宗教運動,New religious movements,高校 歴史・倫理,2,50,check,,True
religious-studies,宗教学,Religious Studies,29学問,True,religious-studies-field-12,宗教と近代,Religion and Modernity,120,True,relig-104,スピリチュアリティ,Spirituality,高校 歴史・倫理,2,60,check,,True
religious-studies,宗教学,Religious Studies,29学問,True,religious-studies-field-13,宗教と紛争・共生,"Religion, Conflict and Coexistence",130,True,relig-105,宗教紛争,Religious conflict,高校 公共・世界史,2,10,check,,True
religious-studies,宗教学,Religious Studies,29学問,True,religious-studies-field-13,宗教と紛争・共生,"Religion, Conflict and Coexistence",130,True,relig-106,宗教アイデンティティ,Religious identity,高校 公共・世界史,2,20,check,,True
religious-studies,宗教学,Religious Studies,29学問,True,religious-studies-field-13,宗教と紛争・共生,"Religion, Conflict and Coexistence",130,True,relig-107,宗教的寛容,Religious tolerance,高校 公共・世界史,2,30,check,,True
religious-studies,宗教学,Religious Studies,29学問,True,religious-studies-field-13,宗教と紛争・共生,"Religion, Conflict and Coexistence",130,True,relig-108,宗教間対話,Interreligious dialogue,高校 公共・世界史,2,40,check,,True
religious-studies,宗教学,Religious Studies,29学問,True,religious-studies-field-13,宗教と紛争・共生,"Religion, Conflict and Coexistence",130,True,relig-109,多宗教社会,Multireligious society,高校 公共・世界史,2,50,check,,True
religious-studies,宗教学,Religious Studies,29学問,True,religious-studies-field-13,宗教と紛争・共生,"Religion, Conflict and Coexistence",130,True,relig-110,信教の自由,Freedom of religion,高校 公共・世界史,2,60,check,,True
religious-studies,宗教学,Religious Studies,29学問,True,religious-studies-field-14,死と宗教,Death and Religion,140,True,relig-111,死生観,Views of life and death,高校 倫理・大学教養,2,10,check,,True
religious-studies,宗教学,Religious Studies,29学問,True,religious-studies-field-14,死と宗教,Death and Religion,140,True,relig-112,葬送,Funerals,高校 倫理・大学教養,2,20,check,,True
religious-studies,宗教学,Religious Studies,29学問,True,religious-studies-field-14,死と宗教,Death and Religion,140,True,relig-113,来世,Afterlife,高校 倫理・大学教養,2,30,check,,True
religious-studies,宗教学,Religious Studies,29学問,True,religious-studies-field-14,死と宗教,Death and Religion,140,True,relig-114,祖先崇拝,Ancestor worship,高校 倫理・大学教養,2,40,check,,True
religious-studies,宗教学,Religious Studies,29学問,True,religious-studies-field-14,死と宗教,Death and Religion,140,True,relig-115,救済,Salvation,高校 倫理・大学教養,2,50,check,,True
religious-studies,宗教学,Religious Studies,29学問,True,religious-studies-field-14,死と宗教,Death and Religion,140,True,relig-116,宗教と喪失,Religion and loss,高校 倫理・大学教養,2,60,check,,True
psychology,心理学,Psychology,29学問,True,psychology-field-01,心理学の基礎,Foundations of Psychology,10,True,psy-002,心と行動,Mind and behavior,高校 保健・倫理・大学教養,2,20,check,,True
psychology,心理学,Psychology,29学問,True,psychology-field-01,心理学の基礎,Foundations of Psychology,10,True,psy-003,心理学の歴史,History of psychology,高校 保健・倫理・大学教養,2,30,check,,True
psychology,心理学,Psychology,29学問,True,psychology-field-01,心理学の基礎,Foundations of Psychology,10,True,psy-004,科学としての心理学,Psychology as a science,高校 保健・倫理・大学教養,2,40,check,,True
psychology,心理学,Psychology,29学問,True,psychology-field-01,心理学の基礎,Foundations of Psychology,10,True,psy-005,心理学の主要領域,Major areas of psychology,高校 保健・倫理・大学教養,2,50,check,,True
psychology,心理学,Psychology,29学問,True,psychology-field-02,研究法,Research Methods,20,True,psy-006,仮説,Hypotheses,高校 情報・大学教養,2,10,check,,True
psychology,心理学,Psychology,29学問,True,psychology-field-02,研究法,Research Methods,20,True,psy-007,変数,Variables,高校 情報・大学教養,2,20,check,,True
psychology,心理学,Psychology,29学問,True,psychology-field-02,研究法,Research Methods,20,True,psy-008,実験法,Experimental method,高校 情報・大学教養,2,30,check,,True
psychology,心理学,Psychology,29学問,True,psychology-field-02,研究法,Research Methods,20,True,psy-009,観察法,Observational method,高校 情報・大学教養,2,40,check,,True
psychology,心理学,Psychology,29学問,True,psychology-field-02,研究法,Research Methods,20,True,psy-010,質問紙法,Questionnaire method,高校 情報・大学教養,2,50,check,,True
psychology,心理学,Psychology,29学問,True,psychology-field-02,研究法,Research Methods,20,True,psy-011,面接法,Interview method,高校 情報・大学教養,2,60,check,,True
psychology,心理学,Psychology,29学問,True,psychology-field-02,研究法,Research Methods,20,True,psy-012,相関研究,Correlational research,高校 情報・大学教養,2,70,check,,True
psychology,心理学,Psychology,29学問,True,psychology-field-02,研究法,Research Methods,20,True,psy-013,縦断研究,Longitudinal research,高校 情報・大学教養,2,80,check,,True
psychology,心理学,Psychology,29学問,True,psychology-field-02,研究法,Research Methods,20,True,psy-014,横断研究,Cross-sectional research,高校 情報・大学教養,2,90,check,,True
psychology,心理学,Psychology,29学問,True,psychology-field-02,研究法,Research Methods,20,True,psy-015,再現性,Replicability,高校 情報・大学教養,2,100,check,,True
psychology,心理学,Psychology,29学問,True,psychology-field-02,研究法,Research Methods,20,True,psy-016,研究倫理,Research ethics,高校 情報・大学教養,2,110,check,,True
psychology,心理学,Psychology,29学問,True,psychology-field-03,統計の基礎,Basic Statistics,30,True,psy-017,平均・中央値・最頻値,"Mean, median and mode",高校 数学I・情報I・大学教養,2,10,check,,True
psychology,心理学,Psychology,29学問,True,psychology-field-03,統計の基礎,Basic Statistics,30,True,psy-018,分散と標準偏差,Variance and standard deviation,高校 数学I・情報I・大学教養,2,20,check,,True
psychology,心理学,Psychology,29学問,True,psychology-field-03,統計の基礎,Basic Statistics,30,True,psy-019,相関,Correlation,高校 数学I・情報I・大学教養,2,30,check,,True
psychology,心理学,Psychology,29学問,True,psychology-field-03,統計の基礎,Basic Statistics,30,True,psy-020,回帰,Regression,高校 数学I・情報I・大学教養,2,40,check,,True
psychology,心理学,Psychology,29学問,True,psychology-field-03,統計の基礎,Basic Statistics,30,True,psy-021-s1,統計的推測：母集団と標本・標準誤差,"Statistical inference: population, sample and standard error",高校 数学I・情報I・大学教養,2,51,check,,True
psychology,心理学,Psychology,29学問,True,psychology-field-03,統計の基礎,Basic Statistics,30,True,psy-021-s2,統計的推測：区間推定（信頼区間）,Statistical inference: interval estimation (confidence intervals),高校 数学I・情報I・大学教養,2,52,check,,True
psychology,心理学,Psychology,29学問,True,psychology-field-03,統計の基礎,Basic Statistics,30,True,psy-021-s3,統計的推測：仮説検定とp値,Statistical inference: hypothesis testing and p-values,高校 数学I・情報I・大学教養,2,53,check,,True
psychology,心理学,Psychology,29学問,True,psychology-field-03,統計の基礎,Basic Statistics,30,True,psy-021-s4,統計的推測：代表的な検定（t検定・χ²検定・分散分析）,"Statistical inference: common tests (t-test, chi-square test, ANOVA)",高校 数学I・情報I・大学教養,2,54,check,,True
psychology,心理学,Psychology,29学問,True,psychology-field-03,統計の基礎,Basic Statistics,30,True,psy-022,効果量,Effect size,高校 数学I・情報I・大学教養,2,60,check,,True
psychology,心理学,Psychology,29学問,True,psychology-field-04,神経心理,Neuropsychology,40,True,psy-023,脳と心,Brain and mind,高校 生物・大学教養,2,10,check,,True
psychology,心理学,Psychology,29学問,True,psychology-field-04,神経心理,Neuropsychology,40,True,psy-024,ニューロン,Neurons,高校 生物・大学教養,2,20,check,,True
psychology,心理学,Psychology,29学問,True,psychology-field-04,神経心理,Neuropsychology,40,True,psy-025,神経伝達物質,Neurotransmitters,高校 生物・大学教養,2,30,check,,True
psychology,心理学,Psychology,29学問,True,psychology-field-04,神経心理,Neuropsychology,40,True,psy-026,大脳皮質,Cerebral cortex,高校 生物・大学教養,2,40,check,,True
psychology,心理学,Psychology,29学問,True,psychology-field-04,神経心理,Neuropsychology,40,True,psy-027,辺縁系,Limbic system,高校 生物・大学教養,2,50,check,,True
psychology,心理学,Psychology,29学問,True,psychology-field-04,神経心理,Neuropsychology,40,True,psy-028,前頭葉,Frontal lobe,高校 生物・大学教養,2,60,check,,True
psychology,心理学,Psychology,29学問,True,psychology-field-04,神経心理,Neuropsychology,40,True,psy-029,脳の可塑性,Brain plasticity,高校 生物・大学教養,2,70,check,,True
psychology,心理学,Psychology,29学問,True,psychology-field-04,神経心理,Neuropsychology,40,True,psy-030,左右半球,Left and right hemispheres,高校 生物・大学教養,2,80,check,,True
psychology,心理学,Psychology,29学問,True,psychology-field-05,感覚・知覚,Sensation and Perception,50,True,psy-031,感覚,Sensation,中学理科・高校 生物・大学教養,2,10,check,,True
psychology,心理学,Psychology,29学問,True,psychology-field-05,感覚・知覚,Sensation and Perception,50,True,psy-032-s1,視覚：眼と網膜の仕組み,Vision: how the eye and retina work,中学理科・高校 生物・大学教養,2,21,check,,True
psychology,心理学,Psychology,29学問,True,psychology-field-05,感覚・知覚,Sensation and Perception,50,True,psy-032-s2,視覚：色覚,Vision: color vision,中学理科・高校 生物・大学教養,2,22,check,,True
psychology,心理学,Psychology,29学問,True,psychology-field-05,感覚・知覚,Sensation and Perception,50,True,psy-032-s3,視覚：奥行き知覚,Vision: depth perception,中学理科・高校 生物・大学教養,2,23,check,,True
psychology,心理学,Psychology,29学問,True,psychology-field-05,感覚・知覚,Sensation and Perception,50,True,psy-032-s4,視覚：運動知覚,Vision: motion perception,中学理科・高校 生物・大学教養,2,24,check,,True
psychology,心理学,Psychology,29学問,True,psychology-field-05,感覚・知覚,Sensation and Perception,50,True,psy-033,聴覚,Hearing,中学理科・高校 生物・大学教養,2,30,check,,True
psychology,心理学,Psychology,29学問,True,psychology-field-05,感覚・知覚,Sensation and Perception,50,True,psy-034,触覚,Touch,中学理科・高校 生物・大学教養,2,40,check,,True
psychology,心理学,Psychology,29学問,True,psychology-field-05,感覚・知覚,Sensation and Perception,50,True,psy-035,味覚,Taste,中学理科・高校 生物・大学教養,2,50,check,,True
psychology,心理学,Psychology,29学問,True,psychology-field-05,感覚・知覚,Sensation and Perception,50,True,psy-036,嗅覚,Smell,中学理科・高校 生物・大学教養,2,60,check,,True
psychology,心理学,Psychology,29学問,True,psychology-field-05,感覚・知覚,Sensation and Perception,50,True,psy-037,知覚の恒常性,Perceptual constancy,中学理科・高校 生物・大学教養,2,70,check,,True
psychology,心理学,Psychology,29学問,True,psychology-field-05,感覚・知覚,Sensation and Perception,50,True,psy-038,ゲシュタルト原理,Gestalt principles,中学理科・高校 生物・大学教養,2,80,check,,True
psychology,心理学,Psychology,29学問,True,psychology-field-05,感覚・知覚,Sensation and Perception,50,True,psy-039,錯視,Optical illusions,中学理科・高校 生物・大学教養,2,90,check,,True
psychology,心理学,Psychology,29学問,True,psychology-field-05,感覚・知覚,Sensation and Perception,50,True,psy-040,注意,Attention,中学理科・高校 生物・大学教養,2,100,check,,True
psychology,心理学,Psychology,29学問,True,psychology-field-06,学習,Learning,60,True,psy-041,古典的条件づけ,Classical conditioning,中学 保健・大学教養,2,10,check,,True
psychology,心理学,Psychology,29学問,True,psychology-field-06,学習,Learning,60,True,psy-042,オペラント条件づけ,Operant conditioning,中学 保健・大学教養,2,20,check,,True
psychology,心理学,Psychology,29学問,True,psychology-field-06,学習,Learning,60,True,psy-043,強化,Reinforcement,中学 保健・大学教養,2,30,check,,True
psychology,心理学,Psychology,29学問,True,psychology-field-06,学習,Learning,60,True,psy-044,罰,Punishment,中学 保健・大学教養,2,40,check,,True
psychology,心理学,Psychology,29学問,True,psychology-field-06,学習,Learning,60,True,psy-045,観察学習,Observational learning,中学 保健・大学教養,2,50,check,,True
psychology,心理学,Psychology,29学問,True,psychology-field-06,学習,Learning,60,True,psy-046,潜在学習,Latent learning,中学 保健・大学教養,2,60,check,,True
psychology,心理学,Psychology,29学問,True,psychology-field-07,記憶,Memory,70,True,psy-047,感覚記憶,Sensory memory,大学教養,2,10,check,,True
psychology,心理学,Psychology,29学問,True,psychology-field-07,記憶,Memory,70,True,psy-048,短期記憶,Short-term memory,大学教養,2,20,check,,True
psychology,心理学,Psychology,29学問,True,psychology-field-07,記憶,Memory,70,True,psy-049,ワーキングメモリ,Working memory,大学教養,2,30,check,,True
psychology,心理学,Psychology,29学問,True,psychology-field-07,記憶,Memory,70,True,psy-050,長期記憶,Long-term memory,大学教養,2,40,check,,True
psychology,心理学,Psychology,29学問,True,psychology-field-07,記憶,Memory,70,True,psy-051,エピソード記憶,Episodic memory,大学教養,2,50,check,,True
psychology,心理学,Psychology,29学問,True,psychology-field-07,記憶,Memory,70,True,psy-052,意味記憶,Semantic memory,大学教養,2,60,check,,True
psychology,心理学,Psychology,29学問,True,psychology-field-07,記憶,Memory,70,True,psy-053,手続き記憶,Procedural memory,大学教養,2,70,check,,True
psychology,心理学,Psychology,29学問,True,psychology-field-07,記憶,Memory,70,True,psy-054,忘却,Forgetting,大学教養,2,80,check,,True
psychology,心理学,Psychology,29学問,True,psychology-field-07,記憶,Memory,70,True,psy-055,記憶の再構成,Reconstructive memory,大学教養,2,90,check,,True
psychology,心理学,Psychology,29学問,True,psychology-field-08,思考・判断,Thinking and Judgment,80,True,psy-056,概念,Concepts,高校 情報・大学教養,2,10,check,,True
psychology,心理学,Psychology,29学問,True,psychology-field-08,思考・判断,Thinking and Judgment,80,True,psy-057,問題解決,Problem solving,高校 情報・大学教養,2,20,check,,True
psychology,心理学,Psychology,29学問,True,psychology-field-08,思考・判断,Thinking and Judgment,80,True,psy-058,推論,Reasoning,高校 情報・大学教養,2,30,check,,True
psychology,心理学,Psychology,29学問,True,psychology-field-08,思考・判断,Thinking and Judgment,80,True,psy-059,ヒューリスティクス,Heuristics,高校 情報・大学教養,2,40,check,,True
psychology,心理学,Psychology,29学問,True,psychology-field-08,思考・判断,Thinking and Judgment,80,True,psy-060,認知バイアス,Cognitive biases,高校 情報・大学教養,2,50,check,,True
psychology,心理学,Psychology,29学問,True,psychology-field-08,思考・判断,Thinking and Judgment,80,True,psy-061,意思決定,Decision making,高校 情報・大学教養,2,60,check,,True
psychology,心理学,Psychology,29学問,True,psychology-field-08,思考・判断,Thinking and Judgment,80,True,psy-062,創造性,Creativity,高校 情報・大学教養,2,70,check,,True
psychology,心理学,Psychology,29学問,True,psychology-field-09,言語と心理,Language and Psychology,90,True,psy-063,言語獲得,Language acquisition,国語・外国語・大学教養,2,10,check,,True
psychology,心理学,Psychology,29学問,True,psychology-field-09,言語と心理,Language and Psychology,90,True,psy-064,語彙,Vocabulary,国語・外国語・大学教養,2,20,check,,True
psychology,心理学,Psychology,29学問,True,psychology-field-09,言語と心理,Language and Psychology,90,True,psy-065,文理解,Sentence comprehension,国語・外国語・大学教養,2,30,check,,True
psychology,心理学,Psychology,29学問,True,psychology-field-09,言語と心理,Language and Psychology,90,True,psy-066,言語と思考,Language and thought,国語・外国語・大学教養,2,40,check,,True
psychology,心理学,Psychology,29学問,True,psychology-field-09,言語と心理,Language and Psychology,90,True,psy-067,バイリンガリズム,Bilingualism,国語・外国語・大学教養,2,50,check,,True
psychology,心理学,Psychology,29学問,True,psychology-field-10,知能,Intelligence,100,True,psy-068,知能とは何か,What is intelligence?,大学教養,2,10,check,,True
psychology,心理学,Psychology,29学問,True,psychology-field-10,知能,Intelligence,100,True,psy-069,知能検査,Intelligence tests,大学教養,2,20,check,,True
psychology,心理学,Psychology,29学問,True,psychology-field-10,知能,Intelligence,100,True,psy-070,IQ,IQ,大学教養,2,30,check,,True
psychology,心理学,Psychology,29学問,True,psychology-field-10,知能,Intelligence,100,True,psy-071,一般知能,General intelligence,大学教養,2,40,check,,True
psychology,心理学,Psychology,29学問,True,psychology-field-10,知能,Intelligence,100,True,psy-072,多重知能,Multiple intelligences,大学教養,2,50,check,,True
psychology,心理学,Psychology,29学問,True,psychology-field-10,知能,Intelligence,100,True,psy-073,遺伝と環境,Heredity and environment,大学教養,2,60,check,,True
psychology,心理学,Psychology,29学問,True,psychology-field-11,動機づけ,Motivation,110,True,psy-074,動機,Motives,高校 保健・大学教養,2,10,check,,True
psychology,心理学,Psychology,29学問,True,psychology-field-11,動機づけ,Motivation,110,True,psy-075,欲求,Needs,高校 保健・大学教養,2,20,check,,True
psychology,心理学,Psychology,29学問,True,psychology-field-11,動機づけ,Motivation,110,True,psy-076,内発的動機づけ,Intrinsic motivation,高校 保健・大学教養,2,30,check,,True
psychology,心理学,Psychology,29学問,True,psychology-field-11,動機づけ,Motivation,110,True,psy-077,外発的動機づけ,Extrinsic motivation,高校 保健・大学教養,2,40,check,,True
psychology,心理学,Psychology,29学問,True,psychology-field-11,動機づけ,Motivation,110,True,psy-078,自己決定理論,Self-determination theory,高校 保健・大学教養,2,50,check,,True
psychology,心理学,Psychology,29学問,True,psychology-field-11,動機づけ,Motivation,110,True,psy-079,達成動機,Achievement motivation,高校 保健・大学教養,2,60,check,,True
psychology,心理学,Psychology,29学問,True,psychology-field-11,動機づけ,Motivation,110,True,psy-080,自己効力感,Self-efficacy,高校 保健・大学教養,2,70,check,,True
psychology,心理学,Psychology,29学問,True,psychology-field-12,感情,Emotion,120,True,psy-081,感情とは何か,What is emotion?,高校 保健・大学教養,2,10,check,,True
psychology,心理学,Psychology,29学問,True,psychology-field-12,感情,Emotion,120,True,psy-082,基本感情,Basic emotions,高校 保健・大学教養,2,20,check,,True
psychology,心理学,Psychology,29学問,True,psychology-field-12,感情,Emotion,120,True,psy-083,情動の生理,Physiology of emotion,高校 保健・大学教養,2,30,check,,True
psychology,心理学,Psychology,29学問,True,psychology-field-12,感情,Emotion,120,True,psy-084,感情調整,Emotion regulation,高校 保健・大学教養,2,40,check,,True
psychology,心理学,Psychology,29学問,True,psychology-field-12,感情,Emotion,120,True,psy-085,ストレス,Stress,高校 保健・大学教養,2,50,check,,True
psychology,心理学,Psychology,29学問,True,psychology-field-12,感情,Emotion,120,True,psy-086,コーピング,Coping,高校 保健・大学教養,2,60,check,,True
psychology,心理学,Psychology,29学問,True,psychology-field-13,発達,Development,130,True,psy-087,乳児期,Infancy,高校 家庭・保健・大学教養,2,10,check,,True
psychology,心理学,Psychology,29学問,True,psychology-field-13,発達,Development,130,True,psy-088,幼児期,Early childhood,高校 家庭・保健・大学教養,2,20,check,,True
psychology,心理学,Psychology,29学問,True,psychology-field-13,発達,Development,130,True,psy-089,児童期,Middle childhood,高校 家庭・保健・大学教養,2,30,check,,True
psychology,心理学,Psychology,29学問,True,psychology-field-13,発達,Development,130,True,psy-090,青年期,Adolescence,高校 家庭・保健・大学教養,2,40,check,,True
psychology,心理学,Psychology,29学問,True,psychology-field-13,発達,Development,130,True,psy-091,成人期,Adulthood,高校 家庭・保健・大学教養,2,50,check,,True
psychology,心理学,Psychology,29学問,True,psychology-field-13,発達,Development,130,True,psy-092,老年期,Old age,高校 家庭・保健・大学教養,2,60,check,,True
psychology,心理学,Psychology,29学問,True,psychology-field-13,発達,Development,130,True,psy-093,愛着,Attachment,高校 家庭・保健・大学教養,2,70,check,,True
psychology,心理学,Psychology,29学問,True,psychology-field-13,発達,Development,130,True,psy-094-s1,認知発達：ピアジェの発達段階,Cognitive development: Piaget's stages,高校 家庭・保健・大学教養,2,81,check,,True
psychology,心理学,Psychology,29学問,True,psychology-field-13,発達,Development,130,True,psy-094-s2,認知発達：ヴィゴツキーと最近接発達領域,Cognitive development: Vygotsky and the zone of proximal development,高校 家庭・保健・大学教養,2,82,check,,True
psychology,心理学,Psychology,29学問,True,psychology-field-13,発達,Development,130,True,psy-094-s3,認知発達：心の理論,Cognitive development: theory of mind,高校 家庭・保健・大学教養,2,83,check,,True
psychology,心理学,Psychology,29学問,True,psychology-field-13,発達,Development,130,True,psy-095,社会性の発達,Social development,高校 家庭・保健・大学教養,2,90,check,,True
psychology,心理学,Psychology,29学問,True,psychology-field-13,発達,Development,130,True,psy-096,道徳性の発達,Moral development,高校 家庭・保健・大学教養,2,100,check,,True
psychology,心理学,Psychology,29学問,True,psychology-field-14,人格,Personality,140,True,psy-097,人格とは何か,What is personality?,高校 倫理・大学教養,2,10,check,,True
psychology,心理学,Psychology,29学問,True,psychology-field-14,人格,Personality,140,True,psy-098-s1,精神分析：無意識と心的構造（イド・自我・超自我）,"Psychoanalysis: the unconscious and psychic structure (id, ego, superego)",高校 倫理・大学教養,2,21,check,,True
psychology,心理学,Psychology,29学問,True,psychology-field-14,人格,Personality,140,True,psy-098-s2,精神分析：防衛機制,Psychoanalysis: defense mechanisms,高校 倫理・大学教養,2,22,check,,True
psychology,心理学,Psychology,29学問,True,psychology-field-14,人格,Personality,140,True,psy-098-s3,精神分析：心理性的発達段階,Psychoanalysis: psychosexual stages,高校 倫理・大学教養,2,23,check,,True
psychology,心理学,Psychology,29学問,True,psychology-field-14,人格,Personality,140,True,psy-098-s4,精神分析：フロイト以後（ユング・新フロイト派）,Psychoanalysis: after Freud (Jung and the neo-Freudians),高校 倫理・大学教養,2,24,check,,True
psychology,心理学,Psychology,29学問,True,psychology-field-14,人格,Personality,140,True,psy-099,行動主義的人格観,Behaviorist view of personality,高校 倫理・大学教養,2,30,check,,True
psychology,心理学,Psychology,29学問,True,psychology-field-14,人格,Personality,140,True,psy-100,人間性心理学,Humanistic psychology,高校 倫理・大学教養,2,40,check,,True
psychology,心理学,Psychology,29学問,True,psychology-field-14,人格,Personality,140,True,psy-101,特性論,Trait theory,高校 倫理・大学教養,2,50,check,,True
psychology,心理学,Psychology,29学問,True,psychology-field-14,人格,Personality,140,True,psy-102,ビッグファイブ,Big Five,高校 倫理・大学教養,2,60,check,,True
psychology,心理学,Psychology,29学問,True,psychology-field-14,人格,Personality,140,True,psy-103,自己概念,Self-concept,高校 倫理・大学教養,2,70,check,,True
psychology,心理学,Psychology,29学問,True,psychology-field-15,社会心理,Social Psychology,150,True,psy-104,社会的認知,Social cognition,高校 公共・大学教養,2,10,check,,True
psychology,心理学,Psychology,29学問,True,psychology-field-15,社会心理,Social Psychology,150,True,psy-105,帰属,Attribution,高校 公共・大学教養,2,20,check,,True
psychology,心理学,Psychology,29学問,True,psychology-field-15,社会心理,Social Psychology,150,True,psy-106,ステレオタイプ,Stereotypes,高校 公共・大学教養,2,30,check,,True
psychology,心理学,Psychology,29学問,True,psychology-field-15,社会心理,Social Psychology,150,True,psy-107,偏見,Prejudice,高校 公共・大学教養,2,40,check,,True
psychology,心理学,Psychology,29学問,True,psychology-field-15,社会心理,Social Psychology,150,True,psy-108,同調,Conformity,高校 公共・大学教養,2,50,check,,True
psychology,心理学,Psychology,29学問,True,psychology-field-15,社会心理,Social Psychology,150,True,psy-109,服従,Obedience,高校 公共・大学教養,2,60,check,,True
psychology,心理学,Psychology,29学問,True,psychology-field-15,社会心理,Social Psychology,150,True,psy-110,説得,Persuasion,高校 公共・大学教養,2,70,check,,True
psychology,心理学,Psychology,29学問,True,psychology-field-15,社会心理,Social Psychology,150,True,psy-111,態度,Attitudes,高校 公共・大学教養,2,80,check,,True
psychology,心理学,Psychology,29学問,True,psychology-field-15,社会心理,Social Psychology,150,True,psy-112,集団心理,Group psychology,高校 公共・大学教養,2,90,check,,True
psychology,心理学,Psychology,29学問,True,psychology-field-15,社会心理,Social Psychology,150,True,psy-113,対人魅力,Interpersonal attraction,高校 公共・大学教養,2,100,check,,True
psychology,心理学,Psychology,29学問,True,psychology-field-15,社会心理,Social Psychology,150,True,psy-114,援助行動,Helping behavior,高校 公共・大学教養,2,110,check,,True
psychology,心理学,Psychology,29学問,True,psychology-field-16,臨床心理,Clinical Psychology,160,True,psy-115,心理的健康,Psychological health,高校 保健・大学教養,2,10,check,,True
psychology,心理学,Psychology,29学問,True,psychology-field-16,臨床心理,Clinical Psychology,160,True,psy-116,心理アセスメント,Psychological assessment,高校 保健・大学教養,2,20,check,,True
psychology,心理学,Psychology,29学問,True,psychology-field-16,臨床心理,Clinical Psychology,160,True,psy-117,心理療法,Psychotherapy,高校 保健・大学教養,2,30,check,,True
psychology,心理学,Psychology,29学問,True,psychology-field-16,臨床心理,Clinical Psychology,160,True,psy-118,認知行動療法,Cognitive behavioral therapy,高校 保健・大学教養,2,40,check,,True
psychology,心理学,Psychology,29学問,True,psychology-field-16,臨床心理,Clinical Psychology,160,True,psy-119,精神力動的療法,Psychodynamic therapy,高校 保健・大学教養,2,50,check,,True
psychology,心理学,Psychology,29学問,True,psychology-field-16,臨床心理,Clinical Psychology,160,True,psy-120,来談者中心療法,Client-centered therapy,高校 保健・大学教養,2,60,check,,True
psychology,心理学,Psychology,29学問,True,psychology-field-16,臨床心理,Clinical Psychology,160,True,psy-121,カウンセリング,Counseling,高校 保健・大学教養,2,70,check,,True
psychology,心理学,Psychology,29学問,True,psychology-field-16,臨床心理,Clinical Psychology,160,True,psy-122,心理職,Psychology professionals,高校 保健・大学教養,2,80,check,,True
psychology,心理学,Psychology,29学問,True,psychology-field-17,精神疾患,Mental Disorders,170,True,psy-123,うつ病,Depression,高校 保健・大学教養,2,10,check,,True
psychology,心理学,Psychology,29学問,True,psychology-field-17,精神疾患,Mental Disorders,170,True,psy-124-s1,不安症：パニック症,Anxiety disorders: panic disorder,高校 保健・大学教養,2,21,check,,True
psychology,心理学,Psychology,29学問,True,psychology-field-17,精神疾患,Mental Disorders,170,True,psy-124-s2,不安症：社交不安症,Anxiety disorders: social anxiety disorder,高校 保健・大学教養,2,22,check,,True
psychology,心理学,Psychology,29学問,True,psychology-field-17,精神疾患,Mental Disorders,170,True,psy-124-s3,不安症：全般不安症,Anxiety disorders: generalized anxiety disorder,高校 保健・大学教養,2,23,check,,True
psychology,心理学,Psychology,29学問,True,psychology-field-17,精神疾患,Mental Disorders,170,True,psy-124-s4,不安症：限局性恐怖症,Anxiety disorders: specific phobia,高校 保健・大学教養,2,24,check,,True
psychology,心理学,Psychology,29学問,True,psychology-field-17,精神疾患,Mental Disorders,170,True,psy-125,強迫症,Obsessive-compulsive disorder,高校 保健・大学教養,2,30,check,,True
psychology,心理学,Psychology,29学問,True,psychology-field-17,精神疾患,Mental Disorders,170,True,psy-126,PTSD,PTSD,高校 保健・大学教養,2,40,check,,True
psychology,心理学,Psychology,29学問,True,psychology-field-17,精神疾患,Mental Disorders,170,True,psy-127,統合失調症,Schizophrenia,高校 保健・大学教養,2,50,check,,True
psychology,心理学,Psychology,29学問,True,psychology-field-17,精神疾患,Mental Disorders,170,True,psy-128,摂食障害,Eating disorders,高校 保健・大学教養,2,60,check,,True
psychology,心理学,Psychology,29学問,True,psychology-field-17,精神疾患,Mental Disorders,170,True,psy-129,依存症,Addiction,高校 保健・大学教養,2,70,check,,True
psychology,心理学,Psychology,29学問,True,psychology-field-17,精神疾患,Mental Disorders,170,True,psy-130-s1,発達障害：自閉スペクトラム症,Neurodevelopmental disorders: autism spectrum disorder,高校 保健・大学教養,2,81,check,,True
psychology,心理学,Psychology,29学問,True,psychology-field-17,精神疾患,Mental Disorders,170,True,psy-130-s2,発達障害：ADHD,Neurodevelopmental disorders: ADHD,高校 保健・大学教養,2,82,check,,True
psychology,心理学,Psychology,29学問,True,psychology-field-17,精神疾患,Mental Disorders,170,True,psy-130-s3,発達障害：限局性学習症,Neurodevelopmental disorders: specific learning disorder,高校 保健・大学教養,2,83,check,,True
psychology,心理学,Psychology,29学問,True,psychology-field-18,教育心理,Educational Psychology,180,True,psy-131,学習動機,Learning motivation,大学教養,2,10,check,,True
psychology,心理学,Psychology,29学問,True,psychology-field-18,教育心理,Educational Psychology,180,True,psy-132,学習方略,Learning strategies,大学教養,2,20,check,,True
psychology,心理学,Psychology,29学問,True,psychology-field-18,教育心理,Educational Psychology,180,True,psy-133,メタ認知,Metacognition,大学教養,2,30,check,,True
psychology,心理学,Psychology,29学問,True,psychology-field-18,教育心理,Educational Psychology,180,True,psy-134,学級集団,Classroom groups,大学教養,2,40,check,,True
psychology,心理学,Psychology,29学問,True,psychology-field-18,教育心理,Educational Psychology,180,True,psy-135,教育評価,Educational assessment,大学教養,2,50,check,,True
psychology,心理学,Psychology,29学問,True,psychology-field-18,教育心理,Educational Psychology,180,True,psy-136,個人差,Individual differences,大学教養,2,60,check,,True
psychology,心理学,Psychology,29学問,True,psychology-field-19,産業・組織心理,Industrial and Organizational Psychology,190,True,psy-137,仕事の動機づけ,Work motivation,大学教養,2,10,check,,True
psychology,心理学,Psychology,29学問,True,psychology-field-19,産業・組織心理,Industrial and Organizational Psychology,190,True,psy-138,職務満足,Job satisfaction,大学教養,2,20,check,,True
psychology,心理学,Psychology,29学問,True,psychology-field-19,産業・組織心理,Industrial and Organizational Psychology,190,True,psy-139,リーダーシップ,Leadership,大学教養,2,30,check,,True
psychology,心理学,Psychology,29学問,True,psychology-field-19,産業・組織心理,Industrial and Organizational Psychology,190,True,psy-140,チーム,Teams,大学教養,2,40,check,,True
psychology,心理学,Psychology,29学問,True,psychology-field-19,産業・組織心理,Industrial and Organizational Psychology,190,True,psy-141,採用と評価,Selection and appraisal,大学教養,2,50,check,,True
psychology,心理学,Psychology,29学問,True,psychology-field-19,産業・組織心理,Industrial and Organizational Psychology,190,True,psy-142,職業ストレス,Occupational stress,大学教養,2,60,check,,True
psychology,心理学,Psychology,29学問,True,psychology-field-20,健康心理,Health Psychology,200,True,psy-143,健康行動,Health behavior,高校 保健・大学教養,2,10,check,,True
psychology,心理学,Psychology,29学問,True,psychology-field-20,健康心理,Health Psychology,200,True,psy-144,生活習慣,Lifestyle habits,高校 保健・大学教養,2,20,check,,True
psychology,心理学,Psychology,29学問,True,psychology-field-20,健康心理,Health Psychology,200,True,psy-145,ストレスと健康,Stress and health,高校 保健・大学教養,2,30,check,,True
psychology,心理学,Psychology,29学問,True,psychology-field-20,健康心理,Health Psychology,200,True,psy-146,行動変容,Behavior change,高校 保健・大学教養,2,40,check,,True
psychology,心理学,Psychology,29学問,True,psychology-field-20,健康心理,Health Psychology,200,True,psy-147,ウェルビーイング,Well-being,高校 保健・大学教養,2,50,check,,True
linguistics-languages,言語学,Linguistics,29学問,True,linguistics-languages-field-01,言語の基礎,Foundations of Language,10,True,ling-002,音声言語と文字言語,Spoken and written language,小学 国語・中学 国語・外国語,2,20,check,,True
linguistics-languages,言語学,Linguistics,29学問,True,linguistics-languages-field-01,言語の基礎,Foundations of Language,10,True,ling-003,母語,Mother tongue,小学 国語・中学 国語・外国語,2,30,check,,True
linguistics-languages,言語学,Linguistics,29学問,True,linguistics-languages-field-01,言語の基礎,Foundations of Language,10,True,ling-004,外国語,Foreign languages,小学 国語・中学 国語・外国語,2,40,check,,True
linguistics-languages,言語学,Linguistics,29学問,True,linguistics-languages-field-01,言語の基礎,Foundations of Language,10,True,ling-005,言語能力,Linguistic competence,小学 国語・中学 国語・外国語,2,50,check,,True
linguistics-languages,言語学,Linguistics,29学問,True,linguistics-languages-field-01,言語の基礎,Foundations of Language,10,True,ling-006,言語使用,Language use,小学 国語・中学 国語・外国語,2,60,check,,True
linguistics-languages,言語学,Linguistics,29学問,True,linguistics-languages-field-01,言語の基礎,Foundations of Language,10,True,ling-007,言語の普遍性と多様性,Universality and diversity of language,小学 国語・中学 国語・外国語,2,70,check,,True
linguistics-languages,言語学,Linguistics,29学問,True,linguistics-languages-field-02,音声,Phonetics,20,True,ling-008,発音器官,Speech organs,中学 国語・外国語・大学教養,2,10,check,,True
linguistics-languages,言語学,Linguistics,29学問,True,linguistics-languages-field-02,音声,Phonetics,20,True,ling-009,母音,Vowels,中学 国語・外国語・大学教養,2,20,check,,True
linguistics-languages,言語学,Linguistics,29学問,True,linguistics-languages-field-02,音声,Phonetics,20,True,ling-010,子音,Consonants,中学 国語・外国語・大学教養,2,30,check,,True
linguistics-languages,言語学,Linguistics,29学問,True,linguistics-languages-field-02,音声,Phonetics,20,True,ling-011,調音位置,Place of articulation,中学 国語・外国語・大学教養,2,40,check,,True
linguistics-languages,言語学,Linguistics,29学問,True,linguistics-languages-field-02,音声,Phonetics,20,True,ling-012,調音方法,Manner of articulation,中学 国語・外国語・大学教養,2,50,check,,True
linguistics-languages,言語学,Linguistics,29学問,True,linguistics-languages-field-02,音声,Phonetics,20,True,ling-013,有声と無声,Voiced and voiceless,中学 国語・外国語・大学教養,2,60,check,,True
linguistics-languages,言語学,Linguistics,29学問,True,linguistics-languages-field-02,音声,Phonetics,20,True,ling-014,音節,Syllables,中学 国語・外国語・大学教養,2,70,check,,True
linguistics-languages,言語学,Linguistics,29学問,True,linguistics-languages-field-02,音声,Phonetics,20,True,ling-015,アクセント,Accent,中学 国語・外国語・大学教養,2,80,check,,True
linguistics-languages,言語学,Linguistics,29学問,True,linguistics-languages-field-02,音声,Phonetics,20,True,ling-016,イントネーション,Intonation,中学 国語・外国語・大学教養,2,90,check,,True
linguistics-languages,言語学,Linguistics,29学問,True,linguistics-languages-field-02,音声,Phonetics,20,True,ling-017,国際音声記号,International Phonetic Alphabet,中学 国語・外国語・大学教養,2,100,check,,True
linguistics-languages,言語学,Linguistics,29学問,True,linguistics-languages-field-03,音韻論,Phonology,30,True,ling-018,音素,Phonemes,大学教養,2,10,check,,True
linguistics-languages,言語学,Linguistics,29学問,True,linguistics-languages-field-03,音韻論,Phonology,30,True,ling-019,異音,Allophones,大学教養,2,20,check,,True
linguistics-languages,言語学,Linguistics,29学問,True,linguistics-languages-field-03,音韻論,Phonology,30,True,ling-020,最小対,Minimal pairs,大学教養,2,30,check,,True
linguistics-languages,言語学,Linguistics,29学問,True,linguistics-languages-field-03,音韻論,Phonology,30,True,ling-021,音韻規則,Phonological rules,大学教養,2,40,check,,True
linguistics-languages,言語学,Linguistics,29学問,True,linguistics-languages-field-03,音韻論,Phonology,30,True,ling-022,モーラ,Morae,大学教養,2,50,check,,True
linguistics-languages,言語学,Linguistics,29学問,True,linguistics-languages-field-03,音韻論,Phonology,30,True,ling-023,音節構造,Syllable structure,大学教養,2,60,check,,True
linguistics-languages,言語学,Linguistics,29学問,True,linguistics-languages-field-03,音韻論,Phonology,30,True,ling-024,日本語の音韻,Japanese phonology,大学教養,2,70,check,,True
linguistics-languages,言語学,Linguistics,29学問,True,linguistics-languages-field-03,音韻論,Phonology,30,True,ling-025,英語の音韻,English phonology,大学教養,2,80,check,,True
linguistics-languages,言語学,Linguistics,29学問,True,linguistics-languages-field-04,形態論,Morphology,40,True,ling-026,語とは何か,What is a word?,中学 国語・外国語・大学教養,2,10,check,,True
linguistics-languages,言語学,Linguistics,29学問,True,linguistics-languages-field-04,形態論,Morphology,40,True,ling-027,形態素,Morphemes,中学 国語・外国語・大学教養,2,20,check,,True
linguistics-languages,言語学,Linguistics,29学問,True,linguistics-languages-field-04,形態論,Morphology,40,True,ling-028,語根,Roots,中学 国語・外国語・大学教養,2,30,check,,True
linguistics-languages,言語学,Linguistics,29学問,True,linguistics-languages-field-04,形態論,Morphology,40,True,ling-029,接辞,Affixes,中学 国語・外国語・大学教養,2,40,check,,True
linguistics-languages,言語学,Linguistics,29学問,True,linguistics-languages-field-04,形態論,Morphology,40,True,ling-030,派生,Derivation,中学 国語・外国語・大学教養,2,50,check,,True
linguistics-languages,言語学,Linguistics,29学問,True,linguistics-languages-field-04,形態論,Morphology,40,True,ling-031,屈折,Inflection,中学 国語・外国語・大学教養,2,60,check,,True
linguistics-languages,言語学,Linguistics,29学問,True,linguistics-languages-field-04,形態論,Morphology,40,True,ling-032,複合語,Compounds,中学 国語・外国語・大学教養,2,70,check,,True
linguistics-languages,言語学,Linguistics,29学問,True,linguistics-languages-field-04,形態論,Morphology,40,True,ling-033,品詞,Parts of speech,中学 国語・外国語・大学教養,2,80,check,,True
linguistics-languages,言語学,Linguistics,29学問,True,linguistics-languages-field-04,形態論,Morphology,40,True,ling-034,活用,Conjugation,中学 国語・外国語・大学教養,2,90,check,,True
linguistics-languages,言語学,Linguistics,29学問,True,linguistics-languages-field-05,統語論,Syntax,50,True,ling-035,文とは何か,What is a sentence?,中学 国語・外国語・大学教養,2,10,check,,True
linguistics-languages,言語学,Linguistics,29学問,True,linguistics-languages-field-05,統語論,Syntax,50,True,ling-036,句,Phrases,中学 国語・外国語・大学教養,2,20,check,,True
linguistics-languages,言語学,Linguistics,29学問,True,linguistics-languages-field-05,統語論,Syntax,50,True,ling-037,節,Clauses,中学 国語・外国語・大学教養,2,30,check,,True
linguistics-languages,言語学,Linguistics,29学問,True,linguistics-languages-field-05,統語論,Syntax,50,True,ling-038,主語,Subject,中学 国語・外国語・大学教養,2,40,check,,True
linguistics-languages,言語学,Linguistics,29学問,True,linguistics-languages-field-05,統語論,Syntax,50,True,ling-039,述語,Predicate,中学 国語・外国語・大学教養,2,50,check,,True
linguistics-languages,言語学,Linguistics,29学問,True,linguistics-languages-field-05,統語論,Syntax,50,True,ling-040,語順,Word order,中学 国語・外国語・大学教養,2,60,check,,True
linguistics-languages,言語学,Linguistics,29学問,True,linguistics-languages-field-05,統語論,Syntax,50,True,ling-041,構文,Constructions,中学 国語・外国語・大学教養,2,70,check,,True
linguistics-languages,言語学,Linguistics,29学問,True,linguistics-languages-field-05,統語論,Syntax,50,True,ling-042,統語構造,Syntactic structure,中学 国語・外国語・大学教養,2,80,check,,True
linguistics-languages,言語学,Linguistics,29学問,True,linguistics-languages-field-05,統語論,Syntax,50,True,ling-043,再帰性,Recursion,中学 国語・外国語・大学教養,2,90,check,,True
linguistics-languages,言語学,Linguistics,29学問,True,linguistics-languages-field-06,意味論,Semantics,60,True,ling-044,語の意味,Word meaning,国語・外国語・大学教養,2,10,check,,True
linguistics-languages,言語学,Linguistics,29学問,True,linguistics-languages-field-06,意味論,Semantics,60,True,ling-045,多義語,Polysemy,国語・外国語・大学教養,2,20,check,,True
linguistics-languages,言語学,Linguistics,29学問,True,linguistics-languages-field-06,意味論,Semantics,60,True,ling-046,同義語,Synonyms,国語・外国語・大学教養,2,30,check,,True
linguistics-languages,言語学,Linguistics,29学問,True,linguistics-languages-field-06,意味論,Semantics,60,True,ling-047,反義語,Antonyms,国語・外国語・大学教養,2,40,check,,True
linguistics-languages,言語学,Linguistics,29学問,True,linguistics-languages-field-06,意味論,Semantics,60,True,ling-048,上位語と下位語,Hypernyms and hyponyms,国語・外国語・大学教養,2,50,check,,True
linguistics-languages,言語学,Linguistics,29学問,True,linguistics-languages-field-06,意味論,Semantics,60,True,ling-049,文の意味,Sentence meaning,国語・外国語・大学教養,2,60,check,,True
linguistics-languages,言語学,Linguistics,29学問,True,linguistics-languages-field-06,意味論,Semantics,60,True,ling-050,真理条件,Truth conditions,国語・外国語・大学教養,2,70,check,,True
linguistics-languages,言語学,Linguistics,29学問,True,linguistics-languages-field-06,意味論,Semantics,60,True,ling-051,意味役割,Semantic roles,国語・外国語・大学教養,2,80,check,,True
linguistics-languages,言語学,Linguistics,29学問,True,linguistics-languages-field-07,語用論,Pragmatics,70,True,ling-052,文脈,Context,国語・外国語・大学教養,2,10,check,,True
linguistics-languages,言語学,Linguistics,29学問,True,linguistics-languages-field-07,語用論,Pragmatics,70,True,ling-053,発話行為,Speech acts,国語・外国語・大学教養,2,20,check,,True
linguistics-languages,言語学,Linguistics,29学問,True,linguistics-languages-field-07,語用論,Pragmatics,70,True,ling-054,含意,Implicature,国語・外国語・大学教養,2,30,check,,True
linguistics-languages,言語学,Linguistics,29学問,True,linguistics-languages-field-07,語用論,Pragmatics,70,True,ling-055,前提,Presupposition,国語・外国語・大学教養,2,40,check,,True
linguistics-languages,言語学,Linguistics,29学問,True,linguistics-languages-field-07,語用論,Pragmatics,70,True,ling-056,直示,Deixis,国語・外国語・大学教養,2,50,check,,True
linguistics-languages,言語学,Linguistics,29学問,True,linguistics-languages-field-07,語用論,Pragmatics,70,True,ling-057,ポライトネス,Politeness,国語・外国語・大学教養,2,60,check,,True
linguistics-languages,言語学,Linguistics,29学問,True,linguistics-languages-field-07,語用論,Pragmatics,70,True,ling-058,会話の協調原理,Cooperative principle,国語・外国語・大学教養,2,70,check,,True
linguistics-languages,言語学,Linguistics,29学問,True,linguistics-languages-field-08,談話,Discourse,80,True,ling-059,談話とは何か,What is discourse?,国語・外国語・大学教養,2,10,check,,True
linguistics-languages,言語学,Linguistics,29学問,True,linguistics-languages-field-08,談話,Discourse,80,True,ling-060,結束性,Cohesion,国語・外国語・大学教養,2,20,check,,True
linguistics-languages,言語学,Linguistics,29学問,True,linguistics-languages-field-08,談話,Discourse,80,True,ling-061,一貫性,Coherence,国語・外国語・大学教養,2,30,check,,True
linguistics-languages,言語学,Linguistics,29学問,True,linguistics-languages-field-08,談話,Discourse,80,True,ling-062,情報構造,Information structure,国語・外国語・大学教養,2,40,check,,True
linguistics-languages,言語学,Linguistics,29学問,True,linguistics-languages-field-08,談話,Discourse,80,True,ling-063,会話分析,Conversation analysis,国語・外国語・大学教養,2,50,check,,True
linguistics-languages,言語学,Linguistics,29学問,True,linguistics-languages-field-08,談話,Discourse,80,True,ling-064,文章構成,Text organization,国語・外国語・大学教養,2,60,check,,True
linguistics-languages,言語学,Linguistics,29学問,True,linguistics-languages-field-09,文字・表記,Writing Systems,90,True,ling-065,文字の起源,Origins of writing,小学 国語・中学 国語,2,10,check,,True
linguistics-languages,言語学,Linguistics,29学問,True,linguistics-languages-field-09,文字・表記,Writing Systems,90,True,ling-066,表音文字,Phonographic scripts,小学 国語・中学 国語,2,20,check,,True
linguistics-languages,言語学,Linguistics,29学問,True,linguistics-languages-field-09,文字・表記,Writing Systems,90,True,ling-067,表意文字,Logographic scripts,小学 国語・中学 国語,2,30,check,,True
linguistics-languages,言語学,Linguistics,29学問,True,linguistics-languages-field-09,文字・表記,Writing Systems,90,True,ling-068,漢字,Kanji,小学 国語・中学 国語,2,40,check,,True
linguistics-languages,言語学,Linguistics,29学問,True,linguistics-languages-field-09,文字・表記,Writing Systems,90,True,ling-069,ひらがな,Hiragana,小学 国語・中学 国語,2,50,check,,True
linguistics-languages,言語学,Linguistics,29学問,True,linguistics-languages-field-09,文字・表記,Writing Systems,90,True,ling-070,カタカナ,Katakana,小学 国語・中学 国語,2,60,check,,True
linguistics-languages,言語学,Linguistics,29学問,True,linguistics-languages-field-09,文字・表記,Writing Systems,90,True,ling-071,ローマ字,Romaji,小学 国語・中学 国語,2,70,check,,True
linguistics-languages,言語学,Linguistics,29学問,True,linguistics-languages-field-09,文字・表記,Writing Systems,90,True,ling-072,正書法,Orthography,小学 国語・中学 国語,2,80,check,,True
linguistics-languages,言語学,Linguistics,29学問,True,linguistics-languages-field-09,文字・表記,Writing Systems,90,True,ling-073,句読点,Punctuation,小学 国語・中学 国語,2,90,check,,True
linguistics-languages,言語学,Linguistics,29学問,True,linguistics-languages-field-10,日本語学,Japanese Linguistics,100,True,ling-074,日本語の音,Sounds of Japanese,小学 国語・中学 国語・高校 国語,2,10,check,,True
linguistics-languages,言語学,Linguistics,29学問,True,linguistics-languages-field-10,日本語学,Japanese Linguistics,100,True,ling-075-s1,日本語文法：日本語の品詞体系,Japanese grammar: the system of parts of speech,小学 国語・中学 国語・高校 国語,2,21,check,,True
linguistics-languages,言語学,Linguistics,29学問,True,linguistics-languages-field-10,日本語学,Japanese Linguistics,100,True,ling-075-s2,日本語文法：格と文型,Japanese grammar: case and sentence patterns,小学 国語・中学 国語・高校 国語,2,22,check,,True
linguistics-languages,言語学,Linguistics,29学問,True,linguistics-languages-field-10,日本語学,Japanese Linguistics,100,True,ling-075-s3,日本語文法：ヴォイス（受身・使役）,"Japanese grammar: voice (passive, causative)",小学 国語・中学 国語・高校 国語,2,23,check,,True
linguistics-languages,言語学,Linguistics,29学問,True,linguistics-languages-field-10,日本語学,Japanese Linguistics,100,True,ling-075-s4,日本語文法：テンス・アスペクト,Japanese grammar: tense and aspect,小学 国語・中学 国語・高校 国語,2,24,check,,True
linguistics-languages,言語学,Linguistics,29学問,True,linguistics-languages-field-10,日本語学,Japanese Linguistics,100,True,ling-075-s5,日本語文法：モダリティ,Japanese grammar: modality,小学 国語・中学 国語・高校 国語,2,25,check,,True
linguistics-languages,言語学,Linguistics,29学問,True,linguistics-languages-field-10,日本語学,Japanese Linguistics,100,True,ling-076,助詞,Particles,小学 国語・中学 国語・高校 国語,2,30,check,,True
linguistics-languages,言語学,Linguistics,29学問,True,linguistics-languages-field-10,日本語学,Japanese Linguistics,100,True,ling-077,日本語の助動詞,Japanese auxiliary verbs,小学 国語・中学 国語・高校 国語,2,40,check,,True
linguistics-languages,言語学,Linguistics,29学問,True,linguistics-languages-field-10,日本語学,Japanese Linguistics,100,True,ling-078,敬語,Honorifics (keigo),小学 国語・中学 国語・高校 国語,2,50,check,,True
linguistics-languages,言語学,Linguistics,29学問,True,linguistics-languages-field-10,日本語学,Japanese Linguistics,100,True,ling-079,日本語の方言,Japanese dialects,小学 国語・中学 国語・高校 国語,2,60,check,,True
linguistics-languages,言語学,Linguistics,29学問,True,linguistics-languages-field-10,日本語学,Japanese Linguistics,100,True,ling-080,日本語の標準語,Standard Japanese,小学 国語・中学 国語・高校 国語,2,70,check,,True
linguistics-languages,言語学,Linguistics,29学問,True,linguistics-languages-field-10,日本語学,Japanese Linguistics,100,True,ling-081-s1,日本語史：上代日本語,History of Japanese: Old Japanese,小学 国語・中学 国語・高校 国語,2,81,check,,True
linguistics-languages,言語学,Linguistics,29学問,True,linguistics-languages-field-10,日本語学,Japanese Linguistics,100,True,ling-081-s2,日本語史：中古日本語,History of Japanese: Early Middle Japanese,小学 国語・中学 国語・高校 国語,2,82,check,,True
linguistics-languages,言語学,Linguistics,29学問,True,linguistics-languages-field-10,日本語学,Japanese Linguistics,100,True,ling-081-s3,日本語史：中世日本語,History of Japanese: Late Middle Japanese,小学 国語・中学 国語・高校 国語,2,83,check,,True
linguistics-languages,言語学,Linguistics,29学問,True,linguistics-languages-field-10,日本語学,Japanese Linguistics,100,True,ling-081-s4,日本語史：近世日本語,History of Japanese: Early Modern Japanese,小学 国語・中学 国語・高校 国語,2,84,check,,True
linguistics-languages,言語学,Linguistics,29学問,True,linguistics-languages-field-10,日本語学,Japanese Linguistics,100,True,ling-081-s5,日本語史：近代日本語と言文一致,History of Japanese: Modern Japanese and genbun itchi,小学 国語・中学 国語・高校 国語,2,85,check,,True
linguistics-languages,言語学,Linguistics,29学問,True,linguistics-languages-field-10,日本語学,Japanese Linguistics,100,True,ling-082-s1,古典語：用言の活用,Classical Japanese: conjugation of inflecting words,小学 国語・中学 国語・高校 国語,2,91,check,,True
linguistics-languages,言語学,Linguistics,29学問,True,linguistics-languages-field-10,日本語学,Japanese Linguistics,100,True,ling-082-s2,古典語：助動詞,Classical Japanese: auxiliary verbs,小学 国語・中学 国語・高校 国語,2,92,check,,True
linguistics-languages,言語学,Linguistics,29学問,True,linguistics-languages-field-10,日本語学,Japanese Linguistics,100,True,ling-082-s3,古典語：係り結びと古典の助詞,Classical Japanese: kakari-musubi and classical particles,小学 国語・中学 国語・高校 国語,2,93,check,,True
linguistics-languages,言語学,Linguistics,29学問,True,linguistics-languages-field-10,日本語学,Japanese Linguistics,100,True,ling-082-s4,古典語：古典敬語,Classical Japanese: classical honorifics,小学 国語・中学 国語・高校 国語,2,94,check,,True
linguistics-languages,言語学,Linguistics,29学問,True,linguistics-languages-field-10,日本語学,Japanese Linguistics,100,True,ling-083,漢語・和語・外来語,"Sino-Japanese, native Japanese and loanwords",小学 国語・中学 国語・高校 国語,2,100,check,,True
linguistics-languages,言語学,Linguistics,29学問,True,linguistics-languages-field-12,語彙,Vocabulary,120,True,ling-095,語彙とは何か,What is vocabulary?,国語・外国語,2,10,check,,True
linguistics-languages,言語学,Linguistics,29学問,True,linguistics-languages-field-12,語彙,Vocabulary,120,True,ling-096,語形成,Word formation,国語・外国語,2,20,check,,True
linguistics-languages,言語学,Linguistics,29学問,True,linguistics-languages-field-12,語彙,Vocabulary,120,True,ling-097,借用語,Loanwords,国語・外国語,2,30,check,,True
linguistics-languages,言語学,Linguistics,29学問,True,linguistics-languages-field-12,語彙,Vocabulary,120,True,ling-098,語彙の意味変化,Semantic change in vocabulary,国語・外国語,2,40,check,,True
linguistics-languages,言語学,Linguistics,29学問,True,linguistics-languages-field-12,語彙,Vocabulary,120,True,ling-099,辞書,Dictionaries,国語・外国語,2,50,check,,True
linguistics-languages,言語学,Linguistics,29学問,True,linguistics-languages-field-12,語彙,Vocabulary,120,True,ling-100,コーパス,Corpora,国語・外国語,2,60,check,,True
linguistics-languages,言語学,Linguistics,29学問,True,linguistics-languages-field-13,言語変化,Language Change,130,True,ling-101,音韻変化,Sound change,高校 国語・歴史・大学教養,2,10,check,,True
linguistics-languages,言語学,Linguistics,29学問,True,linguistics-languages-field-13,言語変化,Language Change,130,True,ling-102,意味変化,Semantic change,高校 国語・歴史・大学教養,2,20,check,,True
linguistics-languages,言語学,Linguistics,29学問,True,linguistics-languages-field-13,言語変化,Language Change,130,True,ling-103,文法化,Grammaticalization,高校 国語・歴史・大学教養,2,30,check,,True
linguistics-languages,言語学,Linguistics,29学問,True,linguistics-languages-field-13,言語変化,Language Change,130,True,ling-104,言語接触,Language contact,高校 国語・歴史・大学教養,2,40,check,,True
linguistics-languages,言語学,Linguistics,29学問,True,linguistics-languages-field-13,言語変化,Language Change,130,True,ling-105,借用,Borrowing,高校 国語・歴史・大学教養,2,50,check,,True
linguistics-languages,言語学,Linguistics,29学問,True,linguistics-languages-field-13,言語変化,Language Change,130,True,ling-106,言語の系統,Language genealogy,高校 国語・歴史・大学教養,2,60,check,,True
linguistics-languages,言語学,Linguistics,29学問,True,linguistics-languages-field-14,歴史言語学,Historical Linguistics,140,True,ling-107,比較法,Comparative method,大学教養,2,10,check,,True
linguistics-languages,言語学,Linguistics,29学問,True,linguistics-languages-field-14,歴史言語学,Historical Linguistics,140,True,ling-108,同源語,Cognates,大学教養,2,20,check,,True
linguistics-languages,言語学,Linguistics,29学問,True,linguistics-languages-field-14,歴史言語学,Historical Linguistics,140,True,ling-109,祖語,Proto-languages,大学教養,2,30,check,,True
linguistics-languages,言語学,Linguistics,29学問,True,linguistics-languages-field-14,歴史言語学,Historical Linguistics,140,True,ling-110,インド・ヨーロッパ語族,Indo-European language family,大学教養,2,40,check,,True
linguistics-languages,言語学,Linguistics,29学問,True,linguistics-languages-field-14,歴史言語学,Historical Linguistics,140,True,ling-111,日本語の系統問題,Origins of Japanese,大学教養,2,50,check,,True
linguistics-languages,言語学,Linguistics,29学問,True,linguistics-languages-field-15,社会言語学,Sociolinguistics,150,True,ling-112,方言,Dialects,中学 国語・高校 公共・大学教養,2,10,check,,True
linguistics-languages,言語学,Linguistics,29学問,True,linguistics-languages-field-15,社会言語学,Sociolinguistics,150,True,ling-113,社会方言,Sociolects,中学 国語・高校 公共・大学教養,2,20,check,,True
linguistics-languages,言語学,Linguistics,29学問,True,linguistics-languages-field-15,社会言語学,Sociolinguistics,150,True,ling-114,レジスター,Register,中学 国語・高校 公共・大学教養,2,30,check,,True
linguistics-languages,言語学,Linguistics,29学問,True,linguistics-languages-field-15,社会言語学,Sociolinguistics,150,True,ling-115,言語と階級,Language and class,中学 国語・高校 公共・大学教養,2,40,check,,True
linguistics-languages,言語学,Linguistics,29学問,True,linguistics-languages-field-15,社会言語学,Sociolinguistics,150,True,ling-116,言語とジェンダー,Language and gender,中学 国語・高校 公共・大学教養,2,50,check,,True
linguistics-languages,言語学,Linguistics,29学問,True,linguistics-languages-field-15,社会言語学,Sociolinguistics,150,True,ling-117,言語政策,Language policy,中学 国語・高校 公共・大学教養,2,60,check,,True
linguistics-languages,言語学,Linguistics,29学問,True,linguistics-languages-field-15,社会言語学,Sociolinguistics,150,True,ling-118,標準語,Standard language,中学 国語・高校 公共・大学教養,2,70,check,,True
linguistics-languages,言語学,Linguistics,29学問,True,linguistics-languages-field-15,社会言語学,Sociolinguistics,150,True,ling-119,多言語社会,Multilingual society,中学 国語・高校 公共・大学教養,2,80,check,,True
linguistics-languages,言語学,Linguistics,29学問,True,linguistics-languages-field-15,社会言語学,Sociolinguistics,150,True,ling-120,コードスイッチング,Code-switching,中学 国語・高校 公共・大学教養,2,90,check,,True
linguistics-languages,言語学,Linguistics,29学問,True,linguistics-languages-field-16,心理言語学,Psycholinguistics,160,True,ling-121,言語理解,Language comprehension,大学教養,2,10,check,,True
linguistics-languages,言語学,Linguistics,29学問,True,linguistics-languages-field-16,心理言語学,Psycholinguistics,160,True,ling-122,言語産出,Language production,大学教養,2,20,check,,True
linguistics-languages,言語学,Linguistics,29学問,True,linguistics-languages-field-16,心理言語学,Psycholinguistics,160,True,ling-123,語認識,Word recognition,大学教養,2,30,check,,True
linguistics-languages,言語学,Linguistics,29学問,True,linguistics-languages-field-16,心理言語学,Psycholinguistics,160,True,ling-124,文処理,Sentence processing,大学教養,2,40,check,,True
linguistics-languages,言語学,Linguistics,29学問,True,linguistics-languages-field-16,心理言語学,Psycholinguistics,160,True,ling-125,言語と記憶,Language and memory,大学教養,2,50,check,,True
linguistics-languages,言語学,Linguistics,29学問,True,linguistics-languages-field-17,言語獲得,Language Acquisition,170,True,ling-126,第一言語獲得,First language acquisition,小学 外国語・大学教養,2,10,check,,True
linguistics-languages,言語学,Linguistics,29学問,True,linguistics-languages-field-17,言語獲得,Language Acquisition,170,True,ling-127,第二言語習得,Second language acquisition,小学 外国語・大学教養,2,20,check,,True
linguistics-languages,言語学,Linguistics,29学問,True,linguistics-languages-field-17,言語獲得,Language Acquisition,170,True,ling-128,臨界期,Critical period,小学 外国語・大学教養,2,30,check,,True
linguistics-languages,言語学,Linguistics,29学問,True,linguistics-languages-field-17,言語獲得,Language Acquisition,170,True,ling-129,インプット,Input,小学 外国語・大学教養,2,40,check,,True
linguistics-languages,言語学,Linguistics,29学問,True,linguistics-languages-field-17,言語獲得,Language Acquisition,170,True,ling-130,アウトプット,Output,小学 外国語・大学教養,2,50,check,,True
linguistics-languages,言語学,Linguistics,29学問,True,linguistics-languages-field-17,言語獲得,Language Acquisition,170,True,ling-131,中間言語,Interlanguage,小学 外国語・大学教養,2,60,check,,True
linguistics-languages,言語学,Linguistics,29学問,True,linguistics-languages-field-17,言語獲得,Language Acquisition,170,True,ling-132,誤用,Errors,小学 外国語・大学教養,2,70,check,,True
linguistics-languages,言語学,Linguistics,29学問,True,linguistics-languages-field-19,言語と認知,Language and Cognition,190,True,ling-143,言語相対論,Linguistic relativity,大学教養,2,10,check,,True
linguistics-languages,言語学,Linguistics,29学問,True,linguistics-languages-field-19,言語と認知,Language and Cognition,190,True,ling-144,カテゴリー化,Categorization,大学教養,2,20,check,,True
linguistics-languages,言語学,Linguistics,29学問,True,linguistics-languages-field-19,言語と認知,Language and Cognition,190,True,ling-145,メタファー,Metaphor,大学教養,2,30,check,,True
linguistics-languages,言語学,Linguistics,29学問,True,linguistics-languages-field-19,言語と認知,Language and Cognition,190,True,ling-146,認知言語学,Cognitive linguistics,大学教養,2,40,check,,True
linguistics-languages,言語学,Linguistics,29学問,True,linguistics-languages-field-20,言語と社会,Language and Society,200,True,ling-147,言語権,Language rights,高校 公共・大学教養,2,10,check,,True
linguistics-languages,言語学,Linguistics,29学問,True,linguistics-languages-field-20,言語と社会,Language and Society,200,True,ling-148,少数言語,Minority languages,高校 公共・大学教養,2,20,check,,True
linguistics-languages,言語学,Linguistics,29学問,True,linguistics-languages-field-20,言語と社会,Language and Society,200,True,ling-149,言語消滅,Language death,高校 公共・大学教養,2,30,check,,True
linguistics-languages,言語学,Linguistics,29学問,True,linguistics-languages-field-20,言語と社会,Language and Society,200,True,ling-150,言語復興,Language revitalization,高校 公共・大学教養,2,40,check,,True
linguistics-languages,言語学,Linguistics,29学問,True,linguistics-languages-field-20,言語と社会,Language and Society,200,True,ling-151,やさしい日本語,Easy Japanese (yasashii nihongo),高校 公共・大学教養,2,50,check,,True
linguistics-languages,言語学,Linguistics,29学問,True,linguistics-languages-field-20,言語と社会,Language and Society,200,True,ling-152,アクセシビリティ,Accessibility,高校 公共・大学教養,2,60,check,,True
anthropology-archaeology,人類学・考古学,Anthropology & Archaeology,29学問,True,anthropology-archaeology-field-01,人類学の基礎,Foundations of Anthropology,10,True,anth-001,人類学とは何か,What is anthropology?,高校 地理・歴史・大学教養,2,10,check,,True
anthropology-archaeology,人類学・考古学,Anthropology & Archaeology,29学問,True,anthropology-archaeology-field-01,人類学の基礎,Foundations of Anthropology,10,True,anth-002,文化とは何か,What is culture?,高校 地理・歴史・大学教養,2,20,check,,True
anthropology-archaeology,人類学・考古学,Anthropology & Archaeology,29学問,True,anthropology-archaeology-field-01,人類学の基礎,Foundations of Anthropology,10,True,anth-003,人間の多様性,Human diversity,高校 地理・歴史・大学教養,2,30,check,,True
anthropology-archaeology,人類学・考古学,Anthropology & Archaeology,29学問,True,anthropology-archaeology-field-01,人類学の基礎,Foundations of Anthropology,10,True,anth-004,比較の方法,Comparative method,高校 地理・歴史・大学教養,2,40,check,,True
anthropology-archaeology,人類学・考古学,Anthropology & Archaeology,29学問,True,anthropology-archaeology-field-01,人類学の基礎,Foundations of Anthropology,10,True,anth-005,フィールドワーク,Fieldwork,高校 地理・歴史・大学教養,2,50,check,,True
anthropology-archaeology,人類学・考古学,Anthropology & Archaeology,29学問,True,anthropology-archaeology-field-01,人類学の基礎,Foundations of Anthropology,10,True,anth-006,参与観察,Participant observation,高校 地理・歴史・大学教養,2,60,check,,True
anthropology-archaeology,人類学・考古学,Anthropology & Archaeology,29学問,True,anthropology-archaeology-field-01,人類学の基礎,Foundations of Anthropology,10,True,anth-007,民族誌,Ethnography,高校 地理・歴史・大学教養,2,70,check,,True
anthropology-archaeology,人類学・考古学,Anthropology & Archaeology,29学問,True,anthropology-archaeology-field-02,自然人類学,Biological Anthropology,20,True,anth-008,霊長類,Primates,高校 生物・大学教養,2,10,check,,True
anthropology-archaeology,人類学・考古学,Anthropology & Archaeology,29学問,True,anthropology-archaeology-field-02,自然人類学,Biological Anthropology,20,True,anth-009,ヒトと類人猿,Humans and apes,高校 生物・大学教養,2,20,check,,True
anthropology-archaeology,人類学・考古学,Anthropology & Archaeology,29学問,True,anthropology-archaeology-field-02,自然人類学,Biological Anthropology,20,True,anth-010,人類進化,Human evolution,高校 生物・大学教養,2,30,check,,True
anthropology-archaeology,人類学・考古学,Anthropology & Archaeology,29学問,True,anthropology-archaeology-field-02,自然人類学,Biological Anthropology,20,True,anth-011,二足歩行,Bipedalism,高校 生物・大学教養,2,40,check,,True
anthropology-archaeology,人類学・考古学,Anthropology & Archaeology,29学問,True,anthropology-archaeology-field-02,自然人類学,Biological Anthropology,20,True,anth-012,脳の進化,Brain evolution,高校 生物・大学教養,2,50,check,,True
anthropology-archaeology,人類学・考古学,Anthropology & Archaeology,29学問,True,anthropology-archaeology-field-02,自然人類学,Biological Anthropology,20,True,anth-013,初期人類,Early hominins,高校 生物・大学教養,2,60,check,,True
anthropology-archaeology,人類学・考古学,Anthropology & Archaeology,29学問,True,anthropology-archaeology-field-02,自然人類学,Biological Anthropology,20,True,anth-014,ホモ属,Genus Homo,高校 生物・大学教養,2,70,check,,True
anthropology-archaeology,人類学・考古学,Anthropology & Archaeology,29学問,True,anthropology-archaeology-field-02,自然人類学,Biological Anthropology,20,True,anth-015,ネアンデルタール人,Neanderthals,高校 生物・大学教養,2,80,check,,True
anthropology-archaeology,人類学・考古学,Anthropology & Archaeology,29学問,True,anthropology-archaeology-field-02,自然人類学,Biological Anthropology,20,True,anth-016,ホモ・サピエンス,Homo sapiens,高校 生物・大学教養,2,90,check,,True
anthropology-archaeology,人類学・考古学,Anthropology & Archaeology,29学問,True,anthropology-archaeology-field-02,自然人類学,Biological Anthropology,20,True,anth-017,人類の拡散,Human dispersal,高校 生物・大学教養,2,100,check,,True
anthropology-archaeology,人類学・考古学,Anthropology & Archaeology,29学問,True,anthropology-archaeology-field-02,自然人類学,Biological Anthropology,20,True,anth-018,人類遺伝学,Human genetics,高校 生物・大学教養,2,110,check,,True
anthropology-archaeology,人類学・考古学,Anthropology & Archaeology,29学問,True,anthropology-archaeology-field-02,自然人類学,Biological Anthropology,20,True,anth-019,身体の適応,Bodily adaptation,高校 生物・大学教養,2,120,check,,True
anthropology-archaeology,人類学・考古学,Anthropology & Archaeology,29学問,True,anthropology-archaeology-field-03,文化人類学,Cultural Anthropology,30,True,anth-020,文化相対主義,Cultural relativism,高校 地理・大学教養,2,10,check,,True
anthropology-archaeology,人類学・考古学,Anthropology & Archaeology,29学問,True,anthropology-archaeology-field-03,文化人類学,Cultural Anthropology,30,True,anth-021,民族中心主義,Ethnocentrism,高校 地理・大学教養,2,20,check,,True
anthropology-archaeology,人類学・考古学,Anthropology & Archaeology,29学問,True,anthropology-archaeology-field-03,文化人類学,Cultural Anthropology,30,True,anth-022-s1,親族：出自（単系・双系）,"Kinship: descent (unilineal, bilateral)",高校 地理・大学教養,2,31,check,,True
anthropology-archaeology,人類学・考古学,Anthropology & Archaeology,29学問,True,anthropology-archaeology-field-03,文化人類学,Cultural Anthropology,30,True,anth-022-s2,親族：出自集団（リネージ・クラン）,"Kinship: descent groups (lineages, clans)",高校 地理・大学教養,2,32,check,,True
anthropology-archaeology,人類学・考古学,Anthropology & Archaeology,29学問,True,anthropology-archaeology-field-03,文化人類学,Cultural Anthropology,30,True,anth-022-s3,親族：親族名称体系,Kinship: kinship terminology,高校 地理・大学教養,2,33,check,,True
anthropology-archaeology,人類学・考古学,Anthropology & Archaeology,29学問,True,anthropology-archaeology-field-03,文化人類学,Cultural Anthropology,30,True,anth-023,家族,Family,高校 地理・大学教養,2,40,check,,True
anthropology-archaeology,人類学・考古学,Anthropology & Archaeology,29学問,True,anthropology-archaeology-field-03,文化人類学,Cultural Anthropology,30,True,anth-024,婚姻,Marriage,高校 地理・大学教養,2,50,check,,True
anthropology-archaeology,人類学・考古学,Anthropology & Archaeology,29学問,True,anthropology-archaeology-field-03,文化人類学,Cultural Anthropology,30,True,anth-025,贈与,Gift giving,高校 地理・大学教養,2,60,check,,True
anthropology-archaeology,人類学・考古学,Anthropology & Archaeology,29学問,True,anthropology-archaeology-field-03,文化人類学,Cultural Anthropology,30,True,anth-026,交換,Exchange,高校 地理・大学教養,2,70,check,,True
anthropology-archaeology,人類学・考古学,Anthropology & Archaeology,29学問,True,anthropology-archaeology-field-03,文化人類学,Cultural Anthropology,30,True,anth-027-s1,経済人類学：互酬・再分配・市場交換（ポランニー）,"Economic anthropology: reciprocity, redistribution and market exchange (Polanyi)",高校 地理・大学教養,2,81,check,,True
anthropology-archaeology,人類学・考古学,Anthropology & Archaeology,29学問,True,anthropology-archaeology-field-03,文化人類学,Cultural Anthropology,30,True,anth-027-s2,経済人類学：形式主義・実体主義論争,Economic anthropology: formalist-substantivist debate,高校 地理・大学教養,2,82,check,,True
anthropology-archaeology,人類学・考古学,Anthropology & Archaeology,29学問,True,anthropology-archaeology-field-03,文化人類学,Cultural Anthropology,30,True,anth-027-s3,経済人類学：貨幣の人類学,Economic anthropology: anthropology of money,高校 地理・大学教養,2,83,check,,True
anthropology-archaeology,人類学・考古学,Anthropology & Archaeology,29学問,True,anthropology-archaeology-field-03,文化人類学,Cultural Anthropology,30,True,anth-028-s1,政治人類学：国家なき社会の秩序（分節リネージ体系）,Political anthropology: order in stateless societies (segmentary lineage systems),高校 地理・大学教養,2,91,check,,True
anthropology-archaeology,人類学・考古学,Anthropology & Archaeology,29学問,True,anthropology-archaeology-field-03,文化人類学,Cultural Anthropology,30,True,anth-028-s2,政治人類学：権力と権威,Political anthropology: power and authority,高校 地理・大学教養,2,92,check,,True
anthropology-archaeology,人類学・考古学,Anthropology & Archaeology,29学問,True,anthropology-archaeology-field-03,文化人類学,Cultural Anthropology,30,True,anth-028-s3,政治人類学：紛争処理と慣習法,Political anthropology: dispute settlement and customary law,高校 地理・大学教養,2,93,check,,True
anthropology-archaeology,人類学・考古学,Anthropology & Archaeology,29学問,True,anthropology-archaeology-field-03,文化人類学,Cultural Anthropology,30,True,anth-029-s1,宗教人類学：アニミズムとトーテミズム,Anthropology of religion: animism and totemism,高校 地理・大学教養,2,101,check,,True
anthropology-archaeology,人類学・考古学,Anthropology & Archaeology,29学問,True,anthropology-archaeology-field-03,文化人類学,Cultural Anthropology,30,True,anth-029-s2,宗教人類学：呪術と妖術,Anthropology of religion: magic and witchcraft,高校 地理・大学教養,2,102,check,,True
anthropology-archaeology,人類学・考古学,Anthropology & Archaeology,29学問,True,anthropology-archaeology-field-03,文化人類学,Cultural Anthropology,30,True,anth-029-s3,宗教人類学：シャーマニズム,Anthropology of religion: shamanism,高校 地理・大学教養,2,103,check,,True
anthropology-archaeology,人類学・考古学,Anthropology & Archaeology,29学問,True,anthropology-archaeology-field-03,文化人類学,Cultural Anthropology,30,True,anth-029-s4,宗教人類学：宗教の起源論,Anthropology of religion: theories of the origin of religion,高校 地理・大学教養,2,104,check,,True
anthropology-archaeology,人類学・考古学,Anthropology & Archaeology,29学問,True,anthropology-archaeology-field-03,文化人類学,Cultural Anthropology,30,True,anth-030,象徴,Symbols,高校 地理・大学教養,2,110,check,,True
anthropology-archaeology,人類学・考古学,Anthropology & Archaeology,29学問,True,anthropology-archaeology-field-03,文化人類学,Cultural Anthropology,30,True,anth-031,儀礼,Ritual,高校 地理・大学教養,2,120,check,,True
anthropology-archaeology,人類学・考古学,Anthropology & Archaeology,29学問,True,anthropology-archaeology-field-03,文化人類学,Cultural Anthropology,30,True,anth-032,通過儀礼,Rites of passage,高校 地理・大学教養,2,130,check,,True
anthropology-archaeology,人類学・考古学,Anthropology & Archaeology,29学問,True,anthropology-archaeology-field-04,言語と文化,Language and Culture,40,True,anth-033,言語と文化とは何か,What are language and culture?,国語・外国語・大学教養,2,10,check,,True
anthropology-archaeology,人類学・考古学,Anthropology & Archaeology,29学問,True,anthropology-archaeology-field-04,言語と文化,Language and Culture,40,True,anth-034,言語相対論,Linguistic relativity,国語・外国語・大学教養,2,20,check,,True
anthropology-archaeology,人類学・考古学,Anthropology & Archaeology,29学問,True,anthropology-archaeology-field-04,言語と文化,Language and Culture,40,True,anth-035,語り,Narrative,国語・外国語・大学教養,2,30,check,,True
anthropology-archaeology,人類学・考古学,Anthropology & Archaeology,29学問,True,anthropology-archaeology-field-04,言語と文化,Language and Culture,40,True,anth-036,口承伝統,Oral tradition,国語・外国語・大学教養,2,40,check,,True
anthropology-archaeology,人類学・考古学,Anthropology & Archaeology,29学問,True,anthropology-archaeology-field-04,言語と文化,Language and Culture,40,True,anth-037,言語人類学,Linguistic anthropology,国語・外国語・大学教養,2,50,check,,True
anthropology-archaeology,人類学・考古学,Anthropology & Archaeology,29学問,True,anthropology-archaeology-field-05,生業,Subsistence,50,True,anth-038,狩猟採集,Hunting and gathering,高校 地理・歴史,2,10,check,,True
anthropology-archaeology,人類学・考古学,Anthropology & Archaeology,29学問,True,anthropology-archaeology-field-05,生業,Subsistence,50,True,anth-039,牧畜,Pastoralism,高校 地理・歴史,2,20,check,,True
anthropology-archaeology,人類学・考古学,Anthropology & Archaeology,29学問,True,anthropology-archaeology-field-05,生業,Subsistence,50,True,anth-040,農耕,Agriculture,高校 地理・歴史,2,30,check,,True
anthropology-archaeology,人類学・考古学,Anthropology & Archaeology,29学問,True,anthropology-archaeology-field-05,生業,Subsistence,50,True,anth-041,漁撈,Fishing,高校 地理・歴史,2,40,check,,True
anthropology-archaeology,人類学・考古学,Anthropology & Archaeology,29学問,True,anthropology-archaeology-field-05,生業,Subsistence,50,True,anth-042,生業と環境,Subsistence and environment,高校 地理・歴史,2,50,check,,True
anthropology-archaeology,人類学・考古学,Anthropology & Archaeology,29学問,True,anthropology-archaeology-field-05,生業,Subsistence,50,True,anth-043,定住化,Sedentarization,高校 地理・歴史,2,60,check,,True
anthropology-archaeology,人類学・考古学,Anthropology & Archaeology,29学問,True,anthropology-archaeology-field-06,社会組織,Social Organization,60,True,anth-044,バンド社会,Band societies,高校 地理・歴史・大学教養,2,10,check,,True
anthropology-archaeology,人類学・考古学,Anthropology & Archaeology,29学問,True,anthropology-archaeology-field-06,社会組織,Social Organization,60,True,anth-045,部族社会,Tribal societies,高校 地理・歴史・大学教養,2,20,check,,True
anthropology-archaeology,人類学・考古学,Anthropology & Archaeology,29学問,True,anthropology-archaeology-field-06,社会組織,Social Organization,60,True,anth-046,首長制,Chiefdoms,高校 地理・歴史・大学教養,2,30,check,,True
anthropology-archaeology,人類学・考古学,Anthropology & Archaeology,29学問,True,anthropology-archaeology-field-06,社会組織,Social Organization,60,True,anth-047,国家,States,高校 地理・歴史・大学教養,2,40,check,,True
anthropology-archaeology,人類学・考古学,Anthropology & Archaeology,29学問,True,anthropology-archaeology-field-06,社会組織,Social Organization,60,True,anth-048,階層,Stratification,高校 地理・歴史・大学教養,2,50,check,,True
anthropology-archaeology,人類学・考古学,Anthropology & Archaeology,29学問,True,anthropology-archaeology-field-06,社会組織,Social Organization,60,True,anth-049,ジェンダー,Gender,高校 地理・歴史・大学教養,2,60,check,,True
anthropology-archaeology,人類学・考古学,Anthropology & Archaeology,29学問,True,anthropology-archaeology-field-06,社会組織,Social Organization,60,True,anth-050,年齢集団,Age groups,高校 地理・歴史・大学教養,2,70,check,,True
anthropology-archaeology,人類学・考古学,Anthropology & Archaeology,29学問,True,anthropology-archaeology-field-07,現代人類学,Contemporary Anthropology,70,True,anth-051,都市人類学,Urban anthropology,高校 公共・大学教養,2,10,check,,True
anthropology-archaeology,人類学・考古学,Anthropology & Archaeology,29学問,True,anthropology-archaeology-field-07,現代人類学,Contemporary Anthropology,70,True,anth-052,医療人類学,Medical anthropology,高校 公共・大学教養,2,20,check,,True
anthropology-archaeology,人類学・考古学,Anthropology & Archaeology,29学問,True,anthropology-archaeology-field-07,現代人類学,Contemporary Anthropology,70,True,anth-053,観光人類学,Anthropology of tourism,高校 公共・大学教養,2,30,check,,True
anthropology-archaeology,人類学・考古学,Anthropology & Archaeology,29学問,True,anthropology-archaeology-field-07,現代人類学,Contemporary Anthropology,70,True,anth-054,移民,Migration,高校 公共・大学教養,2,40,check,,True
anthropology-archaeology,人類学・考古学,Anthropology & Archaeology,29学問,True,anthropology-archaeology-field-07,現代人類学,Contemporary Anthropology,70,True,anth-055,グローバル化,Globalization,高校 公共・大学教養,2,50,check,,True
anthropology-archaeology,人類学・考古学,Anthropology & Archaeology,29学問,True,anthropology-archaeology-field-07,現代人類学,Contemporary Anthropology,70,True,anth-056,開発,Development,高校 公共・大学教養,2,60,check,,True
anthropology-archaeology,人類学・考古学,Anthropology & Archaeology,29学問,True,anthropology-archaeology-field-07,現代人類学,Contemporary Anthropology,70,True,anth-057,先住民,Indigenous peoples,高校 公共・大学教養,2,70,check,,True
anthropology-archaeology,人類学・考古学,Anthropology & Archaeology,29学問,True,anthropology-archaeology-field-07,現代人類学,Contemporary Anthropology,70,True,anth-058,文化遺産,Cultural heritage,高校 公共・大学教養,2,80,check,,True
anthropology-archaeology,人類学・考古学,Anthropology & Archaeology,29学問,True,anthropology-archaeology-field-08,考古学の基礎,Foundations of Archaeology,80,True,anth-059,考古学とは何か,What is archaeology?,中学 歴史・高校 歴史,2,10,check,,True
anthropology-archaeology,人類学・考古学,Anthropology & Archaeology,29学問,True,anthropology-archaeology-field-08,考古学の基礎,Foundations of Archaeology,80,True,anth-060,遺跡,Archaeological sites,中学 歴史・高校 歴史,2,20,check,,True
anthropology-archaeology,人類学・考古学,Anthropology & Archaeology,29学問,True,anthropology-archaeology-field-08,考古学の基礎,Foundations of Archaeology,80,True,anth-061,遺構,Features,中学 歴史・高校 歴史,2,30,check,,True
anthropology-archaeology,人類学・考古学,Anthropology & Archaeology,29学問,True,anthropology-archaeology-field-08,考古学の基礎,Foundations of Archaeology,80,True,anth-062,遺物,Artifacts,中学 歴史・高校 歴史,2,40,check,,True
anthropology-archaeology,人類学・考古学,Anthropology & Archaeology,29学問,True,anthropology-archaeology-field-08,考古学の基礎,Foundations of Archaeology,80,True,anth-063,発掘調査,Excavation,中学 歴史・高校 歴史,2,50,check,,True
anthropology-archaeology,人類学・考古学,Anthropology & Archaeology,29学問,True,anthropology-archaeology-field-08,考古学の基礎,Foundations of Archaeology,80,True,anth-064,層位,Stratigraphy,中学 歴史・高校 歴史,2,60,check,,True
anthropology-archaeology,人類学・考古学,Anthropology & Archaeology,29学問,True,anthropology-archaeology-field-08,考古学の基礎,Foundations of Archaeology,80,True,anth-065,型式学,Typology,中学 歴史・高校 歴史,2,70,check,,True
anthropology-archaeology,人類学・考古学,Anthropology & Archaeology,29学問,True,anthropology-archaeology-field-08,考古学の基礎,Foundations of Archaeology,80,True,anth-066,編年,Chronology,中学 歴史・高校 歴史,2,80,check,,True
anthropology-archaeology,人類学・考古学,Anthropology & Archaeology,29学問,True,anthropology-archaeology-field-09,年代測定,Dating Methods,90,True,anth-067,相対年代,Relative dating,高校 地学・歴史・大学教養,2,10,check,,True
anthropology-archaeology,人類学・考古学,Anthropology & Archaeology,29学問,True,anthropology-archaeology-field-09,年代測定,Dating Methods,90,True,anth-068,放射性炭素年代測定,Radiocarbon dating,高校 地学・歴史・大学教養,2,20,check,,True
anthropology-archaeology,人類学・考古学,Anthropology & Archaeology,29学問,True,anthropology-archaeology-field-09,年代測定,Dating Methods,90,True,anth-069,年輪年代学,Dendrochronology,高校 地学・歴史・大学教養,2,30,check,,True
anthropology-archaeology,人類学・考古学,Anthropology & Archaeology,29学問,True,anthropology-archaeology-field-09,年代測定,Dating Methods,90,True,anth-070,熱ルミネッセンス,Thermoluminescence,高校 地学・歴史・大学教養,2,40,check,,True
anthropology-archaeology,人類学・考古学,Anthropology & Archaeology,29学問,True,anthropology-archaeology-field-09,年代測定,Dating Methods,90,True,anth-071,年代較正,Calibration,高校 地学・歴史・大学教養,2,50,check,,True
anthropology-archaeology,人類学・考古学,Anthropology & Archaeology,29学問,True,anthropology-archaeology-field-10,考古資料,Archaeological Materials,100,True,anth-072,石器,Stone tools,中学 歴史・大学教養,2,10,check,,True
anthropology-archaeology,人類学・考古学,Anthropology & Archaeology,29学問,True,anthropology-archaeology-field-10,考古資料,Archaeological Materials,100,True,anth-073,土器,Pottery,中学 歴史・大学教養,2,20,check,,True
anthropology-archaeology,人類学・考古学,Anthropology & Archaeology,29学問,True,anthropology-archaeology-field-10,考古資料,Archaeological Materials,100,True,anth-074,金属器,Metal tools,中学 歴史・大学教養,2,30,check,,True
anthropology-archaeology,人類学・考古学,Anthropology & Archaeology,29学問,True,anthropology-archaeology-field-10,考古資料,Archaeological Materials,100,True,anth-075,骨角器,Bone and antler tools,中学 歴史・大学教養,2,40,check,,True
anthropology-archaeology,人類学・考古学,Anthropology & Archaeology,29学問,True,anthropology-archaeology-field-10,考古資料,Archaeological Materials,100,True,anth-076,住居跡,Dwelling remains,中学 歴史・大学教養,2,50,check,,True
anthropology-archaeology,人類学・考古学,Anthropology & Archaeology,29学問,True,anthropology-archaeology-field-10,考古資料,Archaeological Materials,100,True,anth-077,墓,Graves,中学 歴史・大学教養,2,60,check,,True
anthropology-archaeology,人類学・考古学,Anthropology & Archaeology,29学問,True,anthropology-archaeology-field-10,考古資料,Archaeological Materials,100,True,anth-078,貝塚,Shell middens,中学 歴史・大学教養,2,70,check,,True
anthropology-archaeology,人類学・考古学,Anthropology & Archaeology,29学問,True,anthropology-archaeology-field-10,考古資料,Archaeological Materials,100,True,anth-079,植物遺存体,Plant remains,中学 歴史・大学教養,2,80,check,,True
anthropology-archaeology,人類学・考古学,Anthropology & Archaeology,29学問,True,anthropology-archaeology-field-10,考古資料,Archaeological Materials,100,True,anth-080,動物遺存体,Faunal remains,中学 歴史・大学教養,2,90,check,,True
anthropology-archaeology,人類学・考古学,Anthropology & Archaeology,29学問,True,anthropology-archaeology-field-11,先史時代,Prehistory,110,True,anth-081-s1,旧石器時代：前期旧石器（オルドワン・アシュール）,"Paleolithic: Lower Paleolithic (Oldowan, Acheulean)",中学 歴史・高校 歴史,2,11,check,,True
anthropology-archaeology,人類学・考古学,Anthropology & Archaeology,29学問,True,anthropology-archaeology-field-11,先史時代,Prehistory,110,True,anth-081-s2,旧石器時代：中期旧石器（ムステリアン）,Paleolithic: Middle Paleolithic (Mousterian),中学 歴史・高校 歴史,2,12,check,,True
anthropology-archaeology,人類学・考古学,Anthropology & Archaeology,29学問,True,anthropology-archaeology-field-11,先史時代,Prehistory,110,True,anth-081-s3,旧石器時代：後期旧石器（石刃技法・洞窟壁画）,"Paleolithic: Upper Paleolithic (blade technology, cave art)",中学 歴史・高校 歴史,2,13,check,,True
anthropology-archaeology,人類学・考古学,Anthropology & Archaeology,29学問,True,anthropology-archaeology-field-11,先史時代,Prehistory,110,True,anth-082,新石器革命,Neolithic Revolution,中学 歴史・高校 歴史,2,20,check,,True
anthropology-archaeology,人類学・考古学,Anthropology & Archaeology,29学問,True,anthropology-archaeology-field-11,先史時代,Prehistory,110,True,anth-083,農耕の起源,Origins of agriculture,中学 歴史・高校 歴史,2,30,check,,True
anthropology-archaeology,人類学・考古学,Anthropology & Archaeology,29学問,True,anthropology-archaeology-field-11,先史時代,Prehistory,110,True,anth-084,都市の成立,Emergence of cities,中学 歴史・高校 歴史,2,40,check,,True
anthropology-archaeology,人類学・考古学,Anthropology & Archaeology,29学問,True,anthropology-archaeology-field-11,先史時代,Prehistory,110,True,anth-085,文明の成立,Emergence of civilization,中学 歴史・高校 歴史,2,50,check,,True
anthropology-archaeology,人類学・考古学,Anthropology & Archaeology,29学問,True,anthropology-archaeology-field-12,日本考古学,Japanese Archaeology,120,True,anth-086,日本列島の旧石器,Paleolithic of the Japanese archipelago,中学 歴史・高校 日本史,2,10,check,,True
anthropology-archaeology,人類学・考古学,Anthropology & Archaeology,29学問,True,anthropology-archaeology-field-12,日本考古学,Japanese Archaeology,120,True,anth-087-s1,縄文時代：縄文の時期区分と土器編年,Jomon period: periodization and pottery chronology,中学 歴史・高校 日本史,2,21,check,,True
anthropology-archaeology,人類学・考古学,Anthropology & Archaeology,29学問,True,anthropology-archaeology-field-12,日本考古学,Japanese Archaeology,120,True,anth-087-s2,縄文時代：縄文の生業,Jomon period: Jomon subsistence,中学 歴史・高校 日本史,2,22,check,,True
anthropology-archaeology,人類学・考古学,Anthropology & Archaeology,29学問,True,anthropology-archaeology-field-12,日本考古学,Japanese Archaeology,120,True,anth-087-s3,縄文時代：縄文の集落と貝塚,Jomon period: settlements and shell middens,中学 歴史・高校 日本史,2,23,check,,True
anthropology-archaeology,人類学・考古学,Anthropology & Archaeology,29学問,True,anthropology-archaeology-field-12,日本考古学,Japanese Archaeology,120,True,anth-087-s4,縄文時代：縄文の精神文化（土偶・環状列石）,"Jomon period: spiritual culture (dogu figurines, stone circles)",中学 歴史・高校 日本史,2,24,check,,True
anthropology-archaeology,人類学・考古学,Anthropology & Archaeology,29学問,True,anthropology-archaeology-field-12,日本考古学,Japanese Archaeology,120,True,anth-088-s1,弥生時代：水稲農耕の伝来,Yayoi period: arrival of wet-rice agriculture,中学 歴史・高校 日本史,2,31,check,,True
anthropology-archaeology,人類学・考古学,Anthropology & Archaeology,29学問,True,anthropology-archaeology-field-12,日本考古学,Japanese Archaeology,120,True,anth-088-s2,弥生時代：青銅器と鉄器,Yayoi period: bronze and iron tools,中学 歴史・高校 日本史,2,32,check,,True
anthropology-archaeology,人類学・考古学,Anthropology & Archaeology,29学問,True,anthropology-archaeology-field-12,日本考古学,Japanese Archaeology,120,True,anth-088-s3,弥生時代：環濠集落と戦い,Yayoi period: moated settlements and warfare,中学 歴史・高校 日本史,2,33,check,,True
anthropology-archaeology,人類学・考古学,Anthropology & Archaeology,29学問,True,anthropology-archaeology-field-12,日本考古学,Japanese Archaeology,120,True,anth-088-s4,弥生時代：弥生の墓制,Yayoi period: Yayoi burial practices,中学 歴史・高校 日本史,2,34,check,,True
anthropology-archaeology,人類学・考古学,Anthropology & Archaeology,29学問,True,anthropology-archaeology-field-12,日本考古学,Japanese Archaeology,120,True,anth-089-s1,古墳時代：前方後円墳の成立,Kofun period: emergence of keyhole-shaped tombs,中学 歴史・高校 日本史,2,41,check,,True
anthropology-archaeology,人類学・考古学,Anthropology & Archaeology,29学問,True,anthropology-archaeology-field-12,日本考古学,Japanese Archaeology,120,True,anth-089-s2,古墳時代：古墳の変遷（前期・中期・後期）,"Kofun period: changes in kofun (early, middle, late)",中学 歴史・高校 日本史,2,42,check,,True
anthropology-archaeology,人類学・考古学,Anthropology & Archaeology,29学問,True,anthropology-archaeology-field-12,日本考古学,Japanese Archaeology,120,True,anth-089-s3,古墳時代：埴輪と副葬品,Kofun period: haniwa and grave goods,中学 歴史・高校 日本史,2,43,check,,True
anthropology-archaeology,人類学・考古学,Anthropology & Archaeology,29学問,True,anthropology-archaeology-field-12,日本考古学,Japanese Archaeology,120,True,anth-089-s4,古墳時代：渡来人と技術,Kofun period: immigrant groups (toraijin) and technology,中学 歴史・高校 日本史,2,44,check,,True
anthropology-archaeology,人類学・考古学,Anthropology & Archaeology,29学問,True,anthropology-archaeology-field-12,日本考古学,Japanese Archaeology,120,True,anth-090,古代国家形成,Formation of the ancient state,中学 歴史・高校 日本史,2,50,check,,True
anthropology-archaeology,人類学・考古学,Anthropology & Archaeology,29学問,True,anthropology-archaeology-field-12,日本考古学,Japanese Archaeology,120,True,anth-091-s1,中世考古学：中世都市遺跡（草戸千軒・一乗谷）,"Medieval archaeology: medieval town sites (Kusado Sengen, Ichijodani)",中学 歴史・高校 日本史,2,61,check,,True
anthropology-archaeology,人類学・考古学,Anthropology & Archaeology,29学問,True,anthropology-archaeology-field-12,日本考古学,Japanese Archaeology,120,True,anth-091-s2,中世考古学：城館,Medieval archaeology: castles and fortified residences,中学 歴史・高校 日本史,2,62,check,,True
anthropology-archaeology,人類学・考古学,Anthropology & Archaeology,29学問,True,anthropology-archaeology-field-12,日本考古学,Japanese Archaeology,120,True,anth-091-s3,中世考古学：中世の陶磁器と流通,Medieval archaeology: medieval ceramics and distribution,中学 歴史・高校 日本史,2,63,check,,True
anthropology-archaeology,人類学・考古学,Anthropology & Archaeology,29学問,True,anthropology-archaeology-field-12,日本考古学,Japanese Archaeology,120,True,anth-091-s4,中世考古学：中世の墓と信仰,Medieval archaeology: medieval graves and beliefs,中学 歴史・高校 日本史,2,64,check,,True
anthropology-archaeology,人類学・考古学,Anthropology & Archaeology,29学問,True,anthropology-archaeology-field-12,日本考古学,Japanese Archaeology,120,True,anth-092-s1,近世考古学：城郭と城下町,Early modern archaeology: castles and castle towns,中学 歴史・高校 日本史,2,71,check,,True
anthropology-archaeology,人類学・考古学,Anthropology & Archaeology,29学問,True,anthropology-archaeology-field-12,日本考古学,Japanese Archaeology,120,True,anth-092-s2,近世考古学：江戸の遺跡,Early modern archaeology: Edo sites,中学 歴史・高校 日本史,2,72,check,,True
anthropology-archaeology,人類学・考古学,Anthropology & Archaeology,29学問,True,anthropology-archaeology-field-12,日本考古学,Japanese Archaeology,120,True,anth-092-s3,近世考古学：近世陶磁器と流通,Early modern archaeology: early modern ceramics and distribution,中学 歴史・高校 日本史,2,73,check,,True
anthropology-archaeology,人類学・考古学,Anthropology & Archaeology,29学問,True,anthropology-archaeology-field-13,世界考古学,World Archaeology,130,True,anth-093-s1,メソポタミア：ウバイド・ウルク期と都市の形成,Mesopotamia: Ubaid and Uruk periods and the rise of cities,高校 世界史・大学教養,2,11,check,,True
anthropology-archaeology,人類学・考古学,Anthropology & Archaeology,29学問,True,anthropology-archaeology-field-13,世界考古学,World Archaeology,130,True,anth-093-s2,メソポタミア：シュメール初期王朝,Mesopotamia: Sumerian Early Dynastic period,高校 世界史・大学教養,2,12,check,,True
anthropology-archaeology,人類学・考古学,Anthropology & Archaeology,29学問,True,anthropology-archaeology-field-13,世界考古学,World Archaeology,130,True,anth-093-s3,メソポタミア：アッカド・バビロニア,Mesopotamia: Akkad and Babylonia,高校 世界史・大学教養,2,13,check,,True
anthropology-archaeology,人類学・考古学,Anthropology & Archaeology,29学問,True,anthropology-archaeology-field-13,世界考古学,World Archaeology,130,True,anth-093-s4,メソポタミア：アッシリア,Mesopotamia: Assyria,高校 世界史・大学教養,2,14,check,,True
anthropology-archaeology,人類学・考古学,Anthropology & Archaeology,29学問,True,anthropology-archaeology-field-13,世界考古学,World Archaeology,130,True,anth-094-s1,エジプト：先王朝・初期王朝,Egypt: Predynastic and Early Dynastic periods,高校 世界史・大学教養,2,21,check,,True
anthropology-archaeology,人類学・考古学,Anthropology & Archaeology,29学問,True,anthropology-archaeology-field-13,世界考古学,World Archaeology,130,True,anth-094-s2,エジプト：古王国とピラミッド,Egypt: Old Kingdom and the pyramids,高校 世界史・大学教養,2,22,check,,True
anthropology-archaeology,人類学・考古学,Anthropology & Archaeology,29学問,True,anthropology-archaeology-field-13,世界考古学,World Archaeology,130,True,anth-094-s3,エジプト：中王国・新王国,Egypt: Middle and New Kingdoms,高校 世界史・大学教養,2,23,check,,True
anthropology-archaeology,人類学・考古学,Anthropology & Archaeology,29学問,True,anthropology-archaeology-field-13,世界考古学,World Archaeology,130,True,anth-094-s4,エジプト：墓と葬制,Egypt: tombs and burial customs,高校 世界史・大学教養,2,24,check,,True
anthropology-archaeology,人類学・考古学,Anthropology & Archaeology,29学問,True,anthropology-archaeology-field-13,世界考古学,World Archaeology,130,True,anth-095,インダス,Indus,高校 世界史・大学教養,2,30,check,,True
anthropology-archaeology,人類学・考古学,Anthropology & Archaeology,29学問,True,anthropology-archaeology-field-13,世界考古学,World Archaeology,130,True,anth-096-s1,中国文明：仰韶・龍山文化,Chinese civilization: Yangshao and Longshan cultures,高校 世界史・大学教養,2,41,check,,True
anthropology-archaeology,人類学・考古学,Anthropology & Archaeology,29学問,True,anthropology-archaeology-field-13,世界考古学,World Archaeology,130,True,anth-096-s2,中国文明：二里頭と殷墟,Chinese civilization: Erlitou and Yinxu,高校 世界史・大学教養,2,42,check,,True
anthropology-archaeology,人類学・考古学,Anthropology & Archaeology,29学問,True,anthropology-archaeology-field-13,世界考古学,World Archaeology,130,True,anth-096-s3,中国文明：周代の青銅器文化,Chinese civilization: Zhou bronze culture,高校 世界史・大学教養,2,43,check,,True
anthropology-archaeology,人類学・考古学,Anthropology & Archaeology,29学問,True,anthropology-archaeology-field-13,世界考古学,World Archaeology,130,True,anth-097-s1,メソアメリカ：オルメカ,Mesoamerica: Olmec,高校 世界史・大学教養,2,51,check,,True
anthropology-archaeology,人類学・考古学,Anthropology & Archaeology,29学問,True,anthropology-archaeology-field-13,世界考古学,World Archaeology,130,True,anth-097-s2,メソアメリカ：テオティワカン,Mesoamerica: Teotihuacan,高校 世界史・大学教養,2,52,check,,True
anthropology-archaeology,人類学・考古学,Anthropology & Archaeology,29学問,True,anthropology-archaeology-field-13,世界考古学,World Archaeology,130,True,anth-097-s3,メソアメリカ：マヤ,Mesoamerica: Maya,高校 世界史・大学教養,2,53,check,,True
anthropology-archaeology,人類学・考古学,Anthropology & Archaeology,29学問,True,anthropology-archaeology-field-13,世界考古学,World Archaeology,130,True,anth-097-s4,メソアメリカ：アステカ,Mesoamerica: Aztec,高校 世界史・大学教養,2,54,check,,True
anthropology-archaeology,人類学・考古学,Anthropology & Archaeology,29学問,True,anthropology-archaeology-field-13,世界考古学,World Archaeology,130,True,anth-098-s1,アンデス文明：チャビン,Andean civilization: Chavín,高校 世界史・大学教養,2,61,check,,True
anthropology-archaeology,人類学・考古学,Anthropology & Archaeology,29学問,True,anthropology-archaeology-field-13,世界考古学,World Archaeology,130,True,anth-098-s2,アンデス文明：ナスカとモチェ,Andean civilization: Nazca and Moche,高校 世界史・大学教養,2,62,check,,True
anthropology-archaeology,人類学・考古学,Anthropology & Archaeology,29学問,True,anthropology-archaeology-field-13,世界考古学,World Archaeology,130,True,anth-098-s3,アンデス文明：ティワナクとワリ,Andean civilization: Tiwanaku and Wari,高校 世界史・大学教養,2,63,check,,True
anthropology-archaeology,人類学・考古学,Anthropology & Archaeology,29学問,True,anthropology-archaeology-field-13,世界考古学,World Archaeology,130,True,anth-098-s4,アンデス文明：インカ,Andean civilization: Inca,高校 世界史・大学教養,2,64,check,,True
anthropology-archaeology,人類学・考古学,Anthropology & Archaeology,29学問,True,anthropology-archaeology-field-14,考古科学,Archaeological Science,140,True,anth-099,動物考古学,Zooarchaeology,大学教養,2,10,check,,True
anthropology-archaeology,人類学・考古学,Anthropology & Archaeology,29学問,True,anthropology-archaeology-field-14,考古科学,Archaeological Science,140,True,anth-100,植物考古学,Archaeobotany,大学教養,2,20,check,,True
anthropology-archaeology,人類学・考古学,Anthropology & Archaeology,29学問,True,anthropology-archaeology-field-14,考古科学,Archaeological Science,140,True,anth-101,人骨分析,Human skeletal analysis,大学教養,2,30,check,,True
anthropology-archaeology,人類学・考古学,Anthropology & Archaeology,29学問,True,anthropology-archaeology-field-14,考古科学,Archaeological Science,140,True,anth-102,同位体分析,Isotope analysis,大学教養,2,40,check,,True
anthropology-archaeology,人類学・考古学,Anthropology & Archaeology,29学問,True,anthropology-archaeology-field-14,考古科学,Archaeological Science,140,True,anth-103,古代DNA,Ancient DNA,大学教養,2,50,check,,True
anthropology-archaeology,人類学・考古学,Anthropology & Archaeology,29学問,True,anthropology-archaeology-field-14,考古科学,Archaeological Science,140,True,anth-104,リモートセンシング,Remote sensing,大学教養,2,60,check,,True
anthropology-archaeology,人類学・考古学,Anthropology & Archaeology,29学問,True,anthropology-archaeology-field-14,考古科学,Archaeological Science,140,True,anth-105,GIS,GIS,大学教養,2,70,check,,True
anthropology-archaeology,人類学・考古学,Anthropology & Archaeology,29学問,True,anthropology-archaeology-field-15,文化遺産,Cultural Heritage,150,True,anth-106,文化財,Cultural properties,中学 社会・高校 歴史,2,10,check,,True
anthropology-archaeology,人類学・考古学,Anthropology & Archaeology,29学問,True,anthropology-archaeology-field-15,文化遺産,Cultural Heritage,150,True,anth-107,世界遺産,World Heritage,中学 社会・高校 歴史,2,20,check,,True
anthropology-archaeology,人類学・考古学,Anthropology & Archaeology,29学問,True,anthropology-archaeology-field-15,文化遺産,Cultural Heritage,150,True,anth-108,保存修復,Conservation and restoration,中学 社会・高校 歴史,2,30,check,,True
anthropology-archaeology,人類学・考古学,Anthropology & Archaeology,29学問,True,anthropology-archaeology-field-15,文化遺産,Cultural Heritage,150,True,anth-109,遺跡保存,Site preservation,中学 社会・高校 歴史,2,40,check,,True
anthropology-archaeology,人類学・考古学,Anthropology & Archaeology,29学問,True,anthropology-archaeology-field-15,文化遺産,Cultural Heritage,150,True,anth-110,博物館,Museums,中学 社会・高校 歴史,2,50,check,,True
anthropology-archaeology,人類学・考古学,Anthropology & Archaeology,29学問,True,anthropology-archaeology-field-15,文化遺産,Cultural Heritage,150,True,anth-111,パブリック・アーケオロジー,Public archaeology,中学 社会・高校 歴史,2,60,check,,True
anthropology-archaeology,人類学・考古学,Anthropology & Archaeology,29学問,True,anthropology-archaeology-field-16,倫理,Ethics,160,True,anth-112,発掘倫理,Excavation ethics,大学教養,2,10,check,,True
anthropology-archaeology,人類学・考古学,Anthropology & Archaeology,29学問,True,anthropology-archaeology-field-16,倫理,Ethics,160,True,anth-113,遺骨と返還,Human remains and repatriation,大学教養,2,20,check,,True
anthropology-archaeology,人類学・考古学,Anthropology & Archaeology,29学問,True,anthropology-archaeology-field-16,倫理,Ethics,160,True,anth-114,文化財取引,Antiquities trade,大学教養,2,30,check,,True
anthropology-archaeology,人類学・考古学,Anthropology & Archaeology,29学問,True,anthropology-archaeology-field-16,倫理,Ethics,160,True,anth-115,植民地主義と人類学,Colonialism and anthropology,大学教養,2,40,check,,True
anthropology-archaeology,人類学・考古学,Anthropology & Archaeology,29学問,True,anthropology-archaeology-field-16,倫理,Ethics,160,True,anth-116,研究者と調査対象者,Researchers and research participants,大学教養,2,50,check,,True
history,歴史学,History,29学問,True,history-field-01,歴史学の方法,Historical Methods,10,True,hist-001,歴史とは何か,What is history?,中学 社会・高校 歴史総合・大学教養,2,10,check,,True
history,歴史学,History,29学問,True,history-field-01,歴史学の方法,Historical Methods,10,True,hist-002,時代区分,Periodization,中学 社会・高校 歴史総合・大学教養,2,20,check,,True
history,歴史学,History,29学問,True,history-field-01,歴史学の方法,Historical Methods,10,True,hist-003,年代と世紀,Dates and centuries,中学 社会・高校 歴史総合・大学教養,2,30,check,,True
history,歴史学,History,29学問,True,history-field-01,歴史学の方法,Historical Methods,10,True,hist-004,年表,Timelines,中学 社会・高校 歴史総合・大学教養,2,40,check,,True
history,歴史学,History,29学問,True,history-field-01,歴史学の方法,Historical Methods,10,True,hist-005,史料,Historical sources,中学 社会・高校 歴史総合・大学教養,2,50,check,,True
history,歴史学,History,29学問,True,history-field-01,歴史学の方法,Historical Methods,10,True,hist-006,一次史料と二次史料,Primary and secondary sources,中学 社会・高校 歴史総合・大学教養,2,60,check,,True
history,歴史学,History,29学問,True,history-field-01,歴史学の方法,Historical Methods,10,True,hist-007,史料批判,Source criticism,中学 社会・高校 歴史総合・大学教養,2,70,check,,True
history,歴史学,History,29学問,True,history-field-01,歴史学の方法,Historical Methods,10,True,hist-008,考古資料,Archaeological evidence,中学 社会・高校 歴史総合・大学教養,2,80,check,,True
history,歴史学,History,29学問,True,history-field-01,歴史学の方法,Historical Methods,10,True,hist-009,文字史料,Written sources,中学 社会・高校 歴史総合・大学教養,2,90,check,,True
history,歴史学,History,29学問,True,history-field-01,歴史学の方法,Historical Methods,10,True,hist-010,図像史料,Visual sources,中学 社会・高校 歴史総合・大学教養,2,100,check,,True
history,歴史学,History,29学問,True,history-field-01,歴史学の方法,Historical Methods,10,True,hist-011,口述史,Oral history,中学 社会・高校 歴史総合・大学教養,2,110,check,,True
history,歴史学,History,29学問,True,history-field-01,歴史学の方法,Historical Methods,10,True,hist-012,因果関係,Causation,中学 社会・高校 歴史総合・大学教養,2,120,check,,True
history,歴史学,History,29学問,True,history-field-01,歴史学の方法,Historical Methods,10,True,hist-013,比較史,Comparative history,中学 社会・高校 歴史総合・大学教養,2,130,check,,True
history,歴史学,History,29学問,True,history-field-01,歴史学の方法,Historical Methods,10,True,hist-014,グローバルヒストリー,Global history,中学 社会・高校 歴史総合・大学教養,2,140,check,,True
history,歴史学,History,29学問,True,history-field-01,歴史学の方法,Historical Methods,10,True,hist-015,歴史叙述,Historical writing,中学 社会・高校 歴史総合・大学教養,2,150,check,,True
history,歴史学,History,29学問,True,history-field-02,人類史の始まり,Beginnings of Human History,20,True,hist-016,人類の進化,Human evolution,中学 歴史・高校 世界史探究,2,10,check,,True
history,歴史学,History,29学問,True,history-field-02,人類史の始まり,Beginnings of Human History,20,True,hist-017,旧石器時代,Paleolithic era,中学 歴史・高校 世界史探究,2,20,check,,True
history,歴史学,History,29学問,True,history-field-02,人類史の始まり,Beginnings of Human History,20,True,hist-018,新石器革命,Neolithic Revolution,中学 歴史・高校 世界史探究,2,30,check,,True
history,歴史学,History,29学問,True,history-field-02,人類史の始まり,Beginnings of Human History,20,True,hist-019,農耕牧畜の開始,Beginnings of farming and herding,中学 歴史・高校 世界史探究,2,40,check,,True
history,歴史学,History,29学問,True,history-field-02,人類史の始まり,Beginnings of Human History,20,True,hist-020,都市の成立,Emergence of cities,中学 歴史・高校 世界史探究,2,50,check,,True
history,歴史学,History,29学問,True,history-field-02,人類史の始まり,Beginnings of Human History,20,True,hist-021,国家の成立,Emergence of states,中学 歴史・高校 世界史探究,2,60,check,,True
history,歴史学,History,29学問,True,history-field-03,古代オリエント,Ancient Near East,30,True,hist-022-s1,メソポタミア文明：シュメール,Mesopotamian civilization: Sumer,中学 歴史・高校 世界史探究,2,11,check,,True
history,歴史学,History,29学問,True,history-field-03,古代オリエント,Ancient Near East,30,True,hist-022-s2,メソポタミア文明：アッカドとバビロン第1王朝（ハンムラビ法典）,Mesopotamian civilization: Akkad and the First Babylonian Dynasty (Code of Hammurabi),中学 歴史・高校 世界史探究,2,12,check,,True
history,歴史学,History,29学問,True,history-field-03,古代オリエント,Ancient Near East,30,True,hist-022-s3,メソポタミア文明：アッシリアと新バビロニア,Mesopotamian civilization: Assyria and Neo-Babylonia,中学 歴史・高校 世界史探究,2,13,check,,True
history,歴史学,History,29学問,True,history-field-03,古代オリエント,Ancient Near East,30,True,hist-023-s1,エジプト文明：古王国,Egyptian civilization: Old Kingdom,中学 歴史・高校 世界史探究,2,21,check,,True
history,歴史学,History,29学問,True,history-field-03,古代オリエント,Ancient Near East,30,True,hist-023-s2,エジプト文明：中王国,Egyptian civilization: Middle Kingdom,中学 歴史・高校 世界史探究,2,22,check,,True
history,歴史学,History,29学問,True,history-field-03,古代オリエント,Ancient Near East,30,True,hist-023-s3,エジプト文明：新王国,Egyptian civilization: New Kingdom,中学 歴史・高校 世界史探究,2,23,check,,True
history,歴史学,History,29学問,True,history-field-03,古代オリエント,Ancient Near East,30,True,hist-023-s4,エジプト文明：エジプトの宗教と文化,Egyptian civilization: Egyptian religion and culture,中学 歴史・高校 世界史探究,2,24,check,,True
history,歴史学,History,29学問,True,history-field-03,古代オリエント,Ancient Near East,30,True,hist-024-s1,東地中海世界：エーゲ文明（クレタ・ミケーネ）,"Eastern Mediterranean: Aegean civilization (Crete, Mycenae)",中学 歴史・高校 世界史探究,2,31,check,,True
history,歴史学,History,29学問,True,history-field-03,古代オリエント,Ancient Near East,30,True,hist-024-s2,東地中海世界：フェニキア人,Eastern Mediterranean: Phoenicians,中学 歴史・高校 世界史探究,2,32,check,,True
history,歴史学,History,29学問,True,history-field-03,古代オリエント,Ancient Near East,30,True,hist-024-s3,東地中海世界：アラム人,Eastern Mediterranean: Arameans,中学 歴史・高校 世界史探究,2,33,check,,True
history,歴史学,History,29学問,True,history-field-03,古代オリエント,Ancient Near East,30,True,hist-025,ヘブライ人,Hebrews,中学 歴史・高校 世界史探究,2,40,check,,True
history,歴史学,History,29学問,True,history-field-03,古代オリエント,Ancient Near East,30,True,hist-026,アケメネス朝ペルシア,Achaemenid Persia,中学 歴史・高校 世界史探究,2,50,check,,True
history,歴史学,History,29学問,True,history-field-04,古代地中海,Ancient Mediterranean,40,True,hist-027,ポリス,The polis,中学 歴史・高校 世界史探究,2,10,check,,True
history,歴史学,History,29学問,True,history-field-04,古代地中海,Ancient Mediterranean,40,True,hist-028,アテネ民主政,Athenian democracy,中学 歴史・高校 世界史探究,2,20,check,,True
history,歴史学,History,29学問,True,history-field-04,古代地中海,Ancient Mediterranean,40,True,hist-029,スパルタ,Sparta,中学 歴史・高校 世界史探究,2,30,check,,True
history,歴史学,History,29学問,True,history-field-04,古代地中海,Ancient Mediterranean,40,True,hist-030,アレクサンドロス大王,Alexander the Great,中学 歴史・高校 世界史探究,2,40,check,,True
history,歴史学,History,29学問,True,history-field-04,古代地中海,Ancient Mediterranean,40,True,hist-031,ヘレニズム,Hellenism,中学 歴史・高校 世界史探究,2,50,check,,True
history,歴史学,History,29学問,True,history-field-04,古代地中海,Ancient Mediterranean,40,True,hist-032-s1,ローマ共和政：身分闘争と共和政の制度,Roman Republic: Conflict of the Orders and republican institutions,中学 歴史・高校 世界史探究,2,61,check,,True
history,歴史学,History,29学問,True,history-field-04,古代地中海,Ancient Mediterranean,40,True,hist-032-s2,ローマ共和政：ポエニ戦争と地中海征服,Roman Republic: Punic Wars and conquest of the Mediterranean,中学 歴史・高校 世界史探究,2,62,check,,True
history,歴史学,History,29学問,True,history-field-04,古代地中海,Ancient Mediterranean,40,True,hist-032-s3,ローマ共和政：内乱の一世紀,Roman Republic: century of civil wars,中学 歴史・高校 世界史探究,2,63,check,,True
history,歴史学,History,29学問,True,history-field-04,古代地中海,Ancient Mediterranean,40,True,hist-033-s1,ローマ帝国：元首政とパクス・ロマーナ,Roman Empire: the Principate and Pax Romana,中学 歴史・高校 世界史探究,2,71,check,,True
history,歴史学,History,29学問,True,history-field-04,古代地中海,Ancient Mediterranean,40,True,hist-033-s2,ローマ帝国：3世紀の危機,Roman Empire: Crisis of the Third Century,中学 歴史・高校 世界史探究,2,72,check,,True
history,歴史学,History,29学問,True,history-field-04,古代地中海,Ancient Mediterranean,40,True,hist-033-s3,ローマ帝国：専制君主政（ディオクレティアヌス・コンスタンティヌス）,"Roman Empire: the Dominate (Diocletian, Constantine)",中学 歴史・高校 世界史探究,2,73,check,,True
history,歴史学,History,29学問,True,history-field-04,古代地中海,Ancient Mediterranean,40,True,hist-034,キリスト教の成立,Rise of Christianity,中学 歴史・高校 世界史探究,2,80,check,,True
history,歴史学,History,29学問,True,history-field-04,古代地中海,Ancient Mediterranean,40,True,hist-035,ローマ帝国の分裂,Division of the Roman Empire,中学 歴史・高校 世界史探究,2,90,check,,True
history,歴史学,History,29学問,True,history-field-05,古代南アジア,Ancient South Asia,50,True,hist-036,インダス文明,Indus civilization,高校 世界史探究,2,10,check,,True
history,歴史学,History,29学問,True,history-field-05,古代南アジア,Ancient South Asia,50,True,hist-037,ヴェーダ時代,Vedic period,高校 世界史探究,2,20,check,,True
history,歴史学,History,29学問,True,history-field-05,古代南アジア,Ancient South Asia,50,True,hist-038-s1,仏教とジャイナ教：仏教の成立,Buddhism and Jainism: rise of Buddhism,高校 世界史探究,2,31,check,,True
history,歴史学,History,29学問,True,history-field-05,古代南アジア,Ancient South Asia,50,True,hist-038-s2,仏教とジャイナ教：ジャイナ教の成立,Buddhism and Jainism: rise of Jainism,高校 世界史探究,2,32,check,,True
history,歴史学,History,29学問,True,history-field-05,古代南アジア,Ancient South Asia,50,True,hist-039,マウリヤ朝,Maurya Empire,高校 世界史探究,2,40,check,,True
history,歴史学,History,29学問,True,history-field-05,古代南アジア,Ancient South Asia,50,True,hist-040,クシャーナ朝,Kushan Empire,高校 世界史探究,2,50,check,,True
history,歴史学,History,29学問,True,history-field-05,古代南アジア,Ancient South Asia,50,True,hist-041,グプタ朝,Gupta Empire,高校 世界史探究,2,60,check,,True
history,歴史学,History,29学問,True,history-field-06,古代東アジア,Ancient East Asia,60,True,hist-042,殷,Shang (Yin),中学 歴史・高校 世界史探究,2,10,check,,True
history,歴史学,History,29学問,True,history-field-06,古代東アジア,Ancient East Asia,60,True,hist-043,周,Zhou,中学 歴史・高校 世界史探究,2,20,check,,True
history,歴史学,History,29学問,True,history-field-06,古代東アジア,Ancient East Asia,60,True,hist-044-s1,春秋戦国：春秋時代,Spring and Autumn and Warring States: Spring and Autumn period,中学 歴史・高校 世界史探究,2,31,check,,True
history,歴史学,History,29学問,True,history-field-06,古代東アジア,Ancient East Asia,60,True,hist-044-s2,春秋戦国：戦国時代,Spring and Autumn and Warring States: Warring States period,中学 歴史・高校 世界史探究,2,32,check,,True
history,歴史学,History,29学問,True,history-field-06,古代東アジア,Ancient East Asia,60,True,hist-044-s3,春秋戦国：諸子百家,Spring and Autumn and Warring States: Hundred Schools of Thought,中学 歴史・高校 世界史探究,2,33,check,,True
history,歴史学,History,29学問,True,history-field-06,古代東アジア,Ancient East Asia,60,True,hist-045,秦,Qin,中学 歴史・高校 世界史探究,2,40,check,,True
history,歴史学,History,29学問,True,history-field-06,古代東アジア,Ancient East Asia,60,True,hist-046-s1,漢：前漢,Han: Former (Western) Han,中学 歴史・高校 世界史探究,2,51,check,,True
history,歴史学,History,29学問,True,history-field-06,古代東アジア,Ancient East Asia,60,True,hist-046-s2,漢：新,Han: Xin dynasty,中学 歴史・高校 世界史探究,2,52,check,,True
history,歴史学,History,29学問,True,history-field-06,古代東アジア,Ancient East Asia,60,True,hist-046-s3,漢：後漢,Han: Later (Eastern) Han,中学 歴史・高校 世界史探究,2,53,check,,True
history,歴史学,History,29学問,True,history-field-06,古代東アジア,Ancient East Asia,60,True,hist-047,三国,Three Kingdoms,中学 歴史・高校 世界史探究,2,60,check,,True
history,歴史学,History,29学問,True,history-field-06,古代東アジア,Ancient East Asia,60,True,hist-048-s1,魏晋南北朝：西晋,"Wei, Jin and Northern-Southern Dynasties: Western Jin",中学 歴史・高校 世界史探究,2,71,check,,True
history,歴史学,History,29学問,True,history-field-06,古代東アジア,Ancient East Asia,60,True,hist-048-s2,魏晋南北朝：五胡十六国と北朝,"Wei, Jin and Northern-Southern Dynasties: Sixteen Kingdoms and Northern Dynasties",中学 歴史・高校 世界史探究,2,72,check,,True
history,歴史学,History,29学問,True,history-field-06,古代東アジア,Ancient East Asia,60,True,hist-048-s3,魏晋南北朝：東晋と南朝,"Wei, Jin and Northern-Southern Dynasties: Eastern Jin and Southern Dynasties",中学 歴史・高校 世界史探究,2,73,check,,True
history,歴史学,History,29学問,True,history-field-06,古代東アジア,Ancient East Asia,60,True,hist-048-s4,魏晋南北朝：六朝文化,"Wei, Jin and Northern-Southern Dynasties: Six Dynasties culture",中学 歴史・高校 世界史探究,2,74,check,,True
history,歴史学,History,29学問,True,history-field-06,古代東アジア,Ancient East Asia,60,True,hist-049,隋,Sui,中学 歴史・高校 世界史探究,2,80,check,,True
history,歴史学,History,29学問,True,history-field-06,古代東アジア,Ancient East Asia,60,True,hist-050,唐,Tang,中学 歴史・高校 世界史探究,2,90,check,,True
history,歴史学,History,29学問,True,history-field-06,古代東アジア,Ancient East Asia,60,True,hist-051,東アジア世界,The East Asian world,中学 歴史・高校 世界史探究,2,100,check,,True
history,歴史学,History,29学問,True,history-field-07,日本の原始古代,Prehistoric and Ancient Japan,70,True,hist-052,日本列島の旧石器時代,Paleolithic of the Japanese archipelago,小学 社会・中学 歴史・高校 日本史探究,2,10,check,,True
history,歴史学,History,29学問,True,history-field-07,日本の原始古代,Prehistoric and Ancient Japan,70,True,hist-053,縄文文化,Jomon culture,小学 社会・中学 歴史・高校 日本史探究,2,20,check,,True
history,歴史学,History,29学問,True,history-field-07,日本の原始古代,Prehistoric and Ancient Japan,70,True,hist-054,弥生文化,Yayoi culture,小学 社会・中学 歴史・高校 日本史探究,2,30,check,,True
history,歴史学,History,29学問,True,history-field-07,日本の原始古代,Prehistoric and Ancient Japan,70,True,hist-055,邪馬台国,Yamatai,小学 社会・中学 歴史・高校 日本史探究,2,40,check,,True
history,歴史学,History,29学問,True,history-field-07,日本の原始古代,Prehistoric and Ancient Japan,70,True,hist-056,古墳文化,Kofun culture,小学 社会・中学 歴史・高校 日本史探究,2,50,check,,True
history,歴史学,History,29学問,True,history-field-07,日本の原始古代,Prehistoric and Ancient Japan,70,True,hist-057,ヤマト政権,Yamato kingship,小学 社会・中学 歴史・高校 日本史探究,2,60,check,,True
history,歴史学,History,29学問,True,history-field-07,日本の原始古代,Prehistoric and Ancient Japan,70,True,hist-058,仏教伝来,Introduction of Buddhism,小学 社会・中学 歴史・高校 日本史探究,2,70,check,,True
history,歴史学,History,29学問,True,history-field-07,日本の原始古代,Prehistoric and Ancient Japan,70,True,hist-059,飛鳥時代,Asuka period,小学 社会・中学 歴史・高校 日本史探究,2,80,check,,True
history,歴史学,History,29学問,True,history-field-07,日本の原始古代,Prehistoric and Ancient Japan,70,True,hist-060,大化改新,Taika Reform,小学 社会・中学 歴史・高校 日本史探究,2,90,check,,True
history,歴史学,History,29学問,True,history-field-07,日本の原始古代,Prehistoric and Ancient Japan,70,True,hist-061,律令国家,Ritsuryo state,小学 社会・中学 歴史・高校 日本史探究,2,100,check,,True
history,歴史学,History,29学問,True,history-field-07,日本の原始古代,Prehistoric and Ancient Japan,70,True,hist-062,奈良時代,Nara period,小学 社会・中学 歴史・高校 日本史探究,2,110,check,,True
history,歴史学,History,29学問,True,history-field-07,日本の原始古代,Prehistoric and Ancient Japan,70,True,hist-063,平安京,Heian-kyo,小学 社会・中学 歴史・高校 日本史探究,2,120,check,,True
history,歴史学,History,29学問,True,history-field-07,日本の原始古代,Prehistoric and Ancient Japan,70,True,hist-064,摂関政治,Regency government (Sekkan politics),小学 社会・中学 歴史・高校 日本史探究,2,130,check,,True
history,歴史学,History,29学問,True,history-field-07,日本の原始古代,Prehistoric and Ancient Japan,70,True,hist-065,国風文化,Kokufu (national-style) culture,小学 社会・中学 歴史・高校 日本史探究,2,140,check,,True
history,歴史学,History,29学問,True,history-field-08,イスラーム世界,Islamic World,80,True,hist-066,イスラームの成立,Rise of Islam,中学 歴史・高校 世界史探究,2,10,check,,True
history,歴史学,History,29学問,True,history-field-08,イスラーム世界,Islamic World,80,True,hist-067,正統カリフ,Rashidun Caliphs,中学 歴史・高校 世界史探究,2,20,check,,True
history,歴史学,History,29学問,True,history-field-08,イスラーム世界,Islamic World,80,True,hist-068,ウマイヤ朝,Umayyad Caliphate,中学 歴史・高校 世界史探究,2,30,check,,True
history,歴史学,History,29学問,True,history-field-08,イスラーム世界,Islamic World,80,True,hist-069,アッバース朝,Abbasid Caliphate,中学 歴史・高校 世界史探究,2,40,check,,True
history,歴史学,History,29学問,True,history-field-08,イスラーム世界,Islamic World,80,True,hist-070,イスラーム文明,Islamic civilization,中学 歴史・高校 世界史探究,2,50,check,,True
history,歴史学,History,29学問,True,history-field-08,イスラーム世界,Islamic World,80,True,hist-071-s1,トルコ系王朝：カラハン朝とガズナ朝,Turkic dynasties: Kara-Khanids and Ghaznavids,中学 歴史・高校 世界史探究,2,61,check,,True
history,歴史学,History,29学問,True,history-field-08,イスラーム世界,Islamic World,80,True,hist-071-s2,トルコ系王朝：セルジューク朝,Turkic dynasties: Seljuks,中学 歴史・高校 世界史探究,2,62,check,,True
history,歴史学,History,29学問,True,history-field-08,イスラーム世界,Islamic World,80,True,hist-071-s3,トルコ系王朝：マムルーク朝,Turkic dynasties: Mamluks,中学 歴史・高校 世界史探究,2,63,check,,True
history,歴史学,History,29学問,True,history-field-08,イスラーム世界,Islamic World,80,True,hist-071-s4,トルコ系王朝：デリー・スルタン朝,Turkic dynasties: Delhi Sultanate,中学 歴史・高校 世界史探究,2,64,check,,True
history,歴史学,History,29学問,True,history-field-08,イスラーム世界,Islamic World,80,True,hist-072,オスマン帝国の成立と拡大,Rise and expansion of the Ottoman Empire,中学 歴史・高校 世界史探究,2,70,check,,True
history,歴史学,History,29学問,True,history-field-09,中世ヨーロッパ,Medieval Europe,90,True,hist-073,フランク王国,Frankish Kingdom,中学 歴史・高校 世界史探究,2,10,check,,True
history,歴史学,History,29学問,True,history-field-09,中世ヨーロッパ,Medieval Europe,90,True,hist-074,封建社会,Feudal society,中学 歴史・高校 世界史探究,2,20,check,,True
history,歴史学,History,29学問,True,history-field-09,中世ヨーロッパ,Medieval Europe,90,True,hist-075,荘園,Manors,中学 歴史・高校 世界史探究,2,30,check,,True
history,歴史学,History,29学問,True,history-field-09,中世ヨーロッパ,Medieval Europe,90,True,hist-076,教皇権,Papal power,中学 歴史・高校 世界史探究,2,40,check,,True
history,歴史学,History,29学問,True,history-field-09,中世ヨーロッパ,Medieval Europe,90,True,hist-077,十字軍,Crusades,中学 歴史・高校 世界史探究,2,50,check,,True
history,歴史学,History,29学問,True,history-field-09,中世ヨーロッパ,Medieval Europe,90,True,hist-078,都市の発達,Growth of towns,中学 歴史・高校 世界史探究,2,60,check,,True
history,歴史学,History,29学問,True,history-field-09,中世ヨーロッパ,Medieval Europe,90,True,hist-079,大学,Universities,中学 歴史・高校 世界史探究,2,70,check,,True
history,歴史学,History,29学問,True,history-field-09,中世ヨーロッパ,Medieval Europe,90,True,hist-080,百年戦争,Hundred Years' War,中学 歴史・高校 世界史探究,2,80,check,,True
history,歴史学,History,29学問,True,history-field-09,中世ヨーロッパ,Medieval Europe,90,True,hist-081,ルネサンスへの移行,Transition to the Renaissance,中学 歴史・高校 世界史探究,2,90,check,,True
history,歴史学,History,29学問,True,history-field-10,中世アジア,Medieval Asia,100,True,hist-082-s1,宋：北宋,Song: Northern Song,高校 世界史探究,2,11,check,,True
history,歴史学,History,29学問,True,history-field-10,中世アジア,Medieval Asia,100,True,hist-082-s2,宋：南宋,Song: Southern Song,高校 世界史探究,2,12,check,,True
history,歴史学,History,29学問,True,history-field-10,中世アジア,Medieval Asia,100,True,hist-082-s3,宋：宋代の社会と文化（士大夫・科挙）,"Song: society and culture (scholar-officials, civil service exams)",高校 世界史探究,2,13,check,,True
history,歴史学,History,29学問,True,history-field-10,中世アジア,Medieval Asia,100,True,hist-083,元,Yuan,高校 世界史探究,2,20,check,,True
history,歴史学,History,29学問,True,history-field-10,中世アジア,Medieval Asia,100,True,hist-084,モンゴル帝国,Mongol Empire,高校 世界史探究,2,30,check,,True
history,歴史学,History,29学問,True,history-field-10,中世アジア,Medieval Asia,100,True,hist-085,明,Ming,高校 世界史探究,2,40,check,,True
history,歴史学,History,29学問,True,history-field-10,中世アジア,Medieval Asia,100,True,hist-086,高麗,Goryeo,高校 世界史探究,2,50,check,,True
history,歴史学,History,29学問,True,history-field-10,中世アジア,Medieval Asia,100,True,hist-087,朝鮮王朝,Joseon dynasty,高校 世界史探究,2,60,check,,True
history,歴史学,History,29学問,True,history-field-10,中世アジア,Medieval Asia,100,True,hist-088-s1,東南アジア諸国：大陸部の諸王朝（アンコール・パガン・アユタヤ）,"Southeast Asian states: mainland kingdoms (Angkor, Pagan, Ayutthaya)",高校 世界史探究,2,71,check,,True
history,歴史学,History,29学問,True,history-field-10,中世アジア,Medieval Asia,100,True,hist-088-s2,東南アジア諸国：島嶼部の諸王国（シュリーヴィジャヤ・マジャパヒト）,"Southeast Asian states: island kingdoms (Srivijaya, Majapahit)",高校 世界史探究,2,72,check,,True
history,歴史学,History,29学問,True,history-field-10,中世アジア,Medieval Asia,100,True,hist-088-s3,東南アジア諸国：マラッカ王国とイスラーム化,Southeast Asian states: Malacca Sultanate and Islamization,高校 世界史探究,2,73,check,,True
history,歴史学,History,29学問,True,history-field-11,日本中世,Medieval Japan,110,True,hist-089,院政,Cloistered rule (insei),小学 社会・中学 歴史・高校 日本史探究,2,10,check,,True
history,歴史学,History,29学問,True,history-field-11,日本中世,Medieval Japan,110,True,hist-090,武士の台頭,Rise of the samurai,小学 社会・中学 歴史・高校 日本史探究,2,20,check,,True
history,歴史学,History,29学問,True,history-field-11,日本中世,Medieval Japan,110,True,hist-091,鎌倉幕府,Kamakura shogunate,小学 社会・中学 歴史・高校 日本史探究,2,30,check,,True
history,歴史学,History,29学問,True,history-field-11,日本中世,Medieval Japan,110,True,hist-092,御恩と奉公,Goon and hoko (lord-vassal obligations),小学 社会・中学 歴史・高校 日本史探究,2,40,check,,True
history,歴史学,History,29学問,True,history-field-11,日本中世,Medieval Japan,110,True,hist-093,元寇,Mongol invasions of Japan,小学 社会・中学 歴史・高校 日本史探究,2,50,check,,True
history,歴史学,History,29学問,True,history-field-11,日本中世,Medieval Japan,110,True,hist-094,鎌倉文化,Kamakura culture,小学 社会・中学 歴史・高校 日本史探究,2,60,check,,True
history,歴史学,History,29学問,True,history-field-11,日本中世,Medieval Japan,110,True,hist-095,建武の新政,Kenmu Restoration,小学 社会・中学 歴史・高校 日本史探究,2,70,check,,True
history,歴史学,History,29学問,True,history-field-11,日本中世,Medieval Japan,110,True,hist-096,室町幕府,Muromachi shogunate,小学 社会・中学 歴史・高校 日本史探究,2,80,check,,True
history,歴史学,History,29学問,True,history-field-11,日本中世,Medieval Japan,110,True,hist-097,南北朝,Northern and Southern Courts,小学 社会・中学 歴史・高校 日本史探究,2,90,check,,True
history,歴史学,History,29学問,True,history-field-11,日本中世,Medieval Japan,110,True,hist-098,日明貿易,Japan-Ming trade,小学 社会・中学 歴史・高校 日本史探究,2,100,check,,True
history,歴史学,History,29学問,True,history-field-11,日本中世,Medieval Japan,110,True,hist-099,応仁の乱,Onin War,小学 社会・中学 歴史・高校 日本史探究,2,110,check,,True
history,歴史学,History,29学問,True,history-field-11,日本中世,Medieval Japan,110,True,hist-100,戦国時代,Sengoku (Warring States) period,小学 社会・中学 歴史・高校 日本史探究,2,120,check,,True
history,歴史学,History,29学問,True,history-field-11,日本中世,Medieval Japan,110,True,hist-101,中世の村と都市,Medieval villages and towns,小学 社会・中学 歴史・高校 日本史探究,2,130,check,,True
history,歴史学,History,29学問,True,history-field-12,近世世界の形成,Formation of the Early Modern World,120,True,hist-102,大航海時代,Age of Discovery,中学 歴史・高校 世界史探究,2,10,check,,True
history,歴史学,History,29学問,True,history-field-12,近世世界の形成,Formation of the Early Modern World,120,True,hist-103,コロンブス交換,Columbian Exchange,中学 歴史・高校 世界史探究,2,20,check,,True
history,歴史学,History,29学問,True,history-field-12,近世世界の形成,Formation of the Early Modern World,120,True,hist-104-s1,スペイン・ポルトガル帝国：ポルトガル海上帝国,Spanish and Portuguese empires: Portuguese maritime empire,中学 歴史・高校 世界史探究,2,31,check,,True
history,歴史学,History,29学問,True,history-field-12,近世世界の形成,Formation of the Early Modern World,120,True,hist-104-s2,スペイン・ポルトガル帝国：スペイン帝国とアメリカ大陸征服,Spanish and Portuguese empires: Spanish Empire and the conquest of the Americas,中学 歴史・高校 世界史探究,2,32,check,,True
history,歴史学,History,29学問,True,history-field-12,近世世界の形成,Formation of the Early Modern World,120,True,hist-105-s1,宗教改革：ルターの宗教改革,Reformation: Luther's Reformation,中学 歴史・高校 世界史探究,2,41,check,,True
history,歴史学,History,29学問,True,history-field-12,近世世界の形成,Formation of the Early Modern World,120,True,hist-105-s2,宗教改革：カルヴァン派,Reformation: Calvinism,中学 歴史・高校 世界史探究,2,42,check,,True
history,歴史学,History,29学問,True,history-field-12,近世世界の形成,Formation of the Early Modern World,120,True,hist-105-s3,宗教改革：イギリス国教会の成立,Reformation: founding of the Church of England,中学 歴史・高校 世界史探究,2,43,check,,True
history,歴史学,History,29学問,True,history-field-12,近世世界の形成,Formation of the Early Modern World,120,True,hist-105-s4,宗教改革：対抗宗教改革,Reformation: Counter-Reformation,中学 歴史・高校 世界史探究,2,44,check,,True
history,歴史学,History,29学問,True,history-field-12,近世世界の形成,Formation of the Early Modern World,120,True,hist-106,主権国家,Sovereign states,中学 歴史・高校 世界史探究,2,50,check,,True
history,歴史学,History,29学問,True,history-field-12,近世世界の形成,Formation of the Early Modern World,120,True,hist-107,絶対王政,Absolute monarchy,中学 歴史・高校 世界史探究,2,60,check,,True
history,歴史学,History,29学問,True,history-field-12,近世世界の形成,Formation of the Early Modern World,120,True,hist-108,科学革命,Scientific Revolution,中学 歴史・高校 世界史探究,2,70,check,,True
history,歴史学,History,29学問,True,history-field-12,近世世界の形成,Formation of the Early Modern World,120,True,hist-109,啓蒙思想,Enlightenment,中学 歴史・高校 世界史探究,2,80,check,,True
history,歴史学,History,29学問,True,history-field-13,アジア近世帝国,Early Modern Asian Empires,130,True,hist-110-s1,明清中国：清の成立と領土拡大,Ming-Qing China: founding and territorial expansion of the Qing,高校 世界史探究,2,11,check,,True
history,歴史学,History,29学問,True,history-field-13,アジア近世帝国,Early Modern Asian Empires,130,True,hist-110-s2,明清中国：清の統治体制,Ming-Qing China: Qing system of rule,高校 世界史探究,2,12,check,,True
history,歴史学,History,29学問,True,history-field-13,アジア近世帝国,Early Modern Asian Empires,130,True,hist-110-s3,明清中国：明清期の社会と経済,Ming-Qing China: society and economy in the Ming-Qing era,高校 世界史探究,2,13,check,,True
history,歴史学,History,29学問,True,history-field-13,アジア近世帝国,Early Modern Asian Empires,130,True,hist-111,ムガル帝国,Mughal Empire,高校 世界史探究,2,20,check,,True
history,歴史学,History,29学問,True,history-field-13,アジア近世帝国,Early Modern Asian Empires,130,True,hist-112,オスマン帝国,Ottoman Empire,高校 世界史探究,2,30,check,,True
history,歴史学,History,29学問,True,history-field-13,アジア近世帝国,Early Modern Asian Empires,130,True,hist-113,サファヴィー朝,Safavid dynasty,高校 世界史探究,2,40,check,,True
history,歴史学,History,29学問,True,history-field-13,アジア近世帝国,Early Modern Asian Empires,130,True,hist-114,東南アジア交易圏,Southeast Asian trade networks,高校 世界史探究,2,50,check,,True
history,歴史学,History,29学問,True,history-field-14,日本近世,Early Modern Japan,140,True,hist-115,織田信長,Oda Nobunaga,小学 社会・中学 歴史・高校 日本史探究,2,10,check,,True
history,歴史学,History,29学問,True,history-field-14,日本近世,Early Modern Japan,140,True,hist-116,豊臣秀吉,Toyotomi Hideyoshi,小学 社会・中学 歴史・高校 日本史探究,2,20,check,,True
history,歴史学,History,29学問,True,history-field-14,日本近世,Early Modern Japan,140,True,hist-117,天下統一,Unification of Japan,小学 社会・中学 歴史・高校 日本史探究,2,30,check,,True
history,歴史学,History,29学問,True,history-field-14,日本近世,Early Modern Japan,140,True,hist-118,江戸幕府,Edo shogunate,小学 社会・中学 歴史・高校 日本史探究,2,40,check,,True
history,歴史学,History,29学問,True,history-field-14,日本近世,Early Modern Japan,140,True,hist-119,幕藩体制,Bakuhan system,小学 社会・中学 歴史・高校 日本史探究,2,50,check,,True
history,歴史学,History,29学問,True,history-field-14,日本近世,Early Modern Japan,140,True,hist-120,身分制,Status system,小学 社会・中学 歴史・高校 日本史探究,2,60,check,,True
history,歴史学,History,29学問,True,history-field-14,日本近世,Early Modern Japan,140,True,hist-121,鎖国と対外関係,Sakoku and foreign relations,小学 社会・中学 歴史・高校 日本史探究,2,70,check,,True
history,歴史学,History,29学問,True,history-field-14,日本近世,Early Modern Japan,140,True,hist-122,農村と都市,Villages and cities,小学 社会・中学 歴史・高校 日本史探究,2,80,check,,True
history,歴史学,History,29学問,True,history-field-14,日本近世,Early Modern Japan,140,True,hist-123,商品経済,Commercial economy,小学 社会・中学 歴史・高校 日本史探究,2,90,check,,True
history,歴史学,History,29学問,True,history-field-14,日本近世,Early Modern Japan,140,True,hist-124,元禄文化,Genroku culture,小学 社会・中学 歴史・高校 日本史探究,2,100,check,,True
history,歴史学,History,29学問,True,history-field-14,日本近世,Early Modern Japan,140,True,hist-125,享保の改革,Kyoho Reforms,小学 社会・中学 歴史・高校 日本史探究,2,110,check,,True
history,歴史学,History,29学問,True,history-field-14,日本近世,Early Modern Japan,140,True,hist-126,田沼政治,Tanuma politics,小学 社会・中学 歴史・高校 日本史探究,2,120,check,,True
history,歴史学,History,29学問,True,history-field-14,日本近世,Early Modern Japan,140,True,hist-127,寛政の改革,Kansei Reforms,小学 社会・中学 歴史・高校 日本史探究,2,130,check,,True
history,歴史学,History,29学問,True,history-field-14,日本近世,Early Modern Japan,140,True,hist-128,天保の改革,Tenpo Reforms,小学 社会・中学 歴史・高校 日本史探究,2,140,check,,True
history,歴史学,History,29学問,True,history-field-14,日本近世,Early Modern Japan,140,True,hist-129,化政文化,Kasei culture,小学 社会・中学 歴史・高校 日本史探究,2,150,check,,True
history,歴史学,History,29学問,True,history-field-14,日本近世,Early Modern Japan,140,True,hist-130-s1,幕末：ペリー来航と開国,Bakumatsu: Perry's arrival and the opening of Japan,小学 社会・中学 歴史・高校 日本史探究,2,161,check,,True
history,歴史学,History,29学問,True,history-field-14,日本近世,Early Modern Japan,140,True,hist-130-s2,幕末：尊王攘夷運動,"Bakumatsu: sonno joi (revere the emperor, expel the barbarians) movement",小学 社会・中学 歴史・高校 日本史探究,2,162,check,,True
history,歴史学,History,29学問,True,history-field-14,日本近世,Early Modern Japan,140,True,hist-130-s3,幕末：倒幕と大政奉還,Bakumatsu: overthrow of the shogunate and restoration of imperial rule,小学 社会・中学 歴史・高校 日本史探究,2,163,check,,True
history,歴史学,History,29学問,True,history-field-15,革命と産業化,Revolution and Industrialization,150,True,hist-131-s1,イギリス革命：ピューリタン革命,English revolutions: Puritan Revolution,中学 歴史・高校 歴史総合・世界史探究,2,11,check,,True
history,歴史学,History,29学問,True,history-field-15,革命と産業化,Revolution and Industrialization,150,True,hist-131-s2,イギリス革命：名誉革命,English revolutions: Glorious Revolution,中学 歴史・高校 歴史総合・世界史探究,2,12,check,,True
history,歴史学,History,29学問,True,history-field-15,革命と産業化,Revolution and Industrialization,150,True,hist-132,アメリカ独立革命,American Revolution,中学 歴史・高校 歴史総合・世界史探究,2,20,check,,True
history,歴史学,History,29学問,True,history-field-15,革命と産業化,Revolution and Industrialization,150,True,hist-133-s1,フランス革命：革命の勃発と人権宣言,French Revolution: outbreak and the Declaration of the Rights of Man,中学 歴史・高校 歴史総合・世界史探究,2,31,check,,True
history,歴史学,History,29学問,True,history-field-15,革命と産業化,Revolution and Industrialization,150,True,hist-133-s2,フランス革命：立憲王政から共和政へ,French Revolution: from constitutional monarchy to republic,中学 歴史・高校 歴史総合・世界史探究,2,32,check,,True
history,歴史学,History,29学問,True,history-field-15,革命と産業化,Revolution and Industrialization,150,True,hist-133-s3,フランス革命：ジャコバン独裁,French Revolution: Jacobin dictatorship,中学 歴史・高校 歴史総合・世界史探究,2,33,check,,True
history,歴史学,History,29学問,True,history-field-15,革命と産業化,Revolution and Industrialization,150,True,hist-133-s4,フランス革命：テルミドール反動と総裁政府,French Revolution: Thermidorian Reaction and the Directory,中学 歴史・高校 歴史総合・世界史探究,2,34,check,,True
history,歴史学,History,29学問,True,history-field-15,革命と産業化,Revolution and Industrialization,150,True,hist-134,ナポレオン,Napoleon,中学 歴史・高校 歴史総合・世界史探究,2,40,check,,True
history,歴史学,History,29学問,True,history-field-15,革命と産業化,Revolution and Industrialization,150,True,hist-135,産業革命,Industrial Revolution,中学 歴史・高校 歴史総合・世界史探究,2,50,check,,True
history,歴史学,History,29学問,True,history-field-15,革命と産業化,Revolution and Industrialization,150,True,hist-136,資本主義,Capitalism,中学 歴史・高校 歴史総合・世界史探究,2,60,check,,True
history,歴史学,History,29学問,True,history-field-15,革命と産業化,Revolution and Industrialization,150,True,hist-137,労働運動,Labor movement,中学 歴史・高校 歴史総合・世界史探究,2,70,check,,True
history,歴史学,History,29学問,True,history-field-15,革命と産業化,Revolution and Industrialization,150,True,hist-138,社会主義,Socialism,中学 歴史・高校 歴史総合・世界史探究,2,80,check,,True
history,歴史学,History,29学問,True,history-field-16,19世紀世界,The 19th-Century World,160,True,hist-139,ウィーン体制,Vienna system,中学 歴史・高校 世界史探究,2,10,check,,True
history,歴史学,History,29学問,True,history-field-16,19世紀世界,The 19th-Century World,160,True,hist-140,1848年革命,Revolutions of 1848,中学 歴史・高校 世界史探究,2,20,check,,True
history,歴史学,History,29学問,True,history-field-16,19世紀世界,The 19th-Century World,160,True,hist-141,国民国家,Nation-states,中学 歴史・高校 世界史探究,2,30,check,,True
history,歴史学,History,29学問,True,history-field-16,19世紀世界,The 19th-Century World,160,True,hist-142,イタリア統一,Italian unification,中学 歴史・高校 世界史探究,2,40,check,,True
history,歴史学,History,29学問,True,history-field-16,19世紀世界,The 19th-Century World,160,True,hist-143,ドイツ統一,German unification,中学 歴史・高校 世界史探究,2,50,check,,True
history,歴史学,History,29学問,True,history-field-16,19世紀世界,The 19th-Century World,160,True,hist-144,帝国主義,Imperialism,中学 歴史・高校 世界史探究,2,60,check,,True
history,歴史学,History,29学問,True,history-field-16,19世紀世界,The 19th-Century World,160,True,hist-145,植民地化,Colonization,中学 歴史・高校 世界史探究,2,70,check,,True
history,歴史学,History,29学問,True,history-field-16,19世紀世界,The 19th-Century World,160,True,hist-146,アメリカ南北戦争,American Civil War,中学 歴史・高校 世界史探究,2,80,check,,True
history,歴史学,History,29学問,True,history-field-17,近代アジア,Modern Asia,170,True,hist-147,アヘン戦争,Opium Wars,中学 歴史・高校 世界史探究,2,10,check,,True
history,歴史学,History,29学問,True,history-field-17,近代アジア,Modern Asia,170,True,hist-148,太平天国,Taiping Heavenly Kingdom,中学 歴史・高校 世界史探究,2,20,check,,True
history,歴史学,History,29学問,True,history-field-17,近代アジア,Modern Asia,170,True,hist-149,洋務運動,Self-Strengthening Movement,中学 歴史・高校 世界史探究,2,30,check,,True
history,歴史学,History,29学問,True,history-field-17,近代アジア,Modern Asia,170,True,hist-150,辛亥革命,Xinhai Revolution,中学 歴史・高校 世界史探究,2,40,check,,True
history,歴史学,History,29学問,True,history-field-17,近代アジア,Modern Asia,170,True,hist-151,インド植民地支配,Colonial rule in India,中学 歴史・高校 世界史探究,2,50,check,,True
history,歴史学,History,29学問,True,history-field-17,近代アジア,Modern Asia,170,True,hist-152,東南アジア植民地化,Colonization of Southeast Asia,中学 歴史・高校 世界史探究,2,60,check,,True
history,歴史学,History,29学問,True,history-field-18,明治日本,Meiji Japan,180,True,hist-153,開国,Opening of the country,小学 社会・中学 歴史・高校 日本史探究,2,10,check,,True
history,歴史学,History,29学問,True,history-field-18,明治日本,Meiji Japan,180,True,hist-154,明治維新,Meiji Restoration,小学 社会・中学 歴史・高校 日本史探究,2,20,check,,True
history,歴史学,History,29学問,True,history-field-18,明治日本,Meiji Japan,180,True,hist-155,廃藩置県,Abolition of the han system,小学 社会・中学 歴史・高校 日本史探究,2,30,check,,True
history,歴史学,History,29学問,True,history-field-18,明治日本,Meiji Japan,180,True,hist-156,徴兵制,Conscription,小学 社会・中学 歴史・高校 日本史探究,2,40,check,,True
history,歴史学,History,29学問,True,history-field-18,明治日本,Meiji Japan,180,True,hist-157,地租改正,Land tax reform,小学 社会・中学 歴史・高校 日本史探究,2,50,check,,True
history,歴史学,History,29学問,True,history-field-18,明治日本,Meiji Japan,180,True,hist-158,文明開化,Civilization and enlightenment (bunmei kaika),小学 社会・中学 歴史・高校 日本史探究,2,60,check,,True
history,歴史学,History,29学問,True,history-field-18,明治日本,Meiji Japan,180,True,hist-159,殖産興業,Promotion of industry (shokusan kogyo),小学 社会・中学 歴史・高校 日本史探究,2,70,check,,True
history,歴史学,History,29学問,True,history-field-18,明治日本,Meiji Japan,180,True,hist-160,自由民権運動,Freedom and People's Rights Movement,小学 社会・中学 歴史・高校 日本史探究,2,80,check,,True
history,歴史学,History,29学問,True,history-field-18,明治日本,Meiji Japan,180,True,hist-161,大日本帝国憲法,Meiji Constitution,小学 社会・中学 歴史・高校 日本史探究,2,90,check,,True
history,歴史学,History,29学問,True,history-field-18,明治日本,Meiji Japan,180,True,hist-162,帝国議会,Imperial Diet,小学 社会・中学 歴史・高校 日本史探究,2,100,check,,True
history,歴史学,History,29学問,True,history-field-18,明治日本,Meiji Japan,180,True,hist-163,日清戦争,First Sino-Japanese War,小学 社会・中学 歴史・高校 日本史探究,2,110,check,,True
history,歴史学,History,29学問,True,history-field-18,明治日本,Meiji Japan,180,True,hist-164,日露戦争,Russo-Japanese War,小学 社会・中学 歴史・高校 日本史探究,2,120,check,,True
history,歴史学,History,29学問,True,history-field-18,明治日本,Meiji Japan,180,True,hist-165,韓国併合,Annexation of Korea,小学 社会・中学 歴史・高校 日本史探究,2,130,check,,True
history,歴史学,History,29学問,True,history-field-18,明治日本,Meiji Japan,180,True,hist-166,日本の産業革命,Japan's industrial revolution,小学 社会・中学 歴史・高校 日本史探究,2,140,check,,True
history,歴史学,History,29学問,True,history-field-19,第一次世界大戦,World War I,190,True,hist-167,第一次世界大戦の原因,Causes of World War I,中学 歴史・高校 歴史総合,2,10,check,,True
history,歴史学,History,29学問,True,history-field-19,第一次世界大戦,World War I,190,True,hist-168,総力戦,Total war,中学 歴史・高校 歴史総合,2,20,check,,True
history,歴史学,History,29学問,True,history-field-19,第一次世界大戦,World War I,190,True,hist-169,ロシア革命,Russian Revolution,中学 歴史・高校 歴史総合,2,30,check,,True
history,歴史学,History,29学問,True,history-field-19,第一次世界大戦,World War I,190,True,hist-170,ヴェルサイユ体制,Versailles system,中学 歴史・高校 歴史総合,2,40,check,,True
history,歴史学,History,29学問,True,history-field-19,第一次世界大戦,World War I,190,True,hist-171,民族自決,National self-determination,中学 歴史・高校 歴史総合,2,50,check,,True
history,歴史学,History,29学問,True,history-field-19,第一次世界大戦,World War I,190,True,hist-172,国際連盟,League of Nations,中学 歴史・高校 歴史総合,2,60,check,,True
history,歴史学,History,29学問,True,history-field-20,戦間期,Interwar Period,200,True,hist-173,大衆社会,Mass society,中学 歴史・高校 歴史総合,2,10,check,,True
history,歴史学,History,29学問,True,history-field-20,戦間期,Interwar Period,200,True,hist-174,世界恐慌,Great Depression,中学 歴史・高校 歴史総合,2,20,check,,True
history,歴史学,History,29学問,True,history-field-20,戦間期,Interwar Period,200,True,hist-175,ファシズム,Fascism,中学 歴史・高校 歴史総合,2,30,check,,True
history,歴史学,History,29学問,True,history-field-20,戦間期,Interwar Period,200,True,hist-176,ナチズム,Nazism,中学 歴史・高校 歴史総合,2,40,check,,True
history,歴史学,History,29学問,True,history-field-20,戦間期,Interwar Period,200,True,hist-177,スターリン体制,Stalinist regime,中学 歴史・高校 歴史総合,2,50,check,,True
history,歴史学,History,29学問,True,history-field-20,戦間期,Interwar Period,200,True,hist-178,ニューディール,New Deal,中学 歴史・高校 歴史総合,2,60,check,,True
history,歴史学,History,29学問,True,history-field-20,戦間期,Interwar Period,200,True,hist-179,中国国民革命,Chinese Nationalist Revolution,中学 歴史・高校 歴史総合,2,70,check,,True
history,歴史学,History,29学問,True,history-field-21,大正・昭和前期日本,Taisho and Early Showa Japan,210,True,hist-180,大正デモクラシー,Taisho Democracy,中学 歴史・高校 日本史探究,2,10,check,,True
history,歴史学,History,29学問,True,history-field-21,大正・昭和前期日本,Taisho and Early Showa Japan,210,True,hist-181,普通選挙,Universal male suffrage,中学 歴史・高校 日本史探究,2,20,check,,True
history,歴史学,History,29学問,True,history-field-21,大正・昭和前期日本,Taisho and Early Showa Japan,210,True,hist-182,政党政治,Party politics,中学 歴史・高校 日本史探究,2,30,check,,True
history,歴史学,History,29学問,True,history-field-21,大正・昭和前期日本,Taisho and Early Showa Japan,210,True,hist-183,関東大震災,Great Kanto Earthquake,中学 歴史・高校 日本史探究,2,40,check,,True
history,歴史学,History,29学問,True,history-field-21,大正・昭和前期日本,Taisho and Early Showa Japan,210,True,hist-184,昭和恐慌,Showa Depression,中学 歴史・高校 日本史探究,2,50,check,,True
history,歴史学,History,29学問,True,history-field-21,大正・昭和前期日本,Taisho and Early Showa Japan,210,True,hist-185,満州事変,Manchurian Incident,中学 歴史・高校 日本史探究,2,60,check,,True
history,歴史学,History,29学問,True,history-field-21,大正・昭和前期日本,Taisho and Early Showa Japan,210,True,hist-186,軍部の台頭,Rise of the military,中学 歴史・高校 日本史探究,2,70,check,,True
history,歴史学,History,29学問,True,history-field-21,大正・昭和前期日本,Taisho and Early Showa Japan,210,True,hist-187,日中戦争,Second Sino-Japanese War,中学 歴史・高校 日本史探究,2,80,check,,True
history,歴史学,History,29学問,True,history-field-22,第二次世界大戦,World War II,220,True,hist-188,第二次世界大戦の開戦,Outbreak of World War II,中学 歴史・高校 歴史総合,2,10,check,,True
history,歴史学,History,29学問,True,history-field-22,第二次世界大戦,World War II,220,True,hist-189,ヨーロッパ戦線,European theater,中学 歴史・高校 歴史総合,2,20,check,,True
history,歴史学,History,29学問,True,history-field-22,第二次世界大戦,World War II,220,True,hist-190,アジア太平洋戦争,Asia-Pacific War,中学 歴史・高校 歴史総合,2,30,check,,True
history,歴史学,History,29学問,True,history-field-22,第二次世界大戦,World War II,220,True,hist-191,ホロコースト,The Holocaust,中学 歴史・高校 歴史総合,2,40,check,,True
history,歴史学,History,29学問,True,history-field-22,第二次世界大戦,World War II,220,True,hist-192,総力戦と民間人,Total war and civilians,中学 歴史・高校 歴史総合,2,50,check,,True
history,歴史学,History,29学問,True,history-field-22,第二次世界大戦,World War II,220,True,hist-193,原子爆弾,Atomic bombs,中学 歴史・高校 歴史総合,2,60,check,,True
history,歴史学,History,29学問,True,history-field-22,第二次世界大戦,World War II,220,True,hist-194,日本の敗戦,Japan's defeat,中学 歴史・高校 歴史総合,2,70,check,,True
history,歴史学,History,29学問,True,history-field-23,戦後世界,Postwar World,230,True,hist-195,国際連合,United Nations,中学 歴史・高校 歴史総合,2,10,check,,True
history,歴史学,History,29学問,True,history-field-23,戦後世界,Postwar World,230,True,hist-196-s1,冷戦：起源（トルーマン・ドクトリン・マーシャル・プラン）,"Cold War: origins (Truman Doctrine, Marshall Plan)",中学 歴史・高校 歴史総合,2,21,check,,True
history,歴史学,History,29学問,True,history-field-23,戦後世界,Postwar World,230,True,hist-196-s2,冷戦：キューバ危機,Cold War: Cuban Missile Crisis,中学 歴史・高校 歴史総合,2,22,check,,True
history,歴史学,History,29学問,True,history-field-23,戦後世界,Postwar World,230,True,hist-196-s3,冷戦：デタント,Cold War: détente,中学 歴史・高校 歴史総合,2,23,check,,True
history,歴史学,History,29学問,True,history-field-23,戦後世界,Postwar World,230,True,hist-197,東西対立,East-West confrontation,中学 歴史・高校 歴史総合,2,30,check,,True
history,歴史学,History,29学問,True,history-field-23,戦後世界,Postwar World,230,True,hist-198,朝鮮戦争,Korean War,中学 歴史・高校 歴史総合,2,40,check,,True
history,歴史学,History,29学問,True,history-field-23,戦後世界,Postwar World,230,True,hist-199,ベトナム戦争,Vietnam War,中学 歴史・高校 歴史総合,2,50,check,,True
history,歴史学,History,29学問,True,history-field-23,戦後世界,Postwar World,230,True,hist-200-s1,中華人民共和国：建国と社会主義化,People's Republic of China: founding and socialist transformation,中学 歴史・高校 歴史総合,2,61,check,,True
history,歴史学,History,29学問,True,history-field-23,戦後世界,Postwar World,230,True,hist-200-s2,中華人民共和国：大躍進政策,People's Republic of China: Great Leap Forward,中学 歴史・高校 歴史総合,2,62,check,,True
history,歴史学,History,29学問,True,history-field-23,戦後世界,Postwar World,230,True,hist-200-s3,中華人民共和国：文化大革命,People's Republic of China: Cultural Revolution,中学 歴史・高校 歴史総合,2,63,check,,True
history,歴史学,History,29学問,True,history-field-23,戦後世界,Postwar World,230,True,hist-201,脱植民地化,Decolonization,中学 歴史・高校 歴史総合,2,70,check,,True
history,歴史学,History,29学問,True,history-field-23,戦後世界,Postwar World,230,True,hist-202,第三世界,Third World,中学 歴史・高校 歴史総合,2,80,check,,True
history,歴史学,History,29学問,True,history-field-23,戦後世界,Postwar World,230,True,hist-203,ヨーロッパ統合,European integration,中学 歴史・高校 歴史総合,2,90,check,,True
history,歴史学,History,29学問,True,history-field-24,戦後日本,Postwar Japan,240,True,hist-204,占領改革,Occupation reforms,小学 社会・中学 歴史・高校 日本史探究,2,10,check,,True
history,歴史学,History,29学問,True,history-field-24,戦後日本,Postwar Japan,240,True,hist-205,日本国憲法,Constitution of Japan,小学 社会・中学 歴史・高校 日本史探究,2,20,check,,True
history,歴史学,History,29学問,True,history-field-24,戦後日本,Postwar Japan,240,True,hist-206,農地改革,Land reform,小学 社会・中学 歴史・高校 日本史探究,2,30,check,,True
history,歴史学,History,29学問,True,history-field-24,戦後日本,Postwar Japan,240,True,hist-207,サンフランシスコ平和条約,San Francisco Peace Treaty,小学 社会・中学 歴史・高校 日本史探究,2,40,check,,True
history,歴史学,History,29学問,True,history-field-24,戦後日本,Postwar Japan,240,True,hist-208,高度経済成長,High economic growth,小学 社会・中学 歴史・高校 日本史探究,2,50,check,,True
history,歴史学,History,29学問,True,history-field-24,戦後日本,Postwar Japan,240,True,hist-209,安保体制,US-Japan security system,小学 社会・中学 歴史・高校 日本史探究,2,60,check,,True
history,歴史学,History,29学問,True,history-field-24,戦後日本,Postwar Japan,240,True,hist-210,公害,Industrial pollution,小学 社会・中学 歴史・高校 日本史探究,2,70,check,,True
history,歴史学,History,29学問,True,history-field-24,戦後日本,Postwar Japan,240,True,hist-211,石油危機,Oil crises,小学 社会・中学 歴史・高校 日本史探究,2,80,check,,True
history,歴史学,History,29学問,True,history-field-24,戦後日本,Postwar Japan,240,True,hist-212,バブル経済,Bubble economy,小学 社会・中学 歴史・高校 日本史探究,2,90,check,,True
history,歴史学,History,29学問,True,history-field-24,戦後日本,Postwar Japan,240,True,hist-213,バブル崩壊,Collapse of the bubble,小学 社会・中学 歴史・高校 日本史探究,2,100,check,,True
history,歴史学,History,29学問,True,history-field-25,現代世界,Contemporary World,250,True,hist-214,冷戦終結,End of the Cold War,高校 歴史総合・世界史探究,2,10,check,,True
history,歴史学,History,29学問,True,history-field-25,現代世界,Contemporary World,250,True,hist-215,ソ連崩壊,Collapse of the Soviet Union,高校 歴史総合・世界史探究,2,20,check,,True
history,歴史学,History,29学問,True,history-field-25,現代世界,Contemporary World,250,True,hist-216,グローバル化,Globalization,高校 歴史総合・世界史探究,2,30,check,,True
history,歴史学,History,29学問,True,history-field-25,現代世界,Contemporary World,250,True,hist-217,EU,EU,高校 歴史総合・世界史探究,2,40,check,,True
history,歴史学,History,29学問,True,history-field-25,現代世界,Contemporary World,250,True,hist-218,中国の改革開放,China's reform and opening up,高校 歴史総合・世界史探究,2,50,check,,True
history,歴史学,History,29学問,True,history-field-25,現代世界,Contemporary World,250,True,hist-219-s1,中東紛争：パレスチナ問題と中東戦争,Middle East conflicts: the Palestine question and the Arab-Israeli wars,高校 歴史総合・世界史探究,2,61,check,,True
history,歴史学,History,29学問,True,history-field-25,現代世界,Contemporary World,250,True,hist-219-s2,中東紛争：イラン革命,Middle East conflicts: Iranian Revolution,高校 歴史総合・世界史探究,2,62,check,,True
history,歴史学,History,29学問,True,history-field-25,現代世界,Contemporary World,250,True,hist-219-s3,中東紛争：湾岸戦争とイラク戦争,Middle East conflicts: Gulf War and Iraq War,高校 歴史総合・世界史探究,2,63,check,,True
history,歴史学,History,29学問,True,history-field-25,現代世界,Contemporary World,250,True,hist-220,テロとの戦い,War on Terror,高校 歴史総合・世界史探究,2,70,check,,True
history,歴史学,History,29学問,True,history-field-25,現代世界,Contemporary World,250,True,hist-221,情報革命,Information revolution,高校 歴史総合・世界史探究,2,80,check,,True
history,歴史学,History,29学問,True,history-field-25,現代世界,Contemporary World,250,True,hist-222,気候変動と歴史,Climate change and history,高校 歴史総合・世界史探究,2,90,check,,True
history,歴史学,History,29学問,True,history-field-26,テーマ史,Thematic History,260,True,hist-223,環境史,Environmental history,高校 歴史総合・大学教養,2,10,check,,True
history,歴史学,History,29学問,True,history-field-26,テーマ史,Thematic History,260,True,hist-224,経済史,Economic history,高校 歴史総合・大学教養,2,20,check,,True
history,歴史学,History,29学問,True,history-field-26,テーマ史,Thematic History,260,True,hist-225,社会史,Social history,高校 歴史総合・大学教養,2,30,check,,True
history,歴史学,History,29学問,True,history-field-26,テーマ史,Thematic History,260,True,hist-226,文化史,Cultural history,高校 歴史総合・大学教養,2,40,check,,True
history,歴史学,History,29学問,True,history-field-26,テーマ史,Thematic History,260,True,hist-227,ジェンダー史,Gender history,高校 歴史総合・大学教養,2,50,check,,True
history,歴史学,History,29学問,True,history-field-26,テーマ史,Thematic History,260,True,hist-228,科学技術史,History of science and technology,高校 歴史総合・大学教養,2,60,check,,True
history,歴史学,History,29学問,True,history-field-26,テーマ史,Thematic History,260,True,hist-229,宗教史,History of religion,高校 歴史総合・大学教養,2,70,check,,True
history,歴史学,History,29学問,True,history-field-26,テーマ史,Thematic History,260,True,hist-230,都市史,Urban history,高校 歴史総合・大学教養,2,80,check,,True
history,歴史学,History,29学問,True,history-field-26,テーマ史,Thematic History,260,True,hist-231,帝国史,Imperial history,高校 歴史総合・大学教養,2,90,check,,True
history,歴史学,History,29学問,True,history-field-26,テーマ史,Thematic History,260,True,hist-232,移民史,History of migration,高校 歴史総合・大学教養,2,100,check,,True
history,歴史学,History,29学問,True,history-field-26,テーマ史,Thematic History,260,True,hist-233,感染症の歴史,History of infectious diseases,高校 歴史総合・大学教養,2,110,check,,True
history,歴史学,History,29学問,True,history-field-26,テーマ史,Thematic History,260,True,hist-234,食の歴史,History of food,高校 歴史総合・大学教養,2,120,check,,True
history,歴史学,History,29学問,True,history-field-27,歴史認識,Historical Consciousness,270,True,hist-235,記憶と歴史,Memory and history,高校 歴史総合・大学教養,2,10,check,,True
history,歴史学,History,29学問,True,history-field-27,歴史認識,Historical Consciousness,270,True,hist-236,歴史教育,History education,高校 歴史総合・大学教養,2,20,check,,True
history,歴史学,History,29学問,True,history-field-27,歴史認識,Historical Consciousness,270,True,hist-237,ナショナル・ヒストリー,National history,高校 歴史総合・大学教養,2,30,check,,True
history,歴史学,History,29学問,True,history-field-27,歴史認識,Historical Consciousness,270,True,hist-238,植民地主義の記憶,Memory of colonialism,高校 歴史総合・大学教養,2,40,check,,True
history,歴史学,History,29学問,True,history-field-27,歴史認識,Historical Consciousness,270,True,hist-239,戦争責任,War responsibility,高校 歴史総合・大学教養,2,50,check,,True
history,歴史学,History,29学問,True,history-field-27,歴史認識,Historical Consciousness,270,True,hist-240,文化遺産,Cultural heritage,高校 歴史総合・大学教養,2,60,check,,True
history,歴史学,History,29学問,True,history-field-27,歴史認識,Historical Consciousness,270,True,hist-241,歴史修正主義,Historical revisionism,高校 歴史総合・大学教養,2,70,check,,True
history,歴史学,History,29学問,True,history-field-27,歴史認識,Historical Consciousness,270,True,hist-242,公共史,Public history,高校 歴史総合・大学教養,2,80,check,,True
geography,地理学,Geography,29学問,True,geography-field-01,地理学の基礎,Foundations of Geography,10,True,geo-001,場所,Place,小学 社会・中学 地理・高校 地理総合,2,10,check,,True
geography,地理学,Geography,29学問,True,geography-field-01,地理学の基礎,Foundations of Geography,10,True,geo-002,位置,Location,小学 社会・中学 地理・高校 地理総合,2,20,check,,True
geography,地理学,Geography,29学問,True,geography-field-01,地理学の基礎,Foundations of Geography,10,True,geo-003,地域,Region,小学 社会・中学 地理・高校 地理総合,2,30,check,,True
geography,地理学,Geography,29学問,True,geography-field-01,地理学の基礎,Foundations of Geography,10,True,geo-004,空間,Space,小学 社会・中学 地理・高校 地理総合,2,40,check,,True
geography,地理学,Geography,29学問,True,geography-field-01,地理学の基礎,Foundations of Geography,10,True,geo-005,スケール,Scale,小学 社会・中学 地理・高校 地理総合,2,50,check,,True
geography,地理学,Geography,29学問,True,geography-field-01,地理学の基礎,Foundations of Geography,10,True,geo-006,地域性,Regional character,小学 社会・中学 地理・高校 地理総合,2,60,check,,True
geography,地理学,Geography,29学問,True,geography-field-01,地理学の基礎,Foundations of Geography,10,True,geo-007,地理的見方・考え方,Geographical perspectives and thinking,小学 社会・中学 地理・高校 地理総合,2,70,check,,True
geography,地理学,Geography,29学問,True,geography-field-01,地理学の基礎,Foundations of Geography,10,True,geo-008,フィールドワーク,Fieldwork,小学 社会・中学 地理・高校 地理総合,2,80,check,,True
geography,地理学,Geography,29学問,True,geography-field-02,地図,Maps,20,True,geo-009,方位,Directions,小学 社会・中学 地理・高校 地理総合,2,10,check,,True
geography,地理学,Geography,29学問,True,geography-field-02,地図,Maps,20,True,geo-010,縮尺,Map scale,小学 社会・中学 地理・高校 地理総合,2,20,check,,True
geography,地理学,Geography,29学問,True,geography-field-02,地図,Maps,20,True,geo-011,地図記号,Map symbols,小学 社会・中学 地理・高校 地理総合,2,30,check,,True
geography,地理学,Geography,29学問,True,geography-field-02,地図,Maps,20,True,geo-012,等高線,Contour lines,小学 社会・中学 地理・高校 地理総合,2,40,check,,True
geography,地理学,Geography,29学問,True,geography-field-02,地図,Maps,20,True,geo-013,地形図,Topographic maps,小学 社会・中学 地理・高校 地理総合,2,50,check,,True
geography,地理学,Geography,29学問,True,geography-field-02,地図,Maps,20,True,geo-014,主題図,Thematic maps,小学 社会・中学 地理・高校 地理総合,2,60,check,,True
geography,地理学,Geography,29学問,True,geography-field-02,地図,Maps,20,True,geo-015,緯度と経度,Latitude and longitude,小学 社会・中学 地理・高校 地理総合,2,70,check,,True
geography,地理学,Geography,29学問,True,geography-field-02,地図,Maps,20,True,geo-016,時差,Time differences,小学 社会・中学 地理・高校 地理総合,2,80,check,,True
geography,地理学,Geography,29学問,True,geography-field-02,地図,Maps,20,True,geo-017,地図投影法,Map projections,小学 社会・中学 地理・高校 地理総合,2,90,check,,True
geography,地理学,Geography,29学問,True,geography-field-03,GIS,GIS,30,True,geo-018,地理情報システム,Geographic information systems,高校 地理総合,2,10,check,,True
geography,地理学,Geography,29学問,True,geography-field-03,GIS,GIS,30,True,geo-019,位置情報,Location data,高校 地理総合,2,20,check,,True
geography,地理学,Geography,29学問,True,geography-field-03,GIS,GIS,30,True,geo-020,レイヤ,Layers,高校 地理総合,2,30,check,,True
geography,地理学,Geography,29学問,True,geography-field-03,GIS,GIS,30,True,geo-021,空間データ,Spatial data,高校 地理総合,2,40,check,,True
geography,地理学,Geography,29学問,True,geography-field-03,GIS,GIS,30,True,geo-022,属性データ,Attribute data,高校 地理総合,2,50,check,,True
geography,地理学,Geography,29学問,True,geography-field-03,GIS,GIS,30,True,geo-023,GPS,GPS,高校 地理総合,2,60,check,,True
geography,地理学,Geography,29学問,True,geography-field-03,GIS,GIS,30,True,geo-024,リモートセンシング,Remote sensing,高校 地理総合,2,70,check,,True
geography,地理学,Geography,29学問,True,geography-field-03,GIS,GIS,30,True,geo-025,GISによる分析,Analysis with GIS,高校 地理総合,2,80,check,,True
geography,地理学,Geography,29学問,True,geography-field-04,地形,Landforms,40,True,geo-026,プレートテクトニクス,Plate tectonics,中学 理科・高校 地理探究,2,10,check,,True
geography,地理学,Geography,29学問,True,geography-field-04,地形,Landforms,40,True,geo-027,山地,Mountains,中学 理科・高校 地理探究,2,20,check,,True
geography,地理学,Geography,29学問,True,geography-field-04,地形,Landforms,40,True,geo-028,火山地形,Volcanic landforms,中学 理科・高校 地理探究,2,30,check,,True
geography,地理学,Geography,29学問,True,geography-field-04,地形,Landforms,40,True,geo-029,河川地形,Fluvial landforms,中学 理科・高校 地理探究,2,40,check,,True
geography,地理学,Geography,29学問,True,geography-field-04,地形,Landforms,40,True,geo-030,扇状地,Alluvial fans,中学 理科・高校 地理探究,2,50,check,,True
geography,地理学,Geography,29学問,True,geography-field-04,地形,Landforms,40,True,geo-031,氾濫原,Floodplains,中学 理科・高校 地理探究,2,60,check,,True
geography,地理学,Geography,29学問,True,geography-field-04,地形,Landforms,40,True,geo-032,三角州,Deltas,中学 理科・高校 地理探究,2,70,check,,True
geography,地理学,Geography,29学問,True,geography-field-04,地形,Landforms,40,True,geo-033,海岸地形,Coastal landforms,中学 理科・高校 地理探究,2,80,check,,True
geography,地理学,Geography,29学問,True,geography-field-04,地形,Landforms,40,True,geo-034,カルスト,Karst,中学 理科・高校 地理探究,2,90,check,,True
geography,地理学,Geography,29学問,True,geography-field-04,地形,Landforms,40,True,geo-035,氷河地形,Glacial landforms,中学 理科・高校 地理探究,2,100,check,,True
geography,地理学,Geography,29学問,True,geography-field-04,地形,Landforms,40,True,geo-036,砂漠地形,Desert landforms,中学 理科・高校 地理探究,2,110,check,,True
geography,地理学,Geography,29学問,True,geography-field-05,気候,Climate,50,True,geo-037,気温,Temperature,中学 地理・高校 地理探究,2,10,check,,True
geography,地理学,Geography,29学問,True,geography-field-05,気候,Climate,50,True,geo-038,降水,Precipitation,中学 地理・高校 地理探究,2,20,check,,True
geography,地理学,Geography,29学問,True,geography-field-05,気候,Climate,50,True,geo-039,大気大循環,General atmospheric circulation,中学 地理・高校 地理探究,2,30,check,,True
geography,地理学,Geography,29学問,True,geography-field-05,気候,Climate,50,True,geo-040,気団,Air masses,中学 地理・高校 地理探究,2,40,check,,True
geography,地理学,Geography,29学問,True,geography-field-05,気候,Climate,50,True,geo-041,海流,Ocean currents,中学 地理・高校 地理探究,2,50,check,,True
geography,地理学,Geography,29学問,True,geography-field-05,気候,Climate,50,True,geo-042,ケッペンの気候区分,Köppen climate classification,中学 地理・高校 地理探究,2,60,check,,True
geography,地理学,Geography,29学問,True,geography-field-05,気候,Climate,50,True,geo-043,熱帯,Tropical climates,中学 地理・高校 地理探究,2,70,check,,True
geography,地理学,Geography,29学問,True,geography-field-05,気候,Climate,50,True,geo-044,乾燥帯,Dry climates,中学 地理・高校 地理探究,2,80,check,,True
geography,地理学,Geography,29学問,True,geography-field-05,気候,Climate,50,True,geo-045,温帯,Temperate climates,中学 地理・高校 地理探究,2,90,check,,True
geography,地理学,Geography,29学問,True,geography-field-05,気候,Climate,50,True,geo-046,亜寒帯,Subarctic climates,中学 地理・高校 地理探究,2,100,check,,True
geography,地理学,Geography,29学問,True,geography-field-05,気候,Climate,50,True,geo-047,寒帯,Polar climates,中学 地理・高校 地理探究,2,110,check,,True
geography,地理学,Geography,29学問,True,geography-field-05,気候,Climate,50,True,geo-048,モンスーン,Monsoons,中学 地理・高校 地理探究,2,120,check,,True
geography,地理学,Geography,29学問,True,geography-field-06,水文,Hydrology,60,True,geo-049,水循環,Water cycle,高校 地理探究・大学教養,2,10,check,,True
geography,地理学,Geography,29学問,True,geography-field-06,水文,Hydrology,60,True,geo-050,河川,Rivers,高校 地理探究・大学教養,2,20,check,,True
geography,地理学,Geography,29学問,True,geography-field-06,水文,Hydrology,60,True,geo-051,地下水,Groundwater,高校 地理探究・大学教養,2,30,check,,True
geography,地理学,Geography,29学問,True,geography-field-06,水文,Hydrology,60,True,geo-052,湖沼,Lakes and marshes,高校 地理探究・大学教養,2,40,check,,True
geography,地理学,Geography,29学問,True,geography-field-06,水文,Hydrology,60,True,geo-053,水資源,Water resources,高校 地理探究・大学教養,2,50,check,,True
geography,地理学,Geography,29学問,True,geography-field-06,水文,Hydrology,60,True,geo-054,河川洪水,River floods,高校 地理探究・大学教養,2,60,check,,True
geography,地理学,Geography,29学問,True,geography-field-06,水文,Hydrology,60,True,geo-055,渇水,Water shortages,高校 地理探究・大学教養,2,70,check,,True
geography,地理学,Geography,29学問,True,geography-field-07,土壌・植生,Soils and Vegetation,70,True,geo-056,土壌,Soils,高校 地理探究,2,10,check,,True
geography,地理学,Geography,29学問,True,geography-field-07,土壌・植生,Soils and Vegetation,70,True,geo-057,植生,Vegetation,高校 地理探究,2,20,check,,True
geography,地理学,Geography,29学問,True,geography-field-07,土壌・植生,Soils and Vegetation,70,True,geo-058,バイオーム,Biomes,高校 地理探究,2,30,check,,True
geography,地理学,Geography,29学問,True,geography-field-07,土壌・植生,Soils and Vegetation,70,True,geo-059,森林,Forests,高校 地理探究,2,40,check,,True
geography,地理学,Geography,29学問,True,geography-field-07,土壌・植生,Soils and Vegetation,70,True,geo-060,草原,Grasslands,高校 地理探究,2,50,check,,True
geography,地理学,Geography,29学問,True,geography-field-07,土壌・植生,Soils and Vegetation,70,True,geo-061,植生劣化と砂漠化,Vegetation degradation and desertification,高校 地理探究,2,60,check,,True
geography,地理学,Geography,29学問,True,geography-field-08,災害,Natural Hazards,80,True,geo-062,地震災害,Earthquake disasters,小学 社会・中学 地理・高校 地理総合,2,10,check,,True
geography,地理学,Geography,29学問,True,geography-field-08,災害,Natural Hazards,80,True,geo-063,津波,Tsunamis,小学 社会・中学 地理・高校 地理総合,2,20,check,,True
geography,地理学,Geography,29学問,True,geography-field-08,災害,Natural Hazards,80,True,geo-064,火山災害,Volcanic disasters,小学 社会・中学 地理・高校 地理総合,2,30,check,,True
geography,地理学,Geography,29学問,True,geography-field-08,災害,Natural Hazards,80,True,geo-065,洪水,Floods,小学 社会・中学 地理・高校 地理総合,2,40,check,,True
geography,地理学,Geography,29学問,True,geography-field-08,災害,Natural Hazards,80,True,geo-066,土砂災害,Landslide disasters,小学 社会・中学 地理・高校 地理総合,2,50,check,,True
geography,地理学,Geography,29学問,True,geography-field-08,災害,Natural Hazards,80,True,geo-067,台風,Typhoons,小学 社会・中学 地理・高校 地理総合,2,60,check,,True
geography,地理学,Geography,29学問,True,geography-field-08,災害,Natural Hazards,80,True,geo-068,干ばつ,Droughts,小学 社会・中学 地理・高校 地理総合,2,70,check,,True
geography,地理学,Geography,29学問,True,geography-field-08,災害,Natural Hazards,80,True,geo-069,ハザードマップ,Hazard maps,小学 社会・中学 地理・高校 地理総合,2,80,check,,True
geography,地理学,Geography,29学問,True,geography-field-08,災害,Natural Hazards,80,True,geo-070,防災,Disaster prevention,小学 社会・中学 地理・高校 地理総合,2,90,check,,True
geography,地理学,Geography,29学問,True,geography-field-08,災害,Natural Hazards,80,True,geo-071,減災,Disaster mitigation,小学 社会・中学 地理・高校 地理総合,2,100,check,,True
geography,地理学,Geography,29学問,True,geography-field-09,人口,Population,90,True,geo-072,人口分布,Population distribution,中学 地理・高校 地理探究,2,10,check,,True
geography,地理学,Geography,29学問,True,geography-field-09,人口,Population,90,True,geo-073,人口密度,Population density,中学 地理・高校 地理探究,2,20,check,,True
geography,地理学,Geography,29学問,True,geography-field-09,人口,Population,90,True,geo-074,人口転換,Demographic transition,中学 地理・高校 地理探究,2,30,check,,True
geography,地理学,Geography,29学問,True,geography-field-09,人口,Population,90,True,geo-075,出生率,Birth rate,中学 地理・高校 地理探究,2,40,check,,True
geography,地理学,Geography,29学問,True,geography-field-09,人口,Population,90,True,geo-076,死亡率,Death rate,中学 地理・高校 地理探究,2,50,check,,True
geography,地理学,Geography,29学問,True,geography-field-09,人口,Population,90,True,geo-077,少子高齢化,Declining birthrate and aging population,中学 地理・高校 地理探究,2,60,check,,True
geography,地理学,Geography,29学問,True,geography-field-09,人口,Population,90,True,geo-078,人口移動,Migration,中学 地理・高校 地理探究,2,70,check,,True
geography,地理学,Geography,29学問,True,geography-field-09,人口,Population,90,True,geo-079,移民,Immigration,中学 地理・高校 地理探究,2,80,check,,True
geography,地理学,Geography,29学問,True,geography-field-09,人口,Population,90,True,geo-080,難民,Refugees,中学 地理・高校 地理探究,2,90,check,,True
geography,地理学,Geography,29学問,True,geography-field-10,集落・都市,Settlements and Cities,100,True,geo-081,村落,Villages,小学 社会・中学 地理・高校 地理探究,2,10,check,,True
geography,地理学,Geography,29学問,True,geography-field-10,集落・都市,Settlements and Cities,100,True,geo-082,都市,Cities,小学 社会・中学 地理・高校 地理探究,2,20,check,,True
geography,地理学,Geography,29学問,True,geography-field-10,集落・都市,Settlements and Cities,100,True,geo-083,都市化,Urbanization,小学 社会・中学 地理・高校 地理探究,2,30,check,,True
geography,地理学,Geography,29学問,True,geography-field-10,集落・都市,Settlements and Cities,100,True,geo-084,大都市圏,Metropolitan areas,小学 社会・中学 地理・高校 地理探究,2,40,check,,True
geography,地理学,Geography,29学問,True,geography-field-10,集落・都市,Settlements and Cities,100,True,geo-085,郊外化,Suburbanization,小学 社会・中学 地理・高校 地理探究,2,50,check,,True
geography,地理学,Geography,29学問,True,geography-field-10,集落・都市,Settlements and Cities,100,True,geo-086,中心地,Central places,小学 社会・中学 地理・高校 地理探究,2,60,check,,True
geography,地理学,Geography,29学問,True,geography-field-10,集落・都市,Settlements and Cities,100,True,geo-087,都市構造,Urban structure,小学 社会・中学 地理・高校 地理探究,2,70,check,,True
geography,地理学,Geography,29学問,True,geography-field-10,集落・都市,Settlements and Cities,100,True,geo-088,都市問題,Urban problems,小学 社会・中学 地理・高校 地理探究,2,80,check,,True
geography,地理学,Geography,29学問,True,geography-field-10,集落・都市,Settlements and Cities,100,True,geo-089,再都市化,Reurbanization,小学 社会・中学 地理・高校 地理探究,2,90,check,,True
geography,地理学,Geography,29学問,True,geography-field-10,集落・都市,Settlements and Cities,100,True,geo-090,スマートシティ,Smart cities,小学 社会・中学 地理・高校 地理探究,2,100,check,,True
geography,地理学,Geography,29学問,True,geography-field-11,農業,Agriculture,110,True,geo-091,農業地域,Agricultural regions,小学 社会・中学 地理・高校 地理探究,2,10,check,,True
geography,地理学,Geography,29学問,True,geography-field-11,農業,Agriculture,110,True,geo-092,稲作,Rice farming,小学 社会・中学 地理・高校 地理探究,2,20,check,,True
geography,地理学,Geography,29学問,True,geography-field-11,農業,Agriculture,110,True,geo-093,畑作,Upland field farming,小学 社会・中学 地理・高校 地理探究,2,30,check,,True
geography,地理学,Geography,29学問,True,geography-field-11,農業,Agriculture,110,True,geo-094,牧畜,Livestock farming,小学 社会・中学 地理・高校 地理探究,2,40,check,,True
geography,地理学,Geography,29学問,True,geography-field-11,農業,Agriculture,110,True,geo-095,プランテーション,Plantations,小学 社会・中学 地理・高校 地理探究,2,50,check,,True
geography,地理学,Geography,29学問,True,geography-field-11,農業,Agriculture,110,True,geo-096,企業的農業,Commercial agribusiness,小学 社会・中学 地理・高校 地理探究,2,60,check,,True
geography,地理学,Geography,29学問,True,geography-field-11,農業,Agriculture,110,True,geo-097,食料問題,Food problems,小学 社会・中学 地理・高校 地理探究,2,70,check,,True
geography,地理学,Geography,29学問,True,geography-field-11,農業,Agriculture,110,True,geo-098,農業のグローバル化,Globalization of agriculture,小学 社会・中学 地理・高校 地理探究,2,80,check,,True
geography,地理学,Geography,29学問,True,geography-field-12,工業,Industry,120,True,geo-099,工業立地,Industrial location,小学 社会・中学 地理・高校 地理探究,2,10,check,,True
geography,地理学,Geography,29学問,True,geography-field-12,工業,Industry,120,True,geo-100,工業地域,Industrial regions,小学 社会・中学 地理・高校 地理探究,2,20,check,,True
geography,地理学,Geography,29学問,True,geography-field-12,工業,Industry,120,True,geo-101,重化学工業,Heavy and chemical industries,小学 社会・中学 地理・高校 地理探究,2,30,check,,True
geography,地理学,Geography,29学問,True,geography-field-12,工業,Industry,120,True,geo-102,先端産業,High-tech industries,小学 社会・中学 地理・高校 地理探究,2,40,check,,True
geography,地理学,Geography,29学問,True,geography-field-12,工業,Industry,120,True,geo-103,工業の空洞化,Industrial hollowing-out,小学 社会・中学 地理・高校 地理探究,2,50,check,,True
geography,地理学,Geography,29学問,True,geography-field-12,工業,Industry,120,True,geo-104,グローバル生産ネットワーク,Global production networks,小学 社会・中学 地理・高校 地理探究,2,60,check,,True
geography,地理学,Geography,29学問,True,geography-field-13,サービス・観光,Services and Tourism,130,True,geo-105,商業,Commerce,中学 地理・高校 地理探究,2,10,check,,True
geography,地理学,Geography,29学問,True,geography-field-13,サービス・観光,Services and Tourism,130,True,geo-106,金融,Finance,中学 地理・高校 地理探究,2,20,check,,True
geography,地理学,Geography,29学問,True,geography-field-13,サービス・観光,Services and Tourism,130,True,geo-107,情報産業,Information industry,中学 地理・高校 地理探究,2,30,check,,True
geography,地理学,Geography,29学問,True,geography-field-13,サービス・観光,Services and Tourism,130,True,geo-108,観光,Tourism,中学 地理・高校 地理探究,2,40,check,,True
geography,地理学,Geography,29学問,True,geography-field-13,サービス・観光,Services and Tourism,130,True,geo-109,観光資源,Tourism resources,中学 地理・高校 地理探究,2,50,check,,True
geography,地理学,Geography,29学問,True,geography-field-13,サービス・観光,Services and Tourism,130,True,geo-110,オーバーツーリズム,Overtourism,中学 地理・高校 地理探究,2,60,check,,True
geography,地理学,Geography,29学問,True,geography-field-14,交通・通信,Transportation and Communication,140,True,geo-111,道路,Roads,小学 社会・中学 地理・高校 地理探究,2,10,check,,True
geography,地理学,Geography,29学問,True,geography-field-14,交通・通信,Transportation and Communication,140,True,geo-112,鉄道,Railways,小学 社会・中学 地理・高校 地理探究,2,20,check,,True
geography,地理学,Geography,29学問,True,geography-field-14,交通・通信,Transportation and Communication,140,True,geo-113,港湾,Ports,小学 社会・中学 地理・高校 地理探究,2,30,check,,True
geography,地理学,Geography,29学問,True,geography-field-14,交通・通信,Transportation and Communication,140,True,geo-114,航空,Aviation,小学 社会・中学 地理・高校 地理探究,2,40,check,,True
geography,地理学,Geography,29学問,True,geography-field-14,交通・通信,Transportation and Communication,140,True,geo-115,物流,Logistics,小学 社会・中学 地理・高校 地理探究,2,50,check,,True
geography,地理学,Geography,29学問,True,geography-field-14,交通・通信,Transportation and Communication,140,True,geo-116,通信網,Communication networks,小学 社会・中学 地理・高校 地理探究,2,60,check,,True
geography,地理学,Geography,29学問,True,geography-field-14,交通・通信,Transportation and Communication,140,True,geo-117,時間距離,Time distance,小学 社会・中学 地理・高校 地理探究,2,70,check,,True
geography,地理学,Geography,29学問,True,geography-field-14,交通・通信,Transportation and Communication,140,True,geo-118,グローバルネットワーク,Global networks,小学 社会・中学 地理・高校 地理探究,2,80,check,,True
geography,地理学,Geography,29学問,True,geography-field-15,資源・エネルギー,Resources and Energy,150,True,geo-119,鉱産資源,Mineral resources,中学 地理・高校 地理探究,2,10,check,,True
geography,地理学,Geography,29学問,True,geography-field-15,資源・エネルギー,Resources and Energy,150,True,geo-120,石油,Oil,中学 地理・高校 地理探究,2,20,check,,True
geography,地理学,Geography,29学問,True,geography-field-15,資源・エネルギー,Resources and Energy,150,True,geo-121,石炭,Coal,中学 地理・高校 地理探究,2,30,check,,True
geography,地理学,Geography,29学問,True,geography-field-15,資源・エネルギー,Resources and Energy,150,True,geo-122,天然ガス,Natural gas,中学 地理・高校 地理探究,2,40,check,,True
geography,地理学,Geography,29学問,True,geography-field-15,資源・エネルギー,Resources and Energy,150,True,geo-123,再生可能エネルギー,Renewable energy,中学 地理・高校 地理探究,2,50,check,,True
geography,地理学,Geography,29学問,True,geography-field-15,資源・エネルギー,Resources and Energy,150,True,geo-124,資源問題,Resource problems,中学 地理・高校 地理探究,2,60,check,,True
geography,地理学,Geography,29学問,True,geography-field-15,資源・エネルギー,Resources and Energy,150,True,geo-125,エネルギー安全保障,Energy security,中学 地理・高校 地理探究,2,70,check,,True
geography,地理学,Geography,29学問,True,geography-field-16,文化地理,Cultural Geography,160,True,geo-126,言語,Languages,中学 地理・高校 地理探究,2,10,check,,True
geography,地理学,Geography,29学問,True,geography-field-16,文化地理,Cultural Geography,160,True,geo-127,宗教,Religions,中学 地理・高校 地理探究,2,20,check,,True
geography,地理学,Geography,29学問,True,geography-field-16,文化地理,Cultural Geography,160,True,geo-128,民族,Ethnic groups,中学 地理・高校 地理探究,2,30,check,,True
geography,地理学,Geography,29学問,True,geography-field-16,文化地理,Cultural Geography,160,True,geo-129,文化景観,Cultural landscapes,中学 地理・高校 地理探究,2,40,check,,True
geography,地理学,Geography,29学問,True,geography-field-16,文化地理,Cultural Geography,160,True,geo-130,生活文化,Ways of life,中学 地理・高校 地理探究,2,50,check,,True
geography,地理学,Geography,29学問,True,geography-field-16,文化地理,Cultural Geography,160,True,geo-131,文化圏,Cultural regions,中学 地理・高校 地理探究,2,60,check,,True
geography,地理学,Geography,29学問,True,geography-field-16,文化地理,Cultural Geography,160,True,geo-132,文化の伝播,Cultural diffusion,中学 地理・高校 地理探究,2,70,check,,True
geography,地理学,Geography,29学問,True,geography-field-17,政治地理,Political Geography,170,True,geo-133,国家,States,中学 地理・高校 地理探究,2,10,check,,True
geography,地理学,Geography,29学問,True,geography-field-17,政治地理,Political Geography,170,True,geo-134,国境,Borders,中学 地理・高校 地理探究,2,20,check,,True
geography,地理学,Geography,29学問,True,geography-field-17,政治地理,Political Geography,170,True,geo-135,領域,Territory,中学 地理・高校 地理探究,2,30,check,,True
geography,地理学,Geography,29学問,True,geography-field-17,政治地理,Political Geography,170,True,geo-136,領土問題,Territorial disputes,中学 地理・高校 地理探究,2,40,check,,True
geography,地理学,Geography,29学問,True,geography-field-17,政治地理,Political Geography,170,True,geo-137,地政学,Geopolitics,中学 地理・高校 地理探究,2,50,check,,True
geography,地理学,Geography,29学問,True,geography-field-17,政治地理,Political Geography,170,True,geo-138,選挙地理,Electoral geography,中学 地理・高校 地理探究,2,60,check,,True
geography,地理学,Geography,29学問,True,geography-field-17,政治地理,Political Geography,170,True,geo-139,海洋,Oceans,中学 地理・高校 地理探究,2,70,check,,True
geography,地理学,Geography,29学問,True,geography-field-17,政治地理,Political Geography,170,True,geo-177,地域政策,Regional policy,高校 地理探究・大学教養,2,80,check,,True
geography,地理学,Geography,29学問,True,geography-field-18,経済地理,Economic Geography,180,True,geo-140,地域格差,Regional disparities,高校 地理探究,2,10,check,,True
geography,地理学,Geography,29学問,True,geography-field-18,経済地理,Economic Geography,180,True,geo-141,中心と周辺,Core and periphery,高校 地理探究,2,20,check,,True
geography,地理学,Geography,29学問,True,geography-field-18,経済地理,Economic Geography,180,True,geo-142,グローバル化,Globalization,高校 地理探究,2,30,check,,True
geography,地理学,Geography,29学問,True,geography-field-18,経済地理,Economic Geography,180,True,geo-143,国際分業,International division of labor,高校 地理探究,2,40,check,,True
geography,地理学,Geography,29学問,True,geography-field-18,経済地理,Economic Geography,180,True,geo-144,サプライチェーン,Supply chains,高校 地理探究,2,50,check,,True
geography,地理学,Geography,29学問,True,geography-field-18,経済地理,Economic Geography,180,True,geo-145-s1,立地論：チューネンの農業立地論,Location theory: von Thünen's agricultural location theory,高校 地理探究,2,61,check,,True
geography,地理学,Geography,29学問,True,geography-field-18,経済地理,Economic Geography,180,True,geo-145-s2,立地論：ウェーバーの工業立地論,Location theory: Weber's industrial location theory,高校 地理探究,2,62,check,,True
geography,地理学,Geography,29学問,True,geography-field-18,経済地理,Economic Geography,180,True,geo-145-s3,立地論：クリスタラーの中心地理論,Location theory: Christaller's central place theory,高校 地理探究,2,63,check,,True
geography,地理学,Geography,29学問,True,geography-field-19,環境地理,Environmental Geography,190,True,geo-146,地球温暖化,Global warming,高校 地理総合・探究,2,10,check,,True
geography,地理学,Geography,29学問,True,geography-field-19,環境地理,Environmental Geography,190,True,geo-147,森林減少,Deforestation,高校 地理総合・探究,2,20,check,,True
geography,地理学,Geography,29学問,True,geography-field-19,環境地理,Environmental Geography,190,True,geo-148,砂漠化,Desertification,高校 地理総合・探究,2,30,check,,True
geography,地理学,Geography,29学問,True,geography-field-19,環境地理,Environmental Geography,190,True,geo-149,生物多様性,Biodiversity,高校 地理総合・探究,2,40,check,,True
geography,地理学,Geography,29学問,True,geography-field-19,環境地理,Environmental Geography,190,True,geo-150,環境問題,Environmental problems,高校 地理総合・探究,2,50,check,,True
geography,地理学,Geography,29学問,True,geography-field-19,環境地理,Environmental Geography,190,True,geo-151,持続可能な開発,Sustainable development,高校 地理総合・探究,2,60,check,,True
geography,地理学,Geography,29学問,True,geography-field-20,日本地誌,Regional Geography of Japan,200,True,geo-152,北海道,Hokkaido,小学 社会・中学 地理・高校 地理探究,2,10,check,,True
geography,地理学,Geography,29学問,True,geography-field-20,日本地誌,Regional Geography of Japan,200,True,geo-153,東北,Tohoku,小学 社会・中学 地理・高校 地理探究,2,20,check,,True
geography,地理学,Geography,29学問,True,geography-field-20,日本地誌,Regional Geography of Japan,200,True,geo-154,関東,Kanto,小学 社会・中学 地理・高校 地理探究,2,30,check,,True
geography,地理学,Geography,29学問,True,geography-field-20,日本地誌,Regional Geography of Japan,200,True,geo-155,中部,Chubu,小学 社会・中学 地理・高校 地理探究,2,40,check,,True
geography,地理学,Geography,29学問,True,geography-field-20,日本地誌,Regional Geography of Japan,200,True,geo-156,近畿,Kinki,小学 社会・中学 地理・高校 地理探究,2,50,check,,True
geography,地理学,Geography,29学問,True,geography-field-20,日本地誌,Regional Geography of Japan,200,True,geo-157,中国,Chugoku,小学 社会・中学 地理・高校 地理探究,2,60,check,,True
geography,地理学,Geography,29学問,True,geography-field-20,日本地誌,Regional Geography of Japan,200,True,geo-158,四国,Shikoku,小学 社会・中学 地理・高校 地理探究,2,70,check,,True
geography,地理学,Geography,29学問,True,geography-field-20,日本地誌,Regional Geography of Japan,200,True,geo-159,九州・沖縄,Kyushu and Okinawa,小学 社会・中学 地理・高校 地理探究,2,80,check,,True
geography,地理学,Geography,29学問,True,geography-field-20,日本地誌,Regional Geography of Japan,200,True,geo-160,日本の自然環境,Japan's natural environment,小学 社会・中学 地理・高校 地理探究,2,90,check,,True
geography,地理学,Geography,29学問,True,geography-field-20,日本地誌,Regional Geography of Japan,200,True,geo-161,日本の人口,Japan's population,小学 社会・中学 地理・高校 地理探究,2,100,check,,True
geography,地理学,Geography,29学問,True,geography-field-20,日本地誌,Regional Geography of Japan,200,True,geo-162,日本の産業,Japan's industries,小学 社会・中学 地理・高校 地理探究,2,110,check,,True
geography,地理学,Geography,29学問,True,geography-field-20,日本地誌,Regional Geography of Japan,200,True,geo-175,地域課題,Regional issues,高校 地理探究・大学教養,2,120,check,,True
geography,地理学,Geography,29学問,True,geography-field-21,世界地誌,World Regional Geography,210,True,geo-163,東アジア,East Asia,中学 地理・高校 地理探究,2,10,check,,True
geography,地理学,Geography,29学問,True,geography-field-21,世界地誌,World Regional Geography,210,True,geo-164,東南アジア,Southeast Asia,中学 地理・高校 地理探究,2,20,check,,True
geography,地理学,Geography,29学問,True,geography-field-21,世界地誌,World Regional Geography,210,True,geo-165,南アジア,South Asia,中学 地理・高校 地理探究,2,30,check,,True
geography,地理学,Geography,29学問,True,geography-field-21,世界地誌,World Regional Geography,210,True,geo-166,西アジア,West Asia,中学 地理・高校 地理探究,2,40,check,,True
geography,地理学,Geography,29学問,True,geography-field-21,世界地誌,World Regional Geography,210,True,geo-167,アフリカ,Africa,中学 地理・高校 地理探究,2,50,check,,True
geography,地理学,Geography,29学問,True,geography-field-21,世界地誌,World Regional Geography,210,True,geo-168,ヨーロッパ,Europe,中学 地理・高校 地理探究,2,60,check,,True
geography,地理学,Geography,29学問,True,geography-field-21,世界地誌,World Regional Geography,210,True,geo-169,ロシア,Russia,中学 地理・高校 地理探究,2,70,check,,True
geography,地理学,Geography,29学問,True,geography-field-21,世界地誌,World Regional Geography,210,True,geo-170,北アメリカ,North America,中学 地理・高校 地理探究,2,80,check,,True
geography,地理学,Geography,29学問,True,geography-field-21,世界地誌,World Regional Geography,210,True,geo-171,ラテンアメリカ,Latin America,中学 地理・高校 地理探究,2,90,check,,True
geography,地理学,Geography,29学問,True,geography-field-21,世界地誌,World Regional Geography,210,True,geo-172,オセアニア,Oceania,中学 地理・高校 地理探究,2,100,check,,True
geography,地理学,Geography,29学問,True,geography-field-21,世界地誌,World Regional Geography,210,True,geo-173,地域比較,Regional comparison,高校 地理探究・大学教養,2,110,check,,True
geography,地理学,Geography,29学問,True,geography-field-21,世界地誌,World Regional Geography,210,True,geo-174,地域間関係,Interregional relations,高校 地理探究・大学教養,2,120,check,,True
geography,地理学,Geography,29学問,True,geography-field-21,世界地誌,World Regional Geography,210,True,geo-176,ローカルとグローバル,Local and global,高校 地理探究・大学教養,2,130,check,,True
literature,文学,Literature,29学問,True,literature-field-01,文学の基礎,Foundations of Literature,10,True,lit-002,物語,Stories,小学 国語・中学 国語・高校 文学国語,2,20,check,,True
literature,文学,Literature,29学問,True,literature-field-01,文学の基礎,Foundations of Literature,10,True,lit-003,詩,Poetry,小学 国語・中学 国語・高校 文学国語,2,30,check,,True
literature,文学,Literature,29学問,True,literature-field-01,文学の基礎,Foundations of Literature,10,True,lit-004,小説,Novels,小学 国語・中学 国語・高校 文学国語,2,40,check,,True
literature,文学,Literature,29学問,True,literature-field-01,文学の基礎,Foundations of Literature,10,True,lit-005,随筆,Essays,小学 国語・中学 国語・高校 文学国語,2,50,check,,True
literature,文学,Literature,29学問,True,literature-field-01,文学の基礎,Foundations of Literature,10,True,lit-006,戯曲,Drama,小学 国語・中学 国語・高校 文学国語,2,60,check,,True
literature,文学,Literature,29学問,True,literature-field-01,文学の基礎,Foundations of Literature,10,True,lit-007,作者と語り手,Author and narrator,小学 国語・中学 国語・高校 文学国語,2,70,check,,True
literature,文学,Literature,29学問,True,literature-field-01,文学の基礎,Foundations of Literature,10,True,lit-008,主題,Theme,小学 国語・中学 国語・高校 文学国語,2,80,check,,True
literature,文学,Literature,29学問,True,literature-field-01,文学の基礎,Foundations of Literature,10,True,lit-009,人物,Characters,小学 国語・中学 国語・高校 文学国語,2,90,check,,True
literature,文学,Literature,29学問,True,literature-field-01,文学の基礎,Foundations of Literature,10,True,lit-010,プロット,Plot,小学 国語・中学 国語・高校 文学国語,2,100,check,,True
literature,文学,Literature,29学問,True,literature-field-01,文学の基礎,Foundations of Literature,10,True,lit-011,舞台,Setting,小学 国語・中学 国語・高校 文学国語,2,110,check,,True
literature,文学,Literature,29学問,True,literature-field-01,文学の基礎,Foundations of Literature,10,True,lit-012,文体,Style,小学 国語・中学 国語・高校 文学国語,2,120,check,,True
literature,文学,Literature,29学問,True,literature-field-02,読解,Close Reading,20,True,lit-013,精読,Close reading,小学 国語・中学 国語・高校 文学国語,2,10,check,,True
literature,文学,Literature,29学問,True,literature-field-02,読解,Close Reading,20,True,lit-014,要約,Summarizing,小学 国語・中学 国語・高校 文学国語,2,20,check,,True
literature,文学,Literature,29学問,True,literature-field-02,読解,Close Reading,20,True,lit-015,描写,Description,小学 国語・中学 国語・高校 文学国語,2,30,check,,True
literature,文学,Literature,29学問,True,literature-field-02,読解,Close Reading,20,True,lit-016,比喩,Figurative language,小学 国語・中学 国語・高校 文学国語,2,40,check,,True
literature,文学,Literature,29学問,True,literature-field-02,読解,Close Reading,20,True,lit-017,象徴,Symbolism,小学 国語・中学 国語・高校 文学国語,2,50,check,,True
literature,文学,Literature,29学問,True,literature-field-02,読解,Close Reading,20,True,lit-018,伏線,Foreshadowing,小学 国語・中学 国語・高校 文学国語,2,60,check,,True
literature,文学,Literature,29学問,True,literature-field-02,読解,Close Reading,20,True,lit-019,視点,Point of view,小学 国語・中学 国語・高校 文学国語,2,70,check,,True
literature,文学,Literature,29学問,True,literature-field-02,読解,Close Reading,20,True,lit-020,語り,Narration,小学 国語・中学 国語・高校 文学国語,2,80,check,,True
literature,文学,Literature,29学問,True,literature-field-02,読解,Close Reading,20,True,lit-021,アイロニー,Irony,小学 国語・中学 国語・高校 文学国語,2,90,check,,True
literature,文学,Literature,29学問,True,literature-field-02,読解,Close Reading,20,True,lit-022,作品解釈,Interpreting a work,小学 国語・中学 国語・高校 文学国語,2,100,check,,True
literature,文学,Literature,29学問,True,literature-field-02,読解,Close Reading,20,True,lit-023,複数の解釈,Multiple interpretations,小学 国語・中学 国語・高校 文学国語,2,110,check,,True
literature,文学,Literature,29学問,True,literature-field-03,詩歌,Poetry and Song,30,True,lit-024,詩のリズム,Rhythm in poetry,小学 国語・中学 国語・高校 言語文化,2,10,check,,True
literature,文学,Literature,29学問,True,literature-field-03,詩歌,Poetry and Song,30,True,lit-025,韻,Rhyme,小学 国語・中学 国語・高校 言語文化,2,20,check,,True
literature,文学,Literature,29学問,True,literature-field-03,詩歌,Poetry and Song,30,True,lit-026,詩の比喩,Metaphor in poetry,小学 国語・中学 国語・高校 言語文化,2,30,check,,True
literature,文学,Literature,29学問,True,literature-field-03,詩歌,Poetry and Song,30,True,lit-027,短歌,Tanka,小学 国語・中学 国語・高校 言語文化,2,40,check,,True
literature,文学,Literature,29学問,True,literature-field-03,詩歌,Poetry and Song,30,True,lit-028,和歌,Waka,小学 国語・中学 国語・高校 言語文化,2,50,check,,True
literature,文学,Literature,29学問,True,literature-field-03,詩歌,Poetry and Song,30,True,lit-029,俳句,Haiku,小学 国語・中学 国語・高校 言語文化,2,60,check,,True
literature,文学,Literature,29学問,True,literature-field-03,詩歌,Poetry and Song,30,True,lit-030,連歌,Renga,小学 国語・中学 国語・高校 言語文化,2,70,check,,True
literature,文学,Literature,29学問,True,literature-field-03,詩歌,Poetry and Song,30,True,lit-031,漢詩,Chinese poetry (kanshi),小学 国語・中学 国語・高校 言語文化,2,80,check,,True
literature,文学,Literature,29学問,True,literature-field-03,詩歌,Poetry and Song,30,True,lit-032,自由詩,Free verse,小学 国語・中学 国語・高校 言語文化,2,90,check,,True
literature,文学,Literature,29学問,True,literature-field-03,詩歌,Poetry and Song,30,True,lit-033,現代詩,Contemporary poetry,小学 国語・中学 国語・高校 言語文化,2,100,check,,True
literature,文学,Literature,29学問,True,literature-field-04,日本古代文学,Ancient Japanese Literature,40,True,lit-034,古事記,Kojiki,高校 言語文化・古典探究,2,10,check,,True
literature,文学,Literature,29学問,True,literature-field-04,日本古代文学,Ancient Japanese Literature,40,True,lit-035,日本書紀,Nihon Shoki,高校 言語文化・古典探究,2,20,check,,True
literature,文学,Literature,29学問,True,literature-field-04,日本古代文学,Ancient Japanese Literature,40,True,lit-036,万葉集,Man'yoshu,高校 言語文化・古典探究,2,30,check,,True
literature,文学,Literature,29学問,True,literature-field-04,日本古代文学,Ancient Japanese Literature,40,True,lit-037,古今和歌集,Kokin Wakashu,高校 言語文化・古典探究,2,40,check,,True
literature,文学,Literature,29学問,True,literature-field-04,日本古代文学,Ancient Japanese Literature,40,True,lit-038,竹取物語,The Tale of the Bamboo Cutter,高校 言語文化・古典探究,2,50,check,,True
literature,文学,Literature,29学問,True,literature-field-04,日本古代文学,Ancient Japanese Literature,40,True,lit-039,伊勢物語,The Tales of Ise,高校 言語文化・古典探究,2,60,check,,True
literature,文学,Literature,29学問,True,literature-field-04,日本古代文学,Ancient Japanese Literature,40,True,lit-040,土佐日記,Tosa Diary,高校 言語文化・古典探究,2,70,check,,True
literature,文学,Literature,29学問,True,literature-field-05,日本中古文学,Heian Literature,50,True,lit-041,源氏物語,The Tale of Genji,高校 古典探究,2,10,check,,True
literature,文学,Literature,29学問,True,literature-field-05,日本中古文学,Heian Literature,50,True,lit-042,枕草子,The Pillow Book,高校 古典探究,2,20,check,,True
literature,文学,Literature,29学問,True,literature-field-05,日本中古文学,Heian Literature,50,True,lit-043,蜻蛉日記,The Kagero Diary,高校 古典探究,2,30,check,,True
literature,文学,Literature,29学問,True,literature-field-05,日本中古文学,Heian Literature,50,True,lit-044,更級日記,Sarashina Diary,高校 古典探究,2,40,check,,True
literature,文学,Literature,29学問,True,literature-field-05,日本中古文学,Heian Literature,50,True,lit-045,大鏡,Okagami (The Great Mirror),高校 古典探究,2,50,check,,True
literature,文学,Literature,29学問,True,literature-field-05,日本中古文学,Heian Literature,50,True,lit-046,今昔物語集,Konjaku Monogatarishu,高校 古典探究,2,60,check,,True
literature,文学,Literature,29学問,True,literature-field-06,日本中世文学,Medieval Japanese Literature,60,True,lit-047,平家物語,The Tale of the Heike,高校 古典探究,2,10,check,,True
literature,文学,Literature,29学問,True,literature-field-06,日本中世文学,Medieval Japanese Literature,60,True,lit-048,方丈記,Hojoki,高校 古典探究,2,20,check,,True
literature,文学,Literature,29学問,True,literature-field-06,日本中世文学,Medieval Japanese Literature,60,True,lit-049,徒然草,Tsurezuregusa (Essays in Idleness),高校 古典探究,2,30,check,,True
literature,文学,Literature,29学問,True,literature-field-06,日本中世文学,Medieval Japanese Literature,60,True,lit-050,新古今和歌集,Shin Kokin Wakashu,高校 古典探究,2,40,check,,True
literature,文学,Literature,29学問,True,literature-field-06,日本中世文学,Medieval Japanese Literature,60,True,lit-051,宇治拾遺物語,Uji Shui Monogatari,高校 古典探究,2,50,check,,True
literature,文学,Literature,29学問,True,literature-field-06,日本中世文学,Medieval Japanese Literature,60,True,lit-052,能と謡曲,Noh and yokyoku,高校 古典探究,2,60,check,,True
literature,文学,Literature,29学問,True,literature-field-07,日本近世文学,Early Modern Japanese Literature,70,True,lit-053,井原西鶴,Ihara Saikaku,中学 国語・高校 古典探究,2,10,check,,True
literature,文学,Literature,29学問,True,literature-field-07,日本近世文学,Early Modern Japanese Literature,70,True,lit-054,松尾芭蕉,Matsuo Basho,中学 国語・高校 古典探究,2,20,check,,True
literature,文学,Literature,29学問,True,literature-field-07,日本近世文学,Early Modern Japanese Literature,70,True,lit-055,奥の細道,The Narrow Road to the Deep North,中学 国語・高校 古典探究,2,30,check,,True
literature,文学,Literature,29学問,True,literature-field-07,日本近世文学,Early Modern Japanese Literature,70,True,lit-056,近松門左衛門,Chikamatsu Monzaemon,中学 国語・高校 古典探究,2,40,check,,True
literature,文学,Literature,29学問,True,literature-field-07,日本近世文学,Early Modern Japanese Literature,70,True,lit-057,上田秋成,Ueda Akinari,中学 国語・高校 古典探究,2,50,check,,True
literature,文学,Literature,29学問,True,literature-field-07,日本近世文学,Early Modern Japanese Literature,70,True,lit-058,読本,Yomihon,中学 国語・高校 古典探究,2,60,check,,True
literature,文学,Literature,29学問,True,literature-field-07,日本近世文学,Early Modern Japanese Literature,70,True,lit-059,黄表紙,Kibyoshi,中学 国語・高校 古典探究,2,70,check,,True
literature,文学,Literature,29学問,True,literature-field-07,日本近世文学,Early Modern Japanese Literature,70,True,lit-060,川柳,Senryu,中学 国語・高校 古典探究,2,80,check,,True
literature,文学,Literature,29学問,True,literature-field-08,日本近代文学,Modern Japanese Literature,80,True,lit-061,坪内逍遥,Tsubouchi Shoyo,中学 国語・高校 文学国語,2,10,check,,True
literature,文学,Literature,29学問,True,literature-field-08,日本近代文学,Modern Japanese Literature,80,True,lit-062,二葉亭四迷,Futabatei Shimei,中学 国語・高校 文学国語,2,20,check,,True
literature,文学,Literature,29学問,True,literature-field-08,日本近代文学,Modern Japanese Literature,80,True,lit-063,森鴎外,Mori Ogai,中学 国語・高校 文学国語,2,30,check,,True
literature,文学,Literature,29学問,True,literature-field-08,日本近代文学,Modern Japanese Literature,80,True,lit-064,夏目漱石,Natsume Soseki,中学 国語・高校 文学国語,2,40,check,,True
literature,文学,Literature,29学問,True,literature-field-08,日本近代文学,Modern Japanese Literature,80,True,lit-065,樋口一葉,Higuchi Ichiyo,中学 国語・高校 文学国語,2,50,check,,True
literature,文学,Literature,29学問,True,literature-field-08,日本近代文学,Modern Japanese Literature,80,True,lit-066,島崎藤村,Shimazaki Toson,中学 国語・高校 文学国語,2,60,check,,True
literature,文学,Literature,29学問,True,literature-field-08,日本近代文学,Modern Japanese Literature,80,True,lit-067,田山花袋,Tayama Katai,中学 国語・高校 文学国語,2,70,check,,True
literature,文学,Literature,29学問,True,literature-field-08,日本近代文学,Modern Japanese Literature,80,True,lit-068,芥川龍之介,Akutagawa Ryunosuke,中学 国語・高校 文学国語,2,80,check,,True
literature,文学,Literature,29学問,True,literature-field-08,日本近代文学,Modern Japanese Literature,80,True,lit-069,谷崎潤一郎,Tanizaki Jun'ichiro,中学 国語・高校 文学国語,2,90,check,,True
literature,文学,Literature,29学問,True,literature-field-08,日本近代文学,Modern Japanese Literature,80,True,lit-070,志賀直哉,Shiga Naoya,中学 国語・高校 文学国語,2,100,check,,True
literature,文学,Literature,29学問,True,literature-field-08,日本近代文学,Modern Japanese Literature,80,True,lit-071,宮沢賢治,Miyazawa Kenji,中学 国語・高校 文学国語,2,110,check,,True
literature,文学,Literature,29学問,True,literature-field-09,日本現代文学,Contemporary Japanese Literature,90,True,lit-072,太宰治,Dazai Osamu,中学 国語・高校 文学国語,2,10,check,,True
literature,文学,Literature,29学問,True,literature-field-09,日本現代文学,Contemporary Japanese Literature,90,True,lit-073,川端康成,Kawabata Yasunari,中学 国語・高校 文学国語,2,20,check,,True
literature,文学,Literature,29学問,True,literature-field-09,日本現代文学,Contemporary Japanese Literature,90,True,lit-074,三島由紀夫,Mishima Yukio,中学 国語・高校 文学国語,2,30,check,,True
literature,文学,Literature,29学問,True,literature-field-09,日本現代文学,Contemporary Japanese Literature,90,True,lit-075,安部公房,Abe Kobo,中学 国語・高校 文学国語,2,40,check,,True
literature,文学,Literature,29学問,True,literature-field-09,日本現代文学,Contemporary Japanese Literature,90,True,lit-076,大江健三郎,Oe Kenzaburo,中学 国語・高校 文学国語,2,50,check,,True
literature,文学,Literature,29学問,True,literature-field-09,日本現代文学,Contemporary Japanese Literature,90,True,lit-077,村上春樹,Murakami Haruki,中学 国語・高校 文学国語,2,60,check,,True
literature,文学,Literature,29学問,True,literature-field-09,日本現代文学,Contemporary Japanese Literature,90,True,lit-078,現代女性文学,Contemporary women's literature,中学 国語・高校 文学国語,2,70,check,,True
literature,文学,Literature,29学問,True,literature-field-09,日本現代文学,Contemporary Japanese Literature,90,True,lit-079,在日文学,Zainichi Korean literature,中学 国語・高校 文学国語,2,80,check,,True
literature,文学,Literature,29学問,True,literature-field-10,中国文学,Chinese Literature,100,True,lit-080,論語,The Analects,高校 言語文化・古典探究,2,10,check,,True
literature,文学,Literature,29学問,True,literature-field-10,中国文学,Chinese Literature,100,True,lit-081,史記,Records of the Grand Historian (Shiji),高校 言語文化・古典探究,2,20,check,,True
literature,文学,Literature,29学問,True,literature-field-10,中国文学,Chinese Literature,100,True,lit-082,唐詩,Tang poetry,高校 言語文化・古典探究,2,30,check,,True
literature,文学,Literature,29学問,True,literature-field-10,中国文学,Chinese Literature,100,True,lit-083,李白,Li Bai,高校 言語文化・古典探究,2,40,check,,True
literature,文学,Literature,29学問,True,literature-field-10,中国文学,Chinese Literature,100,True,lit-084,杜甫,Du Fu,高校 言語文化・古典探究,2,50,check,,True
literature,文学,Literature,29学問,True,literature-field-10,中国文学,Chinese Literature,100,True,lit-085,白居易,Bai Juyi,高校 言語文化・古典探究,2,60,check,,True
literature,文学,Literature,29学問,True,literature-field-10,中国文学,Chinese Literature,100,True,lit-086,三国志演義,Romance of the Three Kingdoms,高校 言語文化・古典探究,2,70,check,,True
literature,文学,Literature,29学問,True,literature-field-10,中国文学,Chinese Literature,100,True,lit-087,水滸伝,Water Margin,高校 言語文化・古典探究,2,80,check,,True
literature,文学,Literature,29学問,True,literature-field-10,中国文学,Chinese Literature,100,True,lit-088,西遊記,Journey to the West,高校 言語文化・古典探究,2,90,check,,True
literature,文学,Literature,29学問,True,literature-field-10,中国文学,Chinese Literature,100,True,lit-089,紅楼夢,Dream of the Red Chamber,高校 言語文化・古典探究,2,100,check,,True
literature,文学,Literature,29学問,True,literature-field-11,西洋古典,Western Classics,110,True,lit-090,ギルガメシュ叙事詩,Epic of Gilgamesh,高校 世界史・大学教養,2,10,check,,True
literature,文学,Literature,29学問,True,literature-field-11,西洋古典,Western Classics,110,True,lit-091,ホメロス,Homer,高校 世界史・大学教養,2,20,check,,True
literature,文学,Literature,29学問,True,literature-field-11,西洋古典,Western Classics,110,True,lit-092,ギリシア悲劇,Greek tragedy,高校 世界史・大学教養,2,30,check,,True
literature,文学,Literature,29学問,True,literature-field-11,西洋古典,Western Classics,110,True,lit-093-s1,聖書文学：旧約聖書の文学,Biblical literature: literature of the Old Testament,高校 世界史・大学教養,2,41,check,,True
literature,文学,Literature,29学問,True,literature-field-11,西洋古典,Western Classics,110,True,lit-093-s2,聖書文学：新約聖書の文学,Biblical literature: literature of the New Testament,高校 世界史・大学教養,2,42,check,,True
literature,文学,Literature,29学問,True,literature-field-11,西洋古典,Western Classics,110,True,lit-094,ウェルギリウス,Virgil,高校 世界史・大学教養,2,50,check,,True
literature,文学,Literature,29学問,True,literature-field-12,ヨーロッパ文学,European Literature,120,True,lit-095,ダンテ,Dante,高校 文学国語・大学教養,2,10,check,,True
literature,文学,Literature,29学問,True,literature-field-12,ヨーロッパ文学,European Literature,120,True,lit-096,セルバンテス,Cervantes,高校 文学国語・大学教養,2,20,check,,True
literature,文学,Literature,29学問,True,literature-field-12,ヨーロッパ文学,European Literature,120,True,lit-097,シェイクスピア,Shakespeare,高校 文学国語・大学教養,2,30,check,,True
literature,文学,Literature,29学問,True,literature-field-12,ヨーロッパ文学,European Literature,120,True,lit-098,ゲーテ,Goethe,高校 文学国語・大学教養,2,40,check,,True
literature,文学,Literature,29学問,True,literature-field-12,ヨーロッパ文学,European Literature,120,True,lit-099,ロマン主義,Romanticism,高校 文学国語・大学教養,2,50,check,,True
literature,文学,Literature,29学問,True,literature-field-12,ヨーロッパ文学,European Literature,120,True,lit-100,リアリズム,Realism,高校 文学国語・大学教養,2,60,check,,True
literature,文学,Literature,29学問,True,literature-field-12,ヨーロッパ文学,European Literature,120,True,lit-101,ドストエフスキー,Dostoevsky,高校 文学国語・大学教養,2,70,check,,True
literature,文学,Literature,29学問,True,literature-field-12,ヨーロッパ文学,European Literature,120,True,lit-102,トルストイ,Tolstoy,高校 文学国語・大学教養,2,80,check,,True
literature,文学,Literature,29学問,True,literature-field-12,ヨーロッパ文学,European Literature,120,True,lit-103,カフカ,Kafka,高校 文学国語・大学教養,2,90,check,,True
literature,文学,Literature,29学問,True,literature-field-12,ヨーロッパ文学,European Literature,120,True,lit-104,ジョイス,Joyce,高校 文学国語・大学教養,2,100,check,,True
literature,文学,Literature,29学問,True,literature-field-12,ヨーロッパ文学,European Literature,120,True,lit-105,プルースト,Proust,高校 文学国語・大学教養,2,110,check,,True
literature,文学,Literature,29学問,True,literature-field-13,英米文学,English and American Literature,130,True,lit-106,チョーサー,Chaucer,高校 外国語・大学教養,2,10,check,,True
literature,文学,Literature,29学問,True,literature-field-13,英米文学,English and American Literature,130,True,lit-107,英文学におけるシェイクスピア,Shakespeare in English literature,高校 外国語・大学教養,2,20,check,,True
literature,文学,Literature,29学問,True,literature-field-13,英米文学,English and American Literature,130,True,lit-108,オースティン,Austen,高校 外国語・大学教養,2,30,check,,True
literature,文学,Literature,29学問,True,literature-field-13,英米文学,English and American Literature,130,True,lit-109,ディケンズ,Dickens,高校 外国語・大学教養,2,40,check,,True
literature,文学,Literature,29学問,True,literature-field-13,英米文学,English and American Literature,130,True,lit-110-s1,ブロンテ姉妹：シャーロット・ブロンテ,The Brontë sisters: Charlotte Brontë,高校 外国語・大学教養,2,51,check,,True
literature,文学,Literature,29学問,True,literature-field-13,英米文学,English and American Literature,130,True,lit-110-s2,ブロンテ姉妹：エミリー・ブロンテ,The Brontë sisters: Emily Brontë,高校 外国語・大学教養,2,52,check,,True
literature,文学,Literature,29学問,True,literature-field-13,英米文学,English and American Literature,130,True,lit-110-s3,ブロンテ姉妹：アン・ブロンテ,The Brontë sisters: Anne Brontë,高校 外国語・大学教養,2,53,check,,True
literature,文学,Literature,29学問,True,literature-field-13,英米文学,English and American Literature,130,True,lit-111,ワイルド,Wilde,高校 外国語・大学教養,2,60,check,,True
literature,文学,Literature,29学問,True,literature-field-13,英米文学,English and American Literature,130,True,lit-112,ヘミングウェイ,Hemingway,高校 外国語・大学教養,2,70,check,,True
literature,文学,Literature,29学問,True,literature-field-13,英米文学,English and American Literature,130,True,lit-113,フォークナー,Faulkner,高校 外国語・大学教養,2,80,check,,True
literature,文学,Literature,29学問,True,literature-field-13,英米文学,English and American Literature,130,True,lit-114,オーウェル,Orwell,高校 外国語・大学教養,2,90,check,,True
literature,文学,Literature,29学問,True,literature-field-13,英米文学,English and American Literature,130,True,lit-115,トニ・モリスン,Toni Morrison,高校 外国語・大学教養,2,100,check,,True
literature,文学,Literature,29学問,True,literature-field-14,世界文学,World Literature,140,True,lit-116,ラテンアメリカ文学,Latin American literature,高校 文学国語・大学教養,2,10,check,,True
literature,文学,Literature,29学問,True,literature-field-14,世界文学,World Literature,140,True,lit-117,魔術的リアリズム,Magical realism,高校 文学国語・大学教養,2,20,check,,True
literature,文学,Literature,29学問,True,literature-field-14,世界文学,World Literature,140,True,lit-118,アフリカ文学,African literature,高校 文学国語・大学教養,2,30,check,,True
literature,文学,Literature,29学問,True,literature-field-14,世界文学,World Literature,140,True,lit-119-s1,中東文学：アラビア古典文学（千夜一夜物語）,Middle Eastern literature: classical Arabic literature (One Thousand and One Nights),高校 文学国語・大学教養,2,41,check,,True
literature,文学,Literature,29学問,True,literature-field-14,世界文学,World Literature,140,True,lit-119-s2,中東文学：ペルシア古典詩,Middle Eastern literature: classical Persian poetry,高校 文学国語・大学教養,2,42,check,,True
literature,文学,Literature,29学問,True,literature-field-14,世界文学,World Literature,140,True,lit-119-s3,中東文学：近現代アラブ文学,Middle Eastern literature: modern Arabic literature,高校 文学国語・大学教養,2,43,check,,True
literature,文学,Literature,29学問,True,literature-field-14,世界文学,World Literature,140,True,lit-119-s4,中東文学：現代トルコ文学,Middle Eastern literature: contemporary Turkish literature,高校 文学国語・大学教養,2,44,check,,True
literature,文学,Literature,29学問,True,literature-field-14,世界文学,World Literature,140,True,lit-120-s1,南アジア文学：サンスクリット古典文学（二大叙事詩）,South Asian literature: classical Sanskrit literature (the two great epics),高校 文学国語・大学教養,2,51,check,,True
literature,文学,Literature,29学問,True,literature-field-14,世界文学,World Literature,140,True,lit-120-s2,南アジア文学：タゴールと近代ベンガル文学,South Asian literature: Tagore and modern Bengali literature,高校 文学国語・大学教養,2,52,check,,True
literature,文学,Literature,29学問,True,literature-field-14,世界文学,World Literature,140,True,lit-120-s3,南アジア文学：英語で書くインド文学,South Asian literature: Indian writing in English,高校 文学国語・大学教養,2,53,check,,True
literature,文学,Literature,29学問,True,literature-field-14,世界文学,World Literature,140,True,lit-121,東南アジア文学,Southeast Asian literature,高校 文学国語・大学教養,2,60,check,,True
literature,文学,Literature,29学問,True,literature-field-15,文学理論,Literary Theory,150,True,lit-122,形式主義,Formalism,高校 文学国語・大学教養,2,10,check,,True
literature,文学,Literature,29学問,True,literature-field-15,文学理論,Literary Theory,150,True,lit-123,新批評,New Criticism,高校 文学国語・大学教養,2,20,check,,True
literature,文学,Literature,29学問,True,literature-field-15,文学理論,Literary Theory,150,True,lit-124,構造主義,Structuralism,高校 文学国語・大学教養,2,30,check,,True
literature,文学,Literature,29学問,True,literature-field-15,文学理論,Literary Theory,150,True,lit-125,物語論,Narratology,高校 文学国語・大学教養,2,40,check,,True
literature,文学,Literature,29学問,True,literature-field-15,文学理論,Literary Theory,150,True,lit-126,読者反応批評,Reader-response criticism,高校 文学国語・大学教養,2,50,check,,True
literature,文学,Literature,29学問,True,literature-field-15,文学理論,Literary Theory,150,True,lit-127,精神分析批評,Psychoanalytic criticism,高校 文学国語・大学教養,2,60,check,,True
literature,文学,Literature,29学問,True,literature-field-15,文学理論,Literary Theory,150,True,lit-128,マルクス主義批評,Marxist criticism,高校 文学国語・大学教養,2,70,check,,True
literature,文学,Literature,29学問,True,literature-field-15,文学理論,Literary Theory,150,True,lit-129,フェミニズム批評,Feminist criticism,高校 文学国語・大学教養,2,80,check,,True
literature,文学,Literature,29学問,True,literature-field-15,文学理論,Literary Theory,150,True,lit-130,ポストコロニアル批評,Postcolonial criticism,高校 文学国語・大学教養,2,90,check,,True
literature,文学,Literature,29学問,True,literature-field-15,文学理論,Literary Theory,150,True,lit-131,脱構築,Deconstruction,高校 文学国語・大学教養,2,100,check,,True
literature,文学,Literature,29学問,True,literature-field-16,文学と社会,Literature and Society,160,True,lit-132,文学と歴史,Literature and history,高校 文学国語・大学教養,2,10,check,,True
literature,文学,Literature,29学問,True,literature-field-16,文学と社会,Literature and Society,160,True,lit-133,文学と政治,Literature and politics,高校 文学国語・大学教養,2,20,check,,True
literature,文学,Literature,29学問,True,literature-field-16,文学と社会,Literature and Society,160,True,lit-134,文学とジェンダー,Literature and gender,高校 文学国語・大学教養,2,30,check,,True
literature,文学,Literature,29学問,True,literature-field-16,文学と社会,Literature and Society,160,True,lit-135,文学と階級,Literature and class,高校 文学国語・大学教養,2,40,check,,True
literature,文学,Literature,29学問,True,literature-field-16,文学と社会,Literature and Society,160,True,lit-136,文学と戦争,Literature and war,高校 文学国語・大学教養,2,50,check,,True
literature,文学,Literature,29学問,True,literature-field-16,文学と社会,Literature and Society,160,True,lit-137,文学と都市,Literature and the city,高校 文学国語・大学教養,2,60,check,,True
literature,文学,Literature,29学問,True,literature-field-16,文学と社会,Literature and Society,160,True,lit-138,文学と記憶,Literature and memory,高校 文学国語・大学教養,2,70,check,,True
literature,文学,Literature,29学問,True,literature-field-17,比較文学,Comparative Literature,170,True,lit-139,翻訳文学,Literature in translation,大学教養,2,10,check,,True
literature,文学,Literature,29学問,True,literature-field-17,比較文学,Comparative Literature,170,True,lit-140,受容,Reception,大学教養,2,20,check,,True
literature,文学,Literature,29学問,True,literature-field-17,比較文学,Comparative Literature,170,True,lit-141,影響関係,Influence,大学教養,2,30,check,,True
literature,文学,Literature,29学問,True,literature-field-17,比較文学,Comparative Literature,170,True,lit-142,翻案,Adaptation,大学教養,2,40,check,,True
literature,文学,Literature,29学問,True,literature-field-17,比較文学,Comparative Literature,170,True,lit-143,越境する文学,Literature across borders,大学教養,2,50,check,,True
literature,文学,Literature,29学問,True,literature-field-17,比較文学,Comparative Literature,170,True,lit-144,世界文学という考え方,The idea of world literature,大学教養,2,60,check,,True
literature,文学,Literature,29学問,True,literature-field-18,創作,Creative Writing,180,True,lit-145,物語を書く,Writing stories,小学 国語・中学 国語・高校 国語表現,2,10,check,,True
literature,文学,Literature,29学問,True,literature-field-18,創作,Creative Writing,180,True,lit-146,詩を書く,Writing poetry,小学 国語・中学 国語・高校 国語表現,2,20,check,,True
literature,文学,Literature,29学問,True,literature-field-18,創作,Creative Writing,180,True,lit-147,人物造形,Characterization,小学 国語・中学 国語・高校 国語表現,2,30,check,,True
literature,文学,Literature,29学問,True,literature-field-18,創作,Creative Writing,180,True,lit-148,場面描写,Describing scenes,小学 国語・中学 国語・高校 国語表現,2,40,check,,True
literature,文学,Literature,29学問,True,literature-field-18,創作,Creative Writing,180,True,lit-149,会話,Dialogue,小学 国語・中学 国語・高校 国語表現,2,50,check,,True
literature,文学,Literature,29学問,True,literature-field-18,創作,Creative Writing,180,True,lit-150,構成,Structure,小学 国語・中学 国語・高校 国語表現,2,60,check,,True
literature,文学,Literature,29学問,True,literature-field-18,創作,Creative Writing,180,True,lit-151,推敲,Revision,小学 国語・中学 国語・高校 国語表現,2,70,check,,True
art,芸術,Art,29学問,True,art-field-01,芸術の基礎,Foundations of Art,10,True,art-002,表現と鑑賞,Expression and appreciation,小学 図画工作・音楽・中学 美術・音楽,2,20,check,,True
art,芸術,Art,29学問,True,art-field-01,芸術の基礎,Foundations of Art,10,True,art-003,創造性,Creativity,小学 図画工作・音楽・中学 美術・音楽,2,30,check,,True
art,芸術,Art,29学問,True,art-field-01,芸術の基礎,Foundations of Art,10,True,art-004,形式と内容,Form and content,小学 図画工作・音楽・中学 美術・音楽,2,40,check,,True
art,芸術,Art,29学問,True,art-field-01,芸術の基礎,Foundations of Art,10,True,art-005,技法,Techniques,小学 図画工作・音楽・中学 美術・音楽,2,50,check,,True
art,芸術,Art,29学問,True,art-field-01,芸術の基礎,Foundations of Art,10,True,art-006,作品と文脈,Works and context,小学 図画工作・音楽・中学 美術・音楽,2,60,check,,True
art,芸術,Art,29学問,True,art-field-01,芸術の基礎,Foundations of Art,10,True,art-007,作者と鑑賞者,Artist and viewer,小学 図画工作・音楽・中学 美術・音楽,2,70,check,,True
art,芸術,Art,29学問,True,art-field-02,美術の造形,Visual Elements of Art,20,True,art-008,点・線・面,"Point, line and plane",小学 図画工作・中学 美術・高校 美術,2,10,check,,True
art,芸術,Art,29学問,True,art-field-02,美術の造形,Visual Elements of Art,20,True,art-009,形,Shape and form,小学 図画工作・中学 美術・高校 美術,2,20,check,,True
art,芸術,Art,29学問,True,art-field-02,美術の造形,Visual Elements of Art,20,True,art-010,色彩,Color,小学 図画工作・中学 美術・高校 美術,2,30,check,,True
art,芸術,Art,29学問,True,art-field-02,美術の造形,Visual Elements of Art,20,True,art-011,明暗,Light and shade,小学 図画工作・中学 美術・高校 美術,2,40,check,,True
art,芸術,Art,29学問,True,art-field-02,美術の造形,Visual Elements of Art,20,True,art-012,質感,Texture,小学 図画工作・中学 美術・高校 美術,2,50,check,,True
art,芸術,Art,29学問,True,art-field-02,美術の造形,Visual Elements of Art,20,True,art-013,空間,Space,小学 図画工作・中学 美術・高校 美術,2,60,check,,True
art,芸術,Art,29学問,True,art-field-02,美術の造形,Visual Elements of Art,20,True,art-014,構図,Composition,小学 図画工作・中学 美術・高校 美術,2,70,check,,True
art,芸術,Art,29学問,True,art-field-02,美術の造形,Visual Elements of Art,20,True,art-015,遠近法,Perspective,小学 図画工作・中学 美術・高校 美術,2,80,check,,True
art,芸術,Art,29学問,True,art-field-02,美術の造形,Visual Elements of Art,20,True,art-016,デッサン,Drawing (dessin),小学 図画工作・中学 美術・高校 美術,2,90,check,,True
art,芸術,Art,29学問,True,art-field-03,絵画,Painting,30,True,art-017,素描,Sketching,小学 図画工作・中学 美術・高校 美術,2,10,check,,True
art,芸術,Art,29学問,True,art-field-03,絵画,Painting,30,True,art-018,水彩,Watercolor,小学 図画工作・中学 美術・高校 美術,2,20,check,,True
art,芸術,Art,29学問,True,art-field-03,絵画,Painting,30,True,art-019,油彩,Oil painting,小学 図画工作・中学 美術・高校 美術,2,30,check,,True
art,芸術,Art,29学問,True,art-field-03,絵画,Painting,30,True,art-020,日本画,Nihonga (Japanese-style painting),小学 図画工作・中学 美術・高校 美術,2,40,check,,True
art,芸術,Art,29学問,True,art-field-03,絵画,Painting,30,True,art-021,版画,Printmaking,小学 図画工作・中学 美術・高校 美術,2,50,check,,True
art,芸術,Art,29学問,True,art-field-03,絵画,Painting,30,True,art-022,壁画,Murals,小学 図画工作・中学 美術・高校 美術,2,60,check,,True
art,芸術,Art,29学問,True,art-field-03,絵画,Painting,30,True,art-023,抽象画,Abstract painting,小学 図画工作・中学 美術・高校 美術,2,70,check,,True
art,芸術,Art,29学問,True,art-field-03,絵画,Painting,30,True,art-024,具象画,Figurative painting,小学 図画工作・中学 美術・高校 美術,2,80,check,,True
art,芸術,Art,29学問,True,art-field-04,彫刻,Sculpture,40,True,art-025,塑造,Modeling,小学 図画工作・中学 美術・高校 美術,2,10,check,,True
art,芸術,Art,29学問,True,art-field-04,彫刻,Sculpture,40,True,art-026,彫造,Carving,小学 図画工作・中学 美術・高校 美術,2,20,check,,True
art,芸術,Art,29学問,True,art-field-04,彫刻,Sculpture,40,True,art-027,石彫,Stone sculpture,小学 図画工作・中学 美術・高校 美術,2,30,check,,True
art,芸術,Art,29学問,True,art-field-04,彫刻,Sculpture,40,True,art-028,木彫,Wood sculpture,小学 図画工作・中学 美術・高校 美術,2,40,check,,True
art,芸術,Art,29学問,True,art-field-04,彫刻,Sculpture,40,True,art-029,金属彫刻,Metal sculpture,小学 図画工作・中学 美術・高校 美術,2,50,check,,True
art,芸術,Art,29学問,True,art-field-04,彫刻,Sculpture,40,True,art-030,立体造形,Three-dimensional art,小学 図画工作・中学 美術・高校 美術,2,60,check,,True
art,芸術,Art,29学問,True,art-field-04,彫刻,Sculpture,40,True,art-031,インスタレーション,Installation,小学 図画工作・中学 美術・高校 美術,2,70,check,,True
art,芸術,Art,29学問,True,art-field-05,工芸,Crafts,50,True,art-032,陶芸,Ceramics,小学 図画工作・中学 美術・高校 工芸,2,10,check,,True
art,芸術,Art,29学問,True,art-field-05,工芸,Crafts,50,True,art-033,染織,Dyeing and weaving,小学 図画工作・中学 美術・高校 工芸,2,20,check,,True
art,芸術,Art,29学問,True,art-field-05,工芸,Crafts,50,True,art-034,漆芸,Lacquerware,小学 図画工作・中学 美術・高校 工芸,2,30,check,,True
art,芸術,Art,29学問,True,art-field-05,工芸,Crafts,50,True,art-035,木工,Woodworking,小学 図画工作・中学 美術・高校 工芸,2,40,check,,True
art,芸術,Art,29学問,True,art-field-05,工芸,Crafts,50,True,art-036,金工,Metalwork,小学 図画工作・中学 美術・高校 工芸,2,50,check,,True
art,芸術,Art,29学問,True,art-field-05,工芸,Crafts,50,True,art-037,ガラス,Glass,小学 図画工作・中学 美術・高校 工芸,2,60,check,,True
art,芸術,Art,29学問,True,art-field-05,工芸,Crafts,50,True,art-038,生活と工芸,Crafts in daily life,小学 図画工作・中学 美術・高校 工芸,2,70,check,,True
art,芸術,Art,29学問,True,art-field-05,工芸,Crafts,50,True,art-039,民藝,Mingei (folk crafts),小学 図画工作・中学 美術・高校 工芸,2,80,check,,True
art,芸術,Art,29学問,True,art-field-06,書道,Calligraphy,60,True,art-040,漢字の書,Kanji calligraphy,小学 国語・高校 書道,2,10,check,,True
art,芸術,Art,29学問,True,art-field-06,書道,Calligraphy,60,True,art-041,仮名の書,Kana calligraphy,小学 国語・高校 書道,2,20,check,,True
art,芸術,Art,29学問,True,art-field-06,書道,Calligraphy,60,True,art-042,漢字仮名交じりの書,Mixed kanji-kana calligraphy,小学 国語・高校 書道,2,30,check,,True
art,芸術,Art,29学問,True,art-field-06,書道,Calligraphy,60,True,art-043,篆書,Seal script,小学 国語・高校 書道,2,40,check,,True
art,芸術,Art,29学問,True,art-field-06,書道,Calligraphy,60,True,art-044,隷書,Clerical script,小学 国語・高校 書道,2,50,check,,True
art,芸術,Art,29学問,True,art-field-06,書道,Calligraphy,60,True,art-045,楷書,Regular script,小学 国語・高校 書道,2,60,check,,True
art,芸術,Art,29学問,True,art-field-06,書道,Calligraphy,60,True,art-046,行書,Running script,小学 国語・高校 書道,2,70,check,,True
art,芸術,Art,29学問,True,art-field-06,書道,Calligraphy,60,True,art-047,草書,Cursive script,小学 国語・高校 書道,2,80,check,,True
art,芸術,Art,29学問,True,art-field-06,書道,Calligraphy,60,True,art-048,書の鑑賞,Appreciating calligraphy,小学 国語・高校 書道,2,90,check,,True
art,芸術,Art,29学問,True,art-field-06,書道,Calligraphy,60,True,art-049,篆刻,Seal carving,小学 国語・高校 書道,2,100,check,,True
art,芸術,Art,29学問,True,art-field-07,音楽基礎,Music Fundamentals,70,True,art-050,音高,Pitch,小学 音楽・中学 音楽・高校 音楽,2,10,check,,True
art,芸術,Art,29学問,True,art-field-07,音楽基礎,Music Fundamentals,70,True,art-051,リズム,Rhythm,小学 音楽・中学 音楽・高校 音楽,2,20,check,,True
art,芸術,Art,29学問,True,art-field-07,音楽基礎,Music Fundamentals,70,True,art-052,拍子,Meter,小学 音楽・中学 音楽・高校 音楽,2,30,check,,True
art,芸術,Art,29学問,True,art-field-07,音楽基礎,Music Fundamentals,70,True,art-053,テンポ,Tempo,小学 音楽・中学 音楽・高校 音楽,2,40,check,,True
art,芸術,Art,29学問,True,art-field-07,音楽基礎,Music Fundamentals,70,True,art-054,旋律,Melody,小学 音楽・中学 音楽・高校 音楽,2,50,check,,True
art,芸術,Art,29学問,True,art-field-07,音楽基礎,Music Fundamentals,70,True,art-055-s1,和声：三和音と七の和音,Harmony: triads and seventh chords,小学 音楽・中学 音楽・高校 音楽,2,61,check,,True
art,芸術,Art,29学問,True,art-field-07,音楽基礎,Music Fundamentals,70,True,art-055-s2,和声：カデンツ（終止形）,Harmony: cadences,小学 音楽・中学 音楽・高校 音楽,2,62,check,,True
art,芸術,Art,29学問,True,art-field-07,音楽基礎,Music Fundamentals,70,True,art-055-s3,和声：和声進行,Harmony: chord progressions,小学 音楽・中学 音楽・高校 音楽,2,63,check,,True
art,芸術,Art,29学問,True,art-field-07,音楽基礎,Music Fundamentals,70,True,art-055-s4,和声：転調,Harmony: modulation,小学 音楽・中学 音楽・高校 音楽,2,64,check,,True
art,芸術,Art,29学問,True,art-field-07,音楽基礎,Music Fundamentals,70,True,art-056,音色,Timbre,小学 音楽・中学 音楽・高校 音楽,2,70,check,,True
art,芸術,Art,29学問,True,art-field-07,音楽基礎,Music Fundamentals,70,True,art-057,強弱,Dynamics,小学 音楽・中学 音楽・高校 音楽,2,80,check,,True
art,芸術,Art,29学問,True,art-field-07,音楽基礎,Music Fundamentals,70,True,art-058,楽式,Musical form,小学 音楽・中学 音楽・高校 音楽,2,90,check,,True
art,芸術,Art,29学問,True,art-field-07,音楽基礎,Music Fundamentals,70,True,art-059,楽譜,Musical notation,小学 音楽・中学 音楽・高校 音楽,2,100,check,,True
art,芸術,Art,29学問,True,art-field-08,声楽,Vocal Music,80,True,art-060,発声,Vocal technique,小学 音楽・中学 音楽・高校 音楽,2,10,check,,True
art,芸術,Art,29学問,True,art-field-08,声楽,Vocal Music,80,True,art-061,歌唱,Singing,小学 音楽・中学 音楽・高校 音楽,2,20,check,,True
art,芸術,Art,29学問,True,art-field-08,声楽,Vocal Music,80,True,art-062,合唱,Choir,小学 音楽・中学 音楽・高校 音楽,2,30,check,,True
art,芸術,Art,29学問,True,art-field-08,声楽,Vocal Music,80,True,art-063,歌曲,Art songs,小学 音楽・中学 音楽・高校 音楽,2,40,check,,True
art,芸術,Art,29学問,True,art-field-08,声楽,Vocal Music,80,True,art-064,オペラ,Opera,小学 音楽・中学 音楽・高校 音楽,2,50,check,,True
art,芸術,Art,29学問,True,art-field-09,器楽,Instrumental Music,90,True,art-065,鍵盤楽器,Keyboard instruments,小学 音楽・中学 音楽・高校 音楽,2,10,check,,True
art,芸術,Art,29学問,True,art-field-09,器楽,Instrumental Music,90,True,art-066,弦楽器,String instruments,小学 音楽・中学 音楽・高校 音楽,2,20,check,,True
art,芸術,Art,29学問,True,art-field-09,器楽,Instrumental Music,90,True,art-067,管楽器,Wind instruments,小学 音楽・中学 音楽・高校 音楽,2,30,check,,True
art,芸術,Art,29学問,True,art-field-09,器楽,Instrumental Music,90,True,art-068,打楽器,Percussion instruments,小学 音楽・中学 音楽・高校 音楽,2,40,check,,True
art,芸術,Art,29学問,True,art-field-09,器楽,Instrumental Music,90,True,art-069,合奏,Ensemble,小学 音楽・中学 音楽・高校 音楽,2,50,check,,True
art,芸術,Art,29学問,True,art-field-09,器楽,Instrumental Music,90,True,art-070,オーケストラ,Orchestra,小学 音楽・中学 音楽・高校 音楽,2,60,check,,True
art,芸術,Art,29学問,True,art-field-10,作曲,Composition,100,True,art-071,動機,Motifs,中学 音楽・高校 音楽,2,10,check,,True
art,芸術,Art,29学問,True,art-field-10,作曲,Composition,100,True,art-072,旋律づくり,Writing melodies,中学 音楽・高校 音楽,2,20,check,,True
art,芸術,Art,29学問,True,art-field-10,作曲,Composition,100,True,art-073,作曲における和声,Harmony in composition,中学 音楽・高校 音楽,2,30,check,,True
art,芸術,Art,29学問,True,art-field-10,作曲,Composition,100,True,art-074,対位法,Counterpoint,中学 音楽・高校 音楽,2,40,check,,True
art,芸術,Art,29学問,True,art-field-10,作曲,Composition,100,True,art-075,形式,Form,中学 音楽・高校 音楽,2,50,check,,True
art,芸術,Art,29学問,True,art-field-10,作曲,Composition,100,True,art-076,編曲,Arranging,中学 音楽・高校 音楽,2,60,check,,True
art,芸術,Art,29学問,True,art-field-10,作曲,Composition,100,True,art-077,即興,Improvisation,中学 音楽・高校 音楽,2,70,check,,True
art,芸術,Art,29学問,True,art-field-10,作曲,Composition,100,True,art-078,デジタル作曲,Digital composition,中学 音楽・高校 音楽,2,80,check,,True
art,芸術,Art,29学問,True,art-field-11,日本音楽,Japanese Music,110,True,art-079,雅楽,Gagaku,小学 音楽・中学 音楽・高校 音楽,2,10,check,,True
art,芸術,Art,29学問,True,art-field-11,日本音楽,Japanese Music,110,True,art-080,能楽,Nohgaku,小学 音楽・中学 音楽・高校 音楽,2,20,check,,True
art,芸術,Art,29学問,True,art-field-11,日本音楽,Japanese Music,110,True,art-081,箏曲,Sokyoku (koto music),小学 音楽・中学 音楽・高校 音楽,2,30,check,,True
art,芸術,Art,29学問,True,art-field-11,日本音楽,Japanese Music,110,True,art-082,尺八,Shakuhachi,小学 音楽・中学 音楽・高校 音楽,2,40,check,,True
art,芸術,Art,29学問,True,art-field-11,日本音楽,Japanese Music,110,True,art-083,三味線音楽,Shamisen music,小学 音楽・中学 音楽・高校 音楽,2,50,check,,True
art,芸術,Art,29学問,True,art-field-11,日本音楽,Japanese Music,110,True,art-084,民謡,Folk songs (min'yo),小学 音楽・中学 音楽・高校 音楽,2,60,check,,True
art,芸術,Art,29学問,True,art-field-11,日本音楽,Japanese Music,110,True,art-085,祭囃子,Festival music (matsuri-bayashi),小学 音楽・中学 音楽・高校 音楽,2,70,check,,True
art,芸術,Art,29学問,True,art-field-12,世界音楽,World Music,120,True,art-086,西洋クラシック,Western classical music,中学 音楽・高校 音楽,2,10,check,,True
art,芸術,Art,29学問,True,art-field-12,世界音楽,World Music,120,True,art-087,ジャズ,Jazz,中学 音楽・高校 音楽,2,20,check,,True
art,芸術,Art,29学問,True,art-field-12,世界音楽,World Music,120,True,art-088,ブルース,Blues,中学 音楽・高校 音楽,2,30,check,,True
art,芸術,Art,29学問,True,art-field-12,世界音楽,World Music,120,True,art-089,ロック,Rock,中学 音楽・高校 音楽,2,40,check,,True
art,芸術,Art,29学問,True,art-field-12,世界音楽,World Music,120,True,art-090,ラテン音楽,Latin music,中学 音楽・高校 音楽,2,50,check,,True
art,芸術,Art,29学問,True,art-field-12,世界音楽,World Music,120,True,art-091,アフリカ音楽,African music,中学 音楽・高校 音楽,2,60,check,,True
art,芸術,Art,29学問,True,art-field-12,世界音楽,World Music,120,True,art-092,インド音楽,Indian music,中学 音楽・高校 音楽,2,70,check,,True
art,芸術,Art,29学問,True,art-field-12,世界音楽,World Music,120,True,art-093,東アジア音楽,East Asian music,中学 音楽・高校 音楽,2,80,check,,True
art,芸術,Art,29学問,True,art-field-12,世界音楽,World Music,120,True,art-094,民族音楽,Ethnic and traditional music,中学 音楽・高校 音楽,2,90,check,,True
art,芸術,Art,29学問,True,art-field-13,西洋美術史,Western Art History,130,True,art-095,古代ギリシア美術,Ancient Greek art,中学 美術・高校 美術・大学教養,2,10,check,,True
art,芸術,Art,29学問,True,art-field-13,西洋美術史,Western Art History,130,True,art-096,ローマ美術,Roman art,中学 美術・高校 美術・大学教養,2,20,check,,True
art,芸術,Art,29学問,True,art-field-13,西洋美術史,Western Art History,130,True,art-097-s1,中世美術：初期キリスト教美術とビザンティン美術,Medieval art: early Christian and Byzantine art,中学 美術・高校 美術・大学教養,2,31,check,,True
art,芸術,Art,29学問,True,art-field-13,西洋美術史,Western Art History,130,True,art-097-s2,中世美術：ロマネスク美術,Medieval art: Romanesque art,中学 美術・高校 美術・大学教養,2,32,check,,True
art,芸術,Art,29学問,True,art-field-13,西洋美術史,Western Art History,130,True,art-097-s3,中世美術：ゴシック美術,Medieval art: Gothic art,中学 美術・高校 美術・大学教養,2,33,check,,True
art,芸術,Art,29学問,True,art-field-13,西洋美術史,Western Art History,130,True,art-098-s1,ルネサンス：初期ルネサンス,Renaissance: Early Renaissance,中学 美術・高校 美術・大学教養,2,41,check,,True
art,芸術,Art,29学問,True,art-field-13,西洋美術史,Western Art History,130,True,art-098-s2,ルネサンス：盛期ルネサンス,Renaissance: High Renaissance,中学 美術・高校 美術・大学教養,2,42,check,,True
art,芸術,Art,29学問,True,art-field-13,西洋美術史,Western Art History,130,True,art-098-s3,ルネサンス：北方ルネサンス,Renaissance: Northern Renaissance,中学 美術・高校 美術・大学教養,2,43,check,,True
art,芸術,Art,29学問,True,art-field-13,西洋美術史,Western Art History,130,True,art-098-s4,ルネサンス：マニエリスム,Renaissance: Mannerism,中学 美術・高校 美術・大学教養,2,44,check,,True
art,芸術,Art,29学問,True,art-field-13,西洋美術史,Western Art History,130,True,art-099,バロック,Baroque,中学 美術・高校 美術・大学教養,2,50,check,,True
art,芸術,Art,29学問,True,art-field-13,西洋美術史,Western Art History,130,True,art-100,ロココ,Rococo,中学 美術・高校 美術・大学教養,2,60,check,,True
art,芸術,Art,29学問,True,art-field-13,西洋美術史,Western Art History,130,True,art-101,新古典主義,Neoclassicism,中学 美術・高校 美術・大学教養,2,70,check,,True
art,芸術,Art,29学問,True,art-field-13,西洋美術史,Western Art History,130,True,art-102,ロマン主義,Romanticism,中学 美術・高校 美術・大学教養,2,80,check,,True
art,芸術,Art,29学問,True,art-field-13,西洋美術史,Western Art History,130,True,art-103,写実主義,Realism,中学 美術・高校 美術・大学教養,2,90,check,,True
art,芸術,Art,29学問,True,art-field-13,西洋美術史,Western Art History,130,True,art-104,印象派,Impressionism,中学 美術・高校 美術・大学教養,2,100,check,,True
art,芸術,Art,29学問,True,art-field-13,西洋美術史,Western Art History,130,True,art-105,ポスト印象派,Post-Impressionism,中学 美術・高校 美術・大学教養,2,110,check,,True
art,芸術,Art,29学問,True,art-field-13,西洋美術史,Western Art History,130,True,art-106,キュビスム,Cubism,中学 美術・高校 美術・大学教養,2,120,check,,True
art,芸術,Art,29学問,True,art-field-13,西洋美術史,Western Art History,130,True,art-107,表現主義,Expressionism,中学 美術・高校 美術・大学教養,2,130,check,,True
art,芸術,Art,29学問,True,art-field-13,西洋美術史,Western Art History,130,True,art-108,抽象芸術,Abstract art,中学 美術・高校 美術・大学教養,2,140,check,,True
art,芸術,Art,29学問,True,art-field-13,西洋美術史,Western Art History,130,True,art-109,ダダ,Dada,中学 美術・高校 美術・大学教養,2,150,check,,True
art,芸術,Art,29学問,True,art-field-13,西洋美術史,Western Art History,130,True,art-110,シュルレアリスム,Surrealism,中学 美術・高校 美術・大学教養,2,160,check,,True
art,芸術,Art,29学問,True,art-field-13,西洋美術史,Western Art History,130,True,art-111-s1,現代美術：抽象表現主義,Contemporary art: Abstract Expressionism,中学 美術・高校 美術・大学教養,2,171,check,,True
art,芸術,Art,29学問,True,art-field-13,西洋美術史,Western Art History,130,True,art-111-s2,現代美術：ポップアート,Contemporary art: Pop Art,中学 美術・高校 美術・大学教養,2,172,check,,True
art,芸術,Art,29学問,True,art-field-13,西洋美術史,Western Art History,130,True,art-111-s3,現代美術：ミニマル・アート,Contemporary art: Minimal Art,中学 美術・高校 美術・大学教養,2,173,check,,True
art,芸術,Art,29学問,True,art-field-14,日本美術史,Japanese Art History,140,True,art-112,縄文・弥生の造形,Jomon and Yayoi art,中学 美術・高校 美術,2,10,check,,True
art,芸術,Art,29学問,True,art-field-14,日本美術史,Japanese Art History,140,True,art-113-s1,仏教美術：飛鳥美術,Buddhist art: Asuka art,中学 美術・高校 美術,2,21,check,,True
art,芸術,Art,29学問,True,art-field-14,日本美術史,Japanese Art History,140,True,art-113-s2,仏教美術：白鳳美術,Buddhist art: Hakuho art,中学 美術・高校 美術,2,22,check,,True
art,芸術,Art,29学問,True,art-field-14,日本美術史,Japanese Art History,140,True,art-113-s3,仏教美術：天平美術,Buddhist art: Tenpyo art,中学 美術・高校 美術,2,23,check,,True
art,芸術,Art,29学問,True,art-field-14,日本美術史,Japanese Art History,140,True,art-114,平安美術,Heian art,中学 美術・高校 美術,2,30,check,,True
art,芸術,Art,29学問,True,art-field-14,日本美術史,Japanese Art History,140,True,art-115,鎌倉美術,Kamakura art,中学 美術・高校 美術,2,40,check,,True
art,芸術,Art,29学問,True,art-field-14,日本美術史,Japanese Art History,140,True,art-116,室町美術,Muromachi art,中学 美術・高校 美術,2,50,check,,True
art,芸術,Art,29学問,True,art-field-14,日本美術史,Japanese Art History,140,True,art-117,桃山美術,Momoyama art,中学 美術・高校 美術,2,60,check,,True
art,芸術,Art,29学問,True,art-field-14,日本美術史,Japanese Art History,140,True,art-118-s1,江戸美術：狩野派,Edo art: Kano school,中学 美術・高校 美術,2,71,check,,True
art,芸術,Art,29学問,True,art-field-14,日本美術史,Japanese Art History,140,True,art-118-s2,江戸美術：琳派,Edo art: Rinpa school,中学 美術・高校 美術,2,72,check,,True
art,芸術,Art,29学問,True,art-field-14,日本美術史,Japanese Art History,140,True,art-118-s3,江戸美術：文人画,Edo art: literati painting (bunjinga),中学 美術・高校 美術,2,73,check,,True
art,芸術,Art,29学問,True,art-field-14,日本美術史,Japanese Art History,140,True,art-118-s4,江戸美術：円山四条派,Edo art: Maruyama-Shijo school,中学 美術・高校 美術,2,74,check,,True
art,芸術,Art,29学問,True,art-field-14,日本美術史,Japanese Art History,140,True,art-119,浮世絵,Ukiyo-e,中学 美術・高校 美術,2,80,check,,True
art,芸術,Art,29学問,True,art-field-14,日本美術史,Japanese Art History,140,True,art-120,明治美術,Meiji art,中学 美術・高校 美術,2,90,check,,True
art,芸術,Art,29学問,True,art-field-14,日本美術史,Japanese Art History,140,True,art-121,近代日本美術,Modern Japanese art,中学 美術・高校 美術,2,100,check,,True
art,芸術,Art,29学問,True,art-field-14,日本美術史,Japanese Art History,140,True,art-122,戦後日本美術,Postwar Japanese art,中学 美術・高校 美術,2,110,check,,True
art,芸術,Art,29学問,True,art-field-15,西洋音楽史,Western Music History,150,True,art-123-s1,中世音楽：グレゴリオ聖歌,Medieval music: Gregorian chant,高校 音楽・大学教養,2,11,check,,True
art,芸術,Art,29学問,True,art-field-15,西洋音楽史,Western Music History,150,True,art-123-s2,中世音楽：ノートルダム楽派と初期ポリフォニー,Medieval music: Notre Dame school and early polyphony,高校 音楽・大学教養,2,12,check,,True
art,芸術,Art,29学問,True,art-field-15,西洋音楽史,Western Music History,150,True,art-123-s3,中世音楽：アルス・ノーヴァ,Medieval music: Ars Nova,高校 音楽・大学教養,2,13,check,,True
art,芸術,Art,29学問,True,art-field-15,西洋音楽史,Western Music History,150,True,art-124,ルネサンス音楽,Renaissance music,高校 音楽・大学教養,2,20,check,,True
art,芸術,Art,29学問,True,art-field-15,西洋音楽史,Western Music History,150,True,art-125,バロック音楽,Baroque music,高校 音楽・大学教養,2,30,check,,True
art,芸術,Art,29学問,True,art-field-15,西洋音楽史,Western Music History,150,True,art-126,古典派,Classical period,高校 音楽・大学教養,2,40,check,,True
art,芸術,Art,29学問,True,art-field-15,西洋音楽史,Western Music History,150,True,art-127,ロマン派,Romantic period,高校 音楽・大学教養,2,50,check,,True
art,芸術,Art,29学問,True,art-field-15,西洋音楽史,Western Music History,150,True,art-128,国民楽派,National schools,高校 音楽・大学教養,2,60,check,,True
art,芸術,Art,29学問,True,art-field-15,西洋音楽史,Western Music History,150,True,art-129,印象主義音楽,Impressionist music,高校 音楽・大学教養,2,70,check,,True
art,芸術,Art,29学問,True,art-field-15,西洋音楽史,Western Music History,150,True,art-130-s1,20世紀音楽：十二音技法と新ウィーン楽派,20th-century music: twelve-tone technique and the Second Viennese School,高校 音楽・大学教養,2,81,check,,True
art,芸術,Art,29学問,True,art-field-15,西洋音楽史,Western Music History,150,True,art-130-s2,20世紀音楽：新古典主義,20th-century music: Neoclassicism,高校 音楽・大学教養,2,82,check,,True
art,芸術,Art,29学問,True,art-field-15,西洋音楽史,Western Music History,150,True,art-130-s3,20世紀音楽：原始主義とバルトーク・ストラヴィンスキー,"20th-century music: Primitivism, Bartók and Stravinsky",高校 音楽・大学教養,2,83,check,,True
art,芸術,Art,29学問,True,art-field-15,西洋音楽史,Western Music History,150,True,art-131,現代音楽,Contemporary music,高校 音楽・大学教養,2,90,check,,True
art,芸術,Art,29学問,True,art-field-16,写真,Photography,160,True,art-132,カメラ,Cameras,中学 美術・高校 美術・大学教養,2,10,check,,True
art,芸術,Art,29学問,True,art-field-16,写真,Photography,160,True,art-133,露出,Exposure,中学 美術・高校 美術・大学教養,2,20,check,,True
art,芸術,Art,29学問,True,art-field-16,写真,Photography,160,True,art-134,写真の構図,Composition in photography,中学 美術・高校 美術・大学教養,2,30,check,,True
art,芸術,Art,29学問,True,art-field-16,写真,Photography,160,True,art-135,光,Light,中学 美術・高校 美術・大学教養,2,40,check,,True
art,芸術,Art,29学問,True,art-field-16,写真,Photography,160,True,art-136-s1,写真史：写真の発明（ダゲレオタイプ・カロタイプ）,"History of photography: invention of photography (daguerreotype, calotype)",中学 美術・高校 美術・大学教養,2,51,check,,True
art,芸術,Art,29学問,True,art-field-16,写真,Photography,160,True,art-136-s2,写真史：ピクトリアリズム,History of photography: Pictorialism,中学 美術・高校 美術・大学教養,2,52,check,,True
art,芸術,Art,29学問,True,art-field-16,写真,Photography,160,True,art-136-s3,写真史：ストレート・フォトグラフィ,History of photography: straight photography,中学 美術・高校 美術・大学教養,2,53,check,,True
art,芸術,Art,29学問,True,art-field-16,写真,Photography,160,True,art-136-s4,写真史：戦後・現代写真,History of photography: postwar and contemporary photography,中学 美術・高校 美術・大学教養,2,54,check,,True
art,芸術,Art,29学問,True,art-field-16,写真,Photography,160,True,art-137,報道写真,Photojournalism,中学 美術・高校 美術・大学教養,2,60,check,,True
art,芸術,Art,29学問,True,art-field-16,写真,Photography,160,True,art-138,芸術写真,Fine art photography,中学 美術・高校 美術・大学教養,2,70,check,,True
art,芸術,Art,29学問,True,art-field-16,写真,Photography,160,True,art-139,デジタル写真,Digital photography,中学 美術・高校 美術・大学教養,2,80,check,,True
art,芸術,Art,29学問,True,art-field-17,映画,Film,170,True,art-140,映画の誕生,Birth of cinema,高校 美術・大学教養,2,10,check,,True
art,芸術,Art,29学問,True,art-field-17,映画,Film,170,True,art-141,ショット,Shots,高校 美術・大学教養,2,20,check,,True
art,芸術,Art,29学問,True,art-field-17,映画,Film,170,True,art-142,モンタージュ,Montage,高校 美術・大学教養,2,30,check,,True
art,芸術,Art,29学問,True,art-field-17,映画,Film,170,True,art-143,撮影,Cinematography,高校 美術・大学教養,2,40,check,,True
art,芸術,Art,29学問,True,art-field-17,映画,Film,170,True,art-144,編集,Editing,高校 美術・大学教養,2,50,check,,True
art,芸術,Art,29学問,True,art-field-17,映画,Film,170,True,art-145,音響,Sound,高校 美術・大学教養,2,60,check,,True
art,芸術,Art,29学問,True,art-field-17,映画,Film,170,True,art-146,映画ジャンル,Film genres,高校 美術・大学教養,2,70,check,,True
art,芸術,Art,29学問,True,art-field-17,映画,Film,170,True,art-147-s1,映画史：サイレント映画,Film history: silent film,高校 美術・大学教養,2,81,check,,True
art,芸術,Art,29学問,True,art-field-17,映画,Film,170,True,art-147-s2,映画史：ハリウッド古典期,Film history: classical Hollywood,高校 美術・大学教養,2,82,check,,True
art,芸術,Art,29学問,True,art-field-17,映画,Film,170,True,art-147-s3,映画史：ネオレアリズモとヌーヴェル・ヴァーグ,Film history: Neorealism and the French New Wave,高校 美術・大学教養,2,83,check,,True
art,芸術,Art,29学問,True,art-field-17,映画,Film,170,True,art-147-s4,映画史：日本映画の黄金期,Film history: golden age of Japanese cinema,高校 美術・大学教養,2,84,check,,True
art,芸術,Art,29学問,True,art-field-17,映画,Film,170,True,art-148,映画批評,Film criticism,高校 美術・大学教養,2,90,check,,True
art,芸術,Art,29学問,True,art-field-18,演劇,Theater,180,True,art-149,演劇とは何か,What is theater?,国語・高校 芸術・大学教養,2,10,check,,True
art,芸術,Art,29学問,True,art-field-18,演劇,Theater,180,True,art-150,脚本,Scripts,国語・高校 芸術・大学教養,2,20,check,,True
art,芸術,Art,29学問,True,art-field-18,演劇,Theater,180,True,art-151,演技,Acting,国語・高校 芸術・大学教養,2,30,check,,True
art,芸術,Art,29学問,True,art-field-18,演劇,Theater,180,True,art-152,演出,Directing,国語・高校 芸術・大学教養,2,40,check,,True
art,芸術,Art,29学問,True,art-field-18,演劇,Theater,180,True,art-153,舞台美術,Stage design,国語・高校 芸術・大学教養,2,50,check,,True
art,芸術,Art,29学問,True,art-field-18,演劇,Theater,180,True,art-154,古代ギリシア演劇,Ancient Greek theater,国語・高校 芸術・大学教養,2,60,check,,True
art,芸術,Art,29学問,True,art-field-18,演劇,Theater,180,True,art-155,シェイクスピア,Shakespeare,国語・高校 芸術・大学教養,2,70,check,,True
art,芸術,Art,29学問,True,art-field-18,演劇,Theater,180,True,art-156,近代演劇,Modern theater,国語・高校 芸術・大学教養,2,80,check,,True
art,芸術,Art,29学問,True,art-field-18,演劇,Theater,180,True,art-157-s1,日本演劇：歌舞伎,Japanese theater: kabuki,国語・高校 芸術・大学教養,2,91,check,,True
art,芸術,Art,29学問,True,art-field-18,演劇,Theater,180,True,art-157-s2,日本演劇：人形浄瑠璃（文楽）,Japanese theater: ningyo joruri (bunraku),国語・高校 芸術・大学教養,2,92,check,,True
art,芸術,Art,29学問,True,art-field-18,演劇,Theater,180,True,art-157-s3,日本演劇：新劇,Japanese theater: shingeki,国語・高校 芸術・大学教養,2,93,check,,True
art,芸術,Art,29学問,True,art-field-18,演劇,Theater,180,True,art-157-s4,日本演劇：アングラ・小劇場演劇,Japanese theater: underground and small theater,国語・高校 芸術・大学教養,2,94,check,,True
art,芸術,Art,29学問,True,art-field-19,舞踊,Dance,190,True,art-158,身体表現,Bodily expression,小学 体育・高校 芸術・大学教養,2,10,check,,True
art,芸術,Art,29学問,True,art-field-19,舞踊,Dance,190,True,art-159,バレエ,Ballet,小学 体育・高校 芸術・大学教養,2,20,check,,True
art,芸術,Art,29学問,True,art-field-19,舞踊,Dance,190,True,art-160,モダンダンス,Modern dance,小学 体育・高校 芸術・大学教養,2,30,check,,True
art,芸術,Art,29学問,True,art-field-19,舞踊,Dance,190,True,art-161,コンテンポラリーダンス,Contemporary dance,小学 体育・高校 芸術・大学教養,2,40,check,,True
art,芸術,Art,29学問,True,art-field-19,舞踊,Dance,190,True,art-162,日本舞踊,Nihon buyo (Japanese classical dance),小学 体育・高校 芸術・大学教養,2,50,check,,True
art,芸術,Art,29学問,True,art-field-19,舞踊,Dance,190,True,art-163,民族舞踊,Folk dance,小学 体育・高校 芸術・大学教養,2,60,check,,True
art,芸術,Art,29学問,True,art-field-20,建築芸術,Architecture as Art,200,True,art-164,建築と芸術,Architecture and art,高校 美術・大学教養,2,10,check,,True
art,芸術,Art,29学問,True,art-field-20,建築芸術,Architecture as Art,200,True,art-165,古典建築,Classical architecture,高校 美術・大学教養,2,20,check,,True
art,芸術,Art,29学問,True,art-field-20,建築芸術,Architecture as Art,200,True,art-166,ゴシック,Gothic,高校 美術・大学教養,2,30,check,,True
art,芸術,Art,29学問,True,art-field-20,建築芸術,Architecture as Art,200,True,art-167,ルネサンス建築,Renaissance architecture,高校 美術・大学教養,2,40,check,,True
art,芸術,Art,29学問,True,art-field-20,建築芸術,Architecture as Art,200,True,art-168,モダニズム建築,Modernist architecture,高校 美術・大学教養,2,50,check,,True
art,芸術,Art,29学問,True,art-field-20,建築芸術,Architecture as Art,200,True,art-169,現代建築,Contemporary architecture,高校 美術・大学教養,2,60,check,,True
art,芸術,Art,29学問,True,art-field-21,デザインと芸術,Design and Art,210,True,art-170,グラフィックデザイン,Graphic design,中学 美術・高校 美術・工芸,2,10,check,,True
art,芸術,Art,29学問,True,art-field-21,デザインと芸術,Design and Art,210,True,art-171,プロダクトデザイン,Product design,中学 美術・高校 美術・工芸,2,20,check,,True
art,芸術,Art,29学問,True,art-field-21,デザインと芸術,Design and Art,210,True,art-172,ファッション,Fashion,中学 美術・高校 美術・工芸,2,30,check,,True
art,芸術,Art,29学問,True,art-field-21,デザインと芸術,Design and Art,210,True,art-173,ポスター,Posters,中学 美術・高校 美術・工芸,2,40,check,,True
art,芸術,Art,29学問,True,art-field-21,デザインと芸術,Design and Art,210,True,art-174,タイポグラフィ,Typography,中学 美術・高校 美術・工芸,2,50,check,,True
art,芸術,Art,29学問,True,art-field-22,現代芸術,Contemporary Art,220,True,art-175,コンセプチュアルアート,Conceptual art,高校 美術・大学教養,2,10,check,,True
art,芸術,Art,29学問,True,art-field-22,現代芸術,Contemporary Art,220,True,art-176,パフォーマンスアート,Performance art,高校 美術・大学教養,2,20,check,,True
art,芸術,Art,29学問,True,art-field-22,現代芸術,Contemporary Art,220,True,art-177,メディアアート,Media art,高校 美術・大学教養,2,30,check,,True
art,芸術,Art,29学問,True,art-field-22,現代芸術,Contemporary Art,220,True,art-178,デジタルアート,Digital art,高校 美術・大学教養,2,40,check,,True
art,芸術,Art,29学問,True,art-field-22,現代芸術,Contemporary Art,220,True,art-179,ストリートアート,Street art,高校 美術・大学教養,2,50,check,,True
art,芸術,Art,29学問,True,art-field-22,現代芸術,Contemporary Art,220,True,art-180,参加型芸術,Participatory art,高校 美術・大学教養,2,60,check,,True
art,芸術,Art,29学問,True,art-field-23,美学・批評,Aesthetics and Criticism,230,True,art-181,美とは何か,What is beauty?,高校 倫理・芸術・大学教養,2,10,check,,True
art,芸術,Art,29学問,True,art-field-23,美学・批評,Aesthetics and Criticism,230,True,art-182,崇高,The sublime,高校 倫理・芸術・大学教養,2,20,check,,True
art,芸術,Art,29学問,True,art-field-23,美学・批評,Aesthetics and Criticism,230,True,art-183,趣味判断,Judgment of taste,高校 倫理・芸術・大学教養,2,30,check,,True
art,芸術,Art,29学問,True,art-field-23,美学・批評,Aesthetics and Criticism,230,True,art-184,芸術作品の意味,Meaning of artworks,高校 倫理・芸術・大学教養,2,40,check,,True
art,芸術,Art,29学問,True,art-field-23,美学・批評,Aesthetics and Criticism,230,True,art-185,形式主義,Formalism,高校 倫理・芸術・大学教養,2,50,check,,True
art,芸術,Art,29学問,True,art-field-23,美学・批評,Aesthetics and Criticism,230,True,art-186,芸術理論としての表現主義,Expressionism as a theory of art,高校 倫理・芸術・大学教養,2,60,check,,True
art,芸術,Art,29学問,True,art-field-23,美学・批評,Aesthetics and Criticism,230,True,art-187,制度的芸術論,Institutional theory of art,高校 倫理・芸術・大学教養,2,70,check,,True
art,芸術,Art,29学問,True,art-field-23,美学・批評,Aesthetics and Criticism,230,True,art-188,芸術批評,Art criticism,高校 倫理・芸術・大学教養,2,80,check,,True
art,芸術,Art,29学問,True,art-field-24,芸術と社会,Art and Society,240,True,art-189,芸術と宗教,Art and religion,高校 芸術・公共・大学教養,2,10,check,,True
art,芸術,Art,29学問,True,art-field-24,芸術と社会,Art and Society,240,True,art-190,芸術と権力,Art and power,高校 芸術・公共・大学教養,2,20,check,,True
art,芸術,Art,29学問,True,art-field-24,芸術と社会,Art and Society,240,True,art-191,芸術と市場,Art and the market,高校 芸術・公共・大学教養,2,30,check,,True
art,芸術,Art,29学問,True,art-field-24,芸術と社会,Art and Society,240,True,art-192,美術館,Art museums,高校 芸術・公共・大学教養,2,40,check,,True
art,芸術,Art,29学問,True,art-field-24,芸術と社会,Art and Society,240,True,art-193,博物館,Museums,高校 芸術・公共・大学教養,2,50,check,,True
art,芸術,Art,29学問,True,art-field-24,芸術と社会,Art and Society,240,True,art-194,著作権,Copyright,高校 芸術・公共・大学教養,2,60,check,,True
art,芸術,Art,29学問,True,art-field-24,芸術と社会,Art and Society,240,True,art-195,文化政策,Cultural policy,高校 芸術・公共・大学教養,2,70,check,,True
art,芸術,Art,29学問,True,art-field-24,芸術と社会,Art and Society,240,True,art-196,文化遺産,Cultural heritage,高校 芸術・公共・大学教養,2,80,check,,True
art,芸術,Art,29学問,True,art-field-24,芸術と社会,Art and Society,240,True,art-197,芸術とテクノロジー,Art and technology,高校 芸術・公共・大学教養,2,90,check,,True
english,英語,English,,True,english-toeic,TOEIC L&R,TOEIC L&R,10,True,english-toeic-400,400点以上,400+ points,,2,10,check,,True
english,英語,English,,True,english-toeic,TOEIC L&R,TOEIC L&R,10,True,english-toeic-450,450点以上,450+ points,,2,20,check,,True
english,英語,English,,True,english-toeic,TOEIC L&R,TOEIC L&R,10,True,english-toeic-500,500点以上,500+ points,,2,30,check,,True
english,英語,English,,True,english-toeic,TOEIC L&R,TOEIC L&R,10,True,english-toeic-550,550点以上,550+ points,,2,40,check,,True
english,英語,English,,True,english-toeic,TOEIC L&R,TOEIC L&R,10,True,english-toeic-600,600点以上,600+ points,,2,50,check,,True
english,英語,English,,True,english-toeic,TOEIC L&R,TOEIC L&R,10,True,english-toeic-650,650点以上,650+ points,,2,60,check,,True
english,英語,English,,True,english-toeic,TOEIC L&R,TOEIC L&R,10,True,english-toeic-700,700点以上,700+ points,,2,70,check,,True
english,英語,English,,True,english-toeic,TOEIC L&R,TOEIC L&R,10,True,english-toeic-750,750点以上,750+ points,,2,80,check,,True
english,英語,English,,True,english-toeic,TOEIC L&R,TOEIC L&R,10,True,english-toeic-800,800点以上,800+ points,,2,90,check,,True
english,英語,English,,True,english-toeic,TOEIC L&R,TOEIC L&R,10,True,english-toeic-850,850点以上,850+ points,,2,100,check,,True
english,英語,English,,True,english-toeic,TOEIC L&R,TOEIC L&R,10,True,english-toeic-900,900点以上,900+ points,,2,110,check,,True
english,英語,English,,True,english-toeic,TOEIC L&R,TOEIC L&R,10,True,english-toeic-950,950点以上,950+ points,,2,120,check,,True
english,英語,English,,True,english-toeic,TOEIC L&R,TOEIC L&R,10,True,english-toeic-990,990点,990 points,,2,130,check,,True
english,英語,English,,True,english-eiken,英検,Eiken,20,True,english-eiken-3,3級,Grade 3,,2,10,check,,True
english,英語,English,,True,english-eiken,英検,Eiken,20,True,english-eiken-pre2,準2級,Grade Pre-2,,2,20,check,,True
english,英語,English,,True,english-eiken,英検,Eiken,20,True,english-eiken-2,2級,Grade 2,,2,30,check,,True
english,英語,English,,True,english-eiken,英検,Eiken,20,True,english-eiken-pre1,準1級,Grade Pre-1,,2,40,check,,True
english,英語,English,,True,english-eiken,英検,Eiken,20,True,english-eiken-1,1級,Grade 1,,2,50,check,,True
english,英語,English,,True,english-toefl,TOEFL iBT,TOEFL iBT,30,True,english-toefl-60,60点以上,60+ points,,2,10,check,,True
english,英語,English,,True,english-toefl,TOEFL iBT,TOEFL iBT,30,True,english-toefl-70,70点以上,70+ points,,2,20,check,,True
english,英語,English,,True,english-toefl,TOEFL iBT,TOEFL iBT,30,True,english-toefl-80,80点以上,80+ points,,2,30,check,,True
english,英語,English,,True,english-toefl,TOEFL iBT,TOEFL iBT,30,True,english-toefl-90,90点以上,90+ points,,2,40,check,,True
english,英語,English,,True,english-toefl,TOEFL iBT,TOEFL iBT,30,True,english-toefl-100,100点以上,100+ points,,2,50,check,,True
english,英語,English,,True,english-toefl,TOEFL iBT,TOEFL iBT,30,True,english-toefl-110,110点以上,110+ points,,2,60,check,,True
english,英語,English,,True,english-ielts,IELTS,IELTS,40,True,english-ielts-50,5.0以上,5.0+,,2,10,check,,True
english,英語,English,,True,english-ielts,IELTS,IELTS,40,True,english-ielts-55,5.5以上,5.5+,,2,20,check,,True
english,英語,English,,True,english-ielts,IELTS,IELTS,40,True,english-ielts-60,6.0以上,6.0+,,2,30,check,,True
english,英語,English,,True,english-ielts,IELTS,IELTS,40,True,english-ielts-65,6.5以上,6.5+,,2,40,check,,True
english,英語,English,,True,english-ielts,IELTS,IELTS,40,True,english-ielts-70,7.0以上,7.0+,,2,50,check,,True
english,英語,English,,True,english-ielts,IELTS,IELTS,40,True,english-ielts-75,7.5以上,7.5+,,2,60,check,,True
english,英語,English,,True,english-ielts,IELTS,IELTS,40,True,english-ielts-80,8.0以上,8.0+,,2,70,check,,True
strength,筋力,Strength,,True,strength-bench,ベンチプレス,Bench Press,10,True,strength-bench-40,40kg × 1回,40kg × 1 rep,,2,10,check,,True
strength,筋力,Strength,,True,strength-bench,ベンチプレス,Bench Press,10,True,strength-bench-60,60kg × 1回,60kg × 1 rep,,2,20,check,,True
strength,筋力,Strength,,True,strength-bench,ベンチプレス,Bench Press,10,True,strength-bench-80,80kg × 1回,80kg × 1 rep,,2,30,check,,True
strength,筋力,Strength,,True,strength-bench,ベンチプレス,Bench Press,10,True,strength-bench-100,100kg × 1回,100kg × 1 rep,,2,40,check,,True
strength,筋力,Strength,,True,strength-bench,ベンチプレス,Bench Press,10,True,strength-bench-120,120kg × 1回,120kg × 1 rep,,2,50,check,,True
strength,筋力,Strength,,True,strength-bench,ベンチプレス,Bench Press,10,True,strength-bench-140,140kg × 1回,140kg × 1 rep,,2,60,check,,True
strength,筋力,Strength,,True,strength-squat,スクワット,Squat,20,True,strength-squat-60,60kg × 1回,60kg × 1 rep,,2,10,check,,True
strength,筋力,Strength,,True,strength-squat,スクワット,Squat,20,True,strength-squat-80,80kg × 1回,80kg × 1 rep,,2,20,check,,True
strength,筋力,Strength,,True,strength-squat,スクワット,Squat,20,True,strength-squat-100,100kg × 1回,100kg × 1 rep,,2,30,check,,True
strength,筋力,Strength,,True,strength-squat,スクワット,Squat,20,True,strength-squat-120,120kg × 1回,120kg × 1 rep,,2,40,check,,True
strength,筋力,Strength,,True,strength-squat,スクワット,Squat,20,True,strength-squat-140,140kg × 1回,140kg × 1 rep,,2,50,check,,True
strength,筋力,Strength,,True,strength-squat,スクワット,Squat,20,True,strength-squat-160,160kg × 1回,160kg × 1 rep,,2,60,check,,True
strength,筋力,Strength,,True,strength-squat,スクワット,Squat,20,True,strength-squat-180,180kg × 1回,180kg × 1 rep,,2,70,check,,True
strength,筋力,Strength,,True,strength-deadlift,デッドリフト,Deadlift,30,True,strength-deadlift-80,80kg × 1回,80kg × 1 rep,,2,10,check,,True
strength,筋力,Strength,,True,strength-deadlift,デッドリフト,Deadlift,30,True,strength-deadlift-100,100kg × 1回,100kg × 1 rep,,2,20,check,,True
strength,筋力,Strength,,True,strength-deadlift,デッドリフト,Deadlift,30,True,strength-deadlift-120,120kg × 1回,120kg × 1 rep,,2,30,check,,True
strength,筋力,Strength,,True,strength-deadlift,デッドリフト,Deadlift,30,True,strength-deadlift-140,140kg × 1回,140kg × 1 rep,,2,40,check,,True
strength,筋力,Strength,,True,strength-deadlift,デッドリフト,Deadlift,30,True,strength-deadlift-160,160kg × 1回,160kg × 1 rep,,2,50,check,,True
strength,筋力,Strength,,True,strength-deadlift,デッドリフト,Deadlift,30,True,strength-deadlift-180,180kg × 1回,180kg × 1 rep,,2,60,check,,True
strength,筋力,Strength,,True,strength-deadlift,デッドリフト,Deadlift,30,True,strength-deadlift-200,200kg × 1回,200kg × 1 rep,,2,70,check,,True
strength,筋力,Strength,,True,strength-pullup,懸垂,Pull-ups,40,True,strength-pullup-1,1回連続,1 rep,,2,10,check,,True
strength,筋力,Strength,,True,strength-pullup,懸垂,Pull-ups,40,True,strength-pullup-5,5回連続,5 in a row,,2,20,check,,True
strength,筋力,Strength,,True,strength-pullup,懸垂,Pull-ups,40,True,strength-pullup-10,10回連続,10 in a row,,2,30,check,,True
strength,筋力,Strength,,True,strength-pullup,懸垂,Pull-ups,40,True,strength-pullup-15,15回連続,15 in a row,,2,40,check,,True
strength,筋力,Strength,,True,strength-pullup,懸垂,Pull-ups,40,True,strength-pullup-20,20回連続,20 in a row,,2,50,check,,True
strength,筋力,Strength,,True,strength-pushup,腕立て伏せ,Push-ups,50,True,strength-pushup-10,10回連続,10 in a row,,2,10,check,,True
strength,筋力,Strength,,True,strength-pushup,腕立て伏せ,Push-ups,50,True,strength-pushup-30,30回連続,30 in a row,,2,20,check,,True
strength,筋力,Strength,,True,strength-pushup,腕立て伏せ,Push-ups,50,True,strength-pushup-50,50回連続,50 in a row,,2,30,check,,True
strength,筋力,Strength,,True,strength-pushup,腕立て伏せ,Push-ups,50,True,strength-pushup-100,100回連続,100 in a row,,2,40,check,,True
strength,筋力,Strength,,True,strength-grip,握力,Grip Strength,60,True,strength-grip-40,40kg,40kg,,2,10,check,,True
strength,筋力,Strength,,True,strength-grip,握力,Grip Strength,60,True,strength-grip-50,50kg,50kg,,2,20,check,,True
strength,筋力,Strength,,True,strength-grip,握力,Grip Strength,60,True,strength-grip-60,60kg,60kg,,2,30,check,,True
strength,筋力,Strength,,True,strength-grip,握力,Grip Strength,60,True,strength-grip-70,70kg,70kg,,2,40,check,,True
assets,資産,Assets,,True,assets-total,総資産,Total Assets,10,True,assets-total,総資産,Total assets,,2,10,number,万円,True
